src,tgt,arch,seed,K,e_raw,e_ts,d_obs_true,d_obs_json,d_pred_json,d_pred_enum,ece_sub_raw,ece_sub_sbpi,sh_s,sh_b,sh_pi,prev_l1,T,ood_acc
chapman,cpsc,inceptiontime,42,4,0.4086441776969215,0.44216538817197537,-0.03352121047505385,0.08063162216476821,0.39793919920690995,0.0332896049060295,0.4975405388453311,0.5308301437513606,0.010387371439140314,0.0,0.022902233466889188,0.6726827606248693,1.432226584951807,0.41711229946524064
chapman,cpsc,inceptiontime,43,4,0.3293825154549066,0.38107673653596574,-0.051694221081059144,0.05372522579921174,0.41746453237415443,0.03766953799953754,0.4136655472208124,0.45133508522034993,-0.01895735330198714,0.0,0.05662689130152468,0.6726827606248693,1.2633181192034328,0.4842002916869227
chapman,cpsc,inceptiontime,44,4,0.4059239742850933,0.4205821882652669,-0.014658213980173584,0.09984361908286032,0.380283024334991,-0.06104247640559712,0.48667018197379064,0.4256277055681935,-0.030458298952085985,0.0,-0.030584177453511132,0.6726827606248693,1.6118524192088628,0.42732134175984443
chapman,cpsc,inceptiontime,45,4,0.3709262429103146,0.4271465593973409,-0.0562203164870263,0.04623546572645176,0.33523312364830066,-0.02904808150684557,0.45785637419375624,0.4288082926869107,-0.016728432856438546,0.0,-0.01231964865040702,0.6726827606248693,1.2438574579845358,0.4122508507535245
chapman,cpsc,inceptiontime,46,4,0.41027631832664313,0.4397721109195537,-0.029495792592910575,0.0739524251735641,0.3971613429294416,-0.15177240141507348,0.48527302806332206,0.3335006266482486,-0.07635964806468895,0.0,-0.07541275335038453,0.6726827606248693,1.4799010609485748,0.436558094312105
chapman,cpsc,resnet1d,42,4,0.3642602715900238,0.3888260442826953,-0.024565772692671517,0.08514364302147964,0.3598140332710173,-0.14565744967505945,0.44323290825817385,0.2975754585831144,-0.0736324535265177,0.0,-0.07202499614854173,0.6726827606248693,1.536391908969336,0.47593582887700536
chapman,cpsc,resnet1d,43,4,0.3682531135489075,0.4334090359302534,-0.06515592238134588,0.04523990291104796,0.3290722416810421,-0.14471633707358533,0.4641486747959138,0.3194323377223285,-0.033826853238645704,0.0,-0.11088948383493963,0.6726827606248693,1.2230026173428343,0.4200291686922703
chapman,cpsc,resnet1d,44,4,0.36277941453207685,0.40568151974423045,-0.042902105212153596,0.05849128638768425,0.36031462476175824,-0.03881922764776574,0.44285704441075185,0.4040378167629861,-0.019059797937221096,0.0,-0.019759429710544646,0.6726827606248693,1.32363375510813,0.4681575109382596
chapman,cpsc,resnet1d,45,4,0.3822009342934938,0.4064193070514375,-0.024218372757943696,0.07765746002752827,0.3567141175387982,-0.1377017337472033,0.45393933187020197,0.3162375981229987,-0.06993464872422159,0.0,-0.0677670850229817,0.6726827606248693,1.5302072131829394,0.4720466699076325
chapman,cpsc,resnet1d,46,4,0.40440288771398447,0.4515766587776644,-0.047173771063679926,0.058983341413273105,0.3442517956233421,-0.14961600092377886,0.49116774951594516,0.3415517485921663,-0.07195319159910885,0.0,-0.07766280932467001,0.6726827606248693,1.3437981326004593,0.41614000972289744
chapman,ptbxl,inceptiontime,42,5,0.2662113383000727,0.3603421004410168,-0.09413076214094407,-0.00277748147869894,0.3273191757188401,-0.12285593500853925,0.3570833822118863,0.23422744720334704,0.004953092512563428,0.0,-0.12780902752110268,0.951524452629425,0.9843878285278691,0.4654696132596685
chapman,ptbxl,inceptiontime,43,5,0.2572063001946411,0.3552848008867785,-0.09807850069213742,0.008287933852170803,0.3645809859839877,-0.09472814037810123,0.3629534615419846,0.26822532116388337,-0.01278308715969928,0.0,-0.08194505321840195,0.951524452629425,1.0389052896119755,0.4894106813996317
chapman,ptbxl,inceptiontime,44,5,0.25976600278422757,0.3513535660576644,-0.09158756327343681,0.012419265684310232,0.353101677734372,-0.12382533530431922,0.3621269981779885,0.23830166287366927,-0.019131372817118603,0.0,-0.10469396248720061,0.951524452629425,1.0593890951682814,0.49263351749539597
chapman,ptbxl,inceptiontime,45,5,0.27748503459147544,0.36095957552695146,-0.08347454093547602,0.022496853658013793,0.3370625665355042,-0.12906283138568786,0.3788176453217837,0.24975481393609583,-0.02804492121576571,0.0,-0.10101791016992215,0.951524452629425,1.1039696491394246,0.4696132596685083
chapman,ptbxl,inceptiontime,46,5,0.25536680286046987,0.3447856799755966,-0.08941887711512675,0.0172523530994782,0.35104700605283834,-0.050034596631061024,0.35654615229390163,0.3065115556628406,-0.015701654029950635,0.0,-0.03433294260111039,0.951524452629425,1.074181147812797,0.5207182320441989
chapman,ptbxl,resnet1d,42,5,0.24607679970960372,0.3274231416415115,-0.08134634193190776,0.030552405016577244,0.3821537658676311,-0.07278709915896059,0.34565062632931753,0.27286352717035695,-0.025636846487863324,0.0,-0.047150252671097265,0.951524452629425,1.1246112144742808,0.5584714548802947
chapman,ptbxl,resnet1d,43,5,0.27630871200923757,0.34956875339177873,-0.07326004138254116,0.029396794195216014,0.38902330779526306,-0.0673213048607687,0.36524395481383165,0.29792264995306295,-0.019536080387353882,0.0,-0.04778522447341482,0.951524452629425,1.1279481087131698,0.5478821362799263
chapman,ptbxl,resnet1d,44,5,0.25865944148372333,0.34629764240475214,-0.08763820092102881,0.01684829323978637,0.3495263321496032,-0.10786672603315511,0.3568714047416798,0.24900467870852466,-0.013248740614069304,0.0,-0.09461798541908581,0.951524452629425,1.0684319939700566,0.5377532228360957
chapman,ptbxl,resnet1d,45,5,0.25615212697240747,0.37009499393554457,-0.1139428669631371,-0.0034527458516558918,0.39746960887783594,-0.06592465663786012,0.36773274827947494,0.3018080916416148,0.004250022900384981,0.0,-0.0701746795382451,0.951524452629425,0.9878828624250616,0.5041436464088398
chapman,ptbxl,resnet1d,46,5,0.24400115375360737,0.32894813550660185,-0.08494698175299448,0.014855942909421521,0.4016688363193764,0.0008128245155191172,0.3374410483224616,0.3382538728379807,-0.010494888458214724,0.0,0.011307712973733841,0.951524452629425,1.063524700627107,0.5621546961325967
cpsc,chapman,inceptiontime,42,4,0.0844072361541192,0.05195098210308758,0.03245625405103162,-0.06221443773794841,0.23446772463330767,-0.11112776789510496,0.1820121356382582,0.07088436774315321,-0.08999420951337009,0.0,-0.021133558381734873,0.6726827606248693,2.750045974462376,0.6361798888327438
cpsc,chapman,inceptiontime,43,4,0.14557546996118567,0.04490788981220589,0.10066758014897978,0.06901890310285075,0.20027220021839925,-0.17596976169688613,0.2594745457021801,0.08350478400529393,-0.17675703986591898,0.0,0.0007872781690328335,0.6726827606248693,2.8206852650068517,0.5712481051035877
cpsc,chapman,inceptiontime,44,4,0.0760218127771361,0.05013975062082366,0.02588206215631244,-0.07298332895512041,0.23220826737545777,-0.14847659874386498,0.18388193381169998,0.035405335067835005,-0.13691126636781048,0.0,-0.011565332376054518,0.6726827606248693,2.4961144294954902,0.639211723092471
cpsc,chapman,inceptiontime,45,4,0.18106810001636647,0.039686085691109874,0.1413820143252566,0.055065171519806735,0.2256935114486559,-0.1727633632441185,0.27641296076497507,0.10364959752085655,-0.15298847552893077,0.0,-0.019774887715187726,0.6726827606248693,3.4375648270228827,0.5826174835775644
cpsc,chapman,inceptiontime,46,4,0.1743857961462386,0.10615773052504233,0.06822806562119625,0.14802334243277887,0.178241504270283,-0.1638512481317035,0.2801703091912224,0.11631906105951888,-0.08239833859453467,0.0,-0.08145290953716883,0.6726827606248693,2.195875689458944,0.4615967660434563
cpsc,chapman,resnet1d,42,4,0.09084205437092062,0.05386451585477142,0.0369775385161492,-0.01179510782239257,0.2117095903363742,-0.12583178351527563,0.17384390163265015,0.04801211811737452,-0.06725011797483027,0.0,-0.05858166554044535,0.6726827606248693,2.060572895694346,0.5909550277918141
cpsc,chapman,resnet1d,43,4,0.1607136018593062,0.05877335596982129,0.1019402458894849,0.06385484893163369,0.24850674977122422,-0.2008705806914037,0.25259346557482737,0.05172288488342363,-0.16665405588542107,0.0,-0.03421652480598264,0.6726827606248693,2.551371826992733,0.6356745831227892
cpsc,chapman,resnet1d,44,4,0.17790736106684135,0.0189919347953411,0.15891542627150024,0.10551555111313461,0.18506444276726308,-0.15796988366436954,0.2893138036184566,0.13134391995408704,-0.13957296204611283,0.0,-0.01839692161825672,0.6726827606248693,3.129229593252759,0.5366346639717029
cpsc,chapman,resnet1d,45,4,0.09094617256406219,0.05482088717593876,0.03612528538812343,-0.09748591559662302,0.2297416567191356,-0.10551147070488714,0.19232230572883624,0.0868108350239491,-0.08260980829598633,0.0,-0.022901662408900812,0.6726827606248693,2.7420855896660727,0.6748357756442648
cpsc,chapman,resnet1d,46,4,0.14965762916299177,0.07162739624122949,0.07803023292176228,0.014310782067320171,0.23536381646030413,-0.13847441670658878,0.2411846930613838,0.10271027635479502,-0.11029651075147642,0.0,-0.028177905955112353,0.6726827606248693,3.1824909238724364,0.6328954017180394
cpsc,ptbxl,inceptiontime,42,4,0.33806096910024586,0.20514724430329398,0.13291372479695188,0.2151241192817212,0.15768413108911233,-0.40134114259324927,0.44668962213228336,0.04534847953903404,-0.23067243510631752,0.0,-0.17066870748693178,0.8633162418249696,2.750045974462376,0.30518867924528303
cpsc,ptbxl,inceptiontime,43,4,0.45647799187111404,0.3096247662069663,0.14685322566414777,0.23971200110210308,0.16192049227892802,-0.49062682453991996,0.5759275556032387,0.08530073106331869,-0.330045421645366,0.0,-0.16058140289455397,0.8633162418249696,2.8206852650068517,0.22028301886792453
cpsc,ptbxl,inceptiontime,44,4,0.4181391693511099,0.25317937280490715,0.16495979654620274,0.26092966887222757,0.16155844748964743,-0.4664961398026328,0.5255871306050498,0.059090990802416934,-0.3152815269466945,0.0,-0.15121461285593837,0.8633162418249696,3.045573315474582,0.30235849056603775
cpsc,ptbxl,inceptiontime,45,4,0.42676428550819184,0.25069288036452153,0.1760714051436703,0.2632781615343048,0.15108627162365013,-0.47885830132708024,0.5430737579346827,0.06421545660760242,-0.3203342541991182,0.0,-0.15852404712796203,0.8633162418249696,3.1687513716229683,0.25613207547169814
cpsc,ptbxl,inceptiontime,46,4,0.2973450913744153,0.1569196951698582,0.14042539620455707,0.2193925140159097,0.14027576419539017,-0.3787360505610794,0.41028425811596636,0.031548207554886964,-0.2550883999072624,0.0,-0.12364765065381697,0.8633162418249696,2.7373160485948738,0.3613207547169811
cpsc,ptbxl,resnet1d,42,4,0.41831645770174153,0.27062282137713345,0.14769363632460808,0.25844551257609716,0.15309271314088513,-0.46989802787011586,0.5318358060323967,0.0619377781622808,-0.2979126388591681,0.0,-0.1719853890109478,0.8633162418249696,2.735391419860299,0.29150943396226414
cpsc,ptbxl,resnet1d,43,4,0.39802845335512793,0.2712158951275753,0.1268125582275526,0.22561141381183952,0.18660219486704277,-0.45389639520481856,0.51228108625367,0.058384691048851384,-0.27141761093210215,0.0,-0.1824787842727164,0.8633162418249696,2.5512128896851194,0.27735849056603773
cpsc,ptbxl,resnet1d,44,4,0.41102087029589796,0.21529079218799216,0.1957300781079058,0.2900435380413028,0.16234884176823544,-0.431949347187492,0.5318037073848383,0.09985436019734632,-0.3133936489093567,0.0,-0.11855569827813528,0.8633162418249696,3.2499059272046495,0.29952830188679247
cpsc,ptbxl,resnet1d,45,4,0.36967888941180027,0.19621202256881964,0.17346686684298063,0.27145276081683745,0.16858484744090485,-0.410818123825891,0.4810841356948862,0.07026601186899516,-0.29097517545716384,0.0,-0.11984294836872719,0.8633162418249696,3.1243148338207676,0.3433962264150943
cpsc,ptbxl,resnet1d,46,4,0.4501823925887639,0.24537423442838327,0.20480815816038064,0.29863610668688767,0.12598726002551736,-0.49159550224048953,0.5503712849094058,0.05877578266891631,-0.33638272813553527,0.0,-0.15521277410495424,0.8633162418249696,3.517784721833407,0.2952830188679245
ptbxl,chapman,inceptiontime,42,5,0.12112495916861077,0.20281619904953757,-0.0816912398809268,0.030625349391622772,0.44886086808540676,-0.09776841027559818,0.22500547828497708,0.1272370680093789,-0.023877680041565597,0.0,-0.07389073023403259,0.951524452629425,1.137414233816701,0.6474074074074074
ptbxl,chapman,inceptiontime,43,5,0.16022377968570334,0.24892535262637666,-0.08870157294067332,0.022405520310099236,0.44736202949317555,-0.13296368172000922,0.26731201514785674,0.13434833342784752,-0.01917182377980385,0.0,-0.11379185794020535,0.951524452629425,1.1058476761558191,0.6014814814814815
ptbxl,chapman,inceptiontime,44,5,0.18221751586890514,0.2785549719098174,-0.09633745604091223,0.019701951814679042,0.42912147447216137,-0.16864461404362174,0.29231728458110195,0.1236726705374802,-0.015500331633405298,0.0,-0.15314428241021644,0.951524452629425,1.0737596178986828,0.5592592592592592
ptbxl,chapman,inceptiontime,45,5,0.12773633481543745,0.2203422317239973,-0.09260589690855986,0.022236273963223765,0.4415273421125825,-0.1172667899710339,0.23759093823992178,0.12032414826888789,-0.018122439976566172,0.0,-0.09914434999446772,0.951524452629425,1.0935977150684193,0.6130864197530864
ptbxl,chapman,inceptiontime,46,5,0.16175915666568427,0.28190281195405087,-0.1201436552883666,-0.002658034162162398,0.38461750314413123,-0.16283919063608557,0.2795462697155682,0.1167070790794826,0.003129744164301562,0.0,-0.16596893480038713,0.951524452629425,0.9896139822060166,0.4982716049382716
ptbxl,chapman,mamba,42,5,0.08194821707260458,0.2543850369659471,-0.17243681989334253,-0.09198903693290163,-0.02956263785120196,-0.004514267768317773,0.12696890062020147,0.12245463285188371,0.08458400136082221,0.0,-0.08909826912913998,0.951524452629425,0.6056905696123951,0.24123456790123457
ptbxl,chapman,mamba,43,5,0.03713749561780765,0.19358880918702964,-0.15645131356922198,-0.09381972938306911,-0.017441276299405964,0.0611197522507192,0.06784277627497541,0.12896252852569462,0.08397881615583531,0.0,-0.022859063905116113,0.951524452629425,0.5230027874118076,0.25876543209876546
ptbxl,chapman,resnet1d,42,5,0.10770423967161294,0.1900640066832672,-0.08235976701165426,0.024036271628803854,0.46104673090223874,-0.11090312951289816,0.2057936046079353,0.09489047509503713,-0.015331186259942653,0.0,-0.09557194325295551,0.951524452629425,1.108266135223491,0.6735802469135802
ptbxl,chapman,resnet1d,43,5,0.13159173642411645,0.19878915209093206,-0.06719741566681561,0.03658587224143067,0.4763801474306993,-0.11896343452319941,0.2247578979715889,0.1057944634483895,-0.027289582153881355,0.0,-0.09167385236931805,0.951524452629425,1.1905984840602915,0.6730864197530865
ptbxl,chapman,resnet1d,44,5,0.1422944752301699,0.22795174956321718,-0.08565727433304729,0.024331559013488935,0.48903499358695596,-0.12369590837610678,0.24194216716436695,0.11824625878826017,-0.016061473721662084,0.0,-0.1076344346544447,0.951524452629425,1.1033856277718945,0.6516049382716049
ptbxl,chapman,resnet1d,45,5,0.15201296519350121,0.23820813390207884,-0.08619516870857763,0.024880350972776064,0.4611180603989281,-0.13895436503733344,0.25442901967484277,0.1154746546375093,-0.018680708360338638,0.0,-0.12027365667699481,0.951524452629425,1.1074875816050354,0.6212345679012345
ptbxl,chapman,resnet1d,46,5,0.12740002251701593,0.19830509981991334,-0.07090507730289741,0.027200817120058826,0.46246573596495244,-0.11875758189004806,0.22191882154087963,0.10316123965083157,-0.023855797933237652,0.0,-0.09490178395681041,0.951524452629425,1.1729085939085804,0.6651851851851852
ptbxl,cpsc,inceptiontime,42,4,0.3991465923794277,0.19072277075350721,0.20842382162592046,0.3150123582727276,0.24088641541703198,-0.3879328588450356,0.4953428408041357,0.10740998195910012,-0.320850386835829,0.0,-0.06708247200920661,0.8633162418249696,3.6532550928813423,0.3621779290228488
ptbxl,cpsc,inceptiontime,43,4,0.38490559294725657,0.23257814465823193,0.15232744828902464,0.2721557951225187,0.24999758490123536,-0.3772230523190597,0.484872268888634,0.10764921656957423,-0.28097548553070306,0.0,-0.09624756678835669,0.8633162418249696,2.8846798668035714,0.3864851725814293
ptbxl,cpsc,inceptiontime,44,4,0.37858644297358246,0.17462682061886173,0.20395962235472073,0.30268477637678404,0.26639799219065285,-0.39270366214588937,0.4773705963608589,0.08466693421496956,-0.3176379334212214,0.0,-0.07506572872466796,0.8633162418249696,3.526470098559992,0.39231891103548855
ptbxl,cpsc,inceptiontime,45,4,0.3075282487060239,0.1327112283472535,0.17481702035877042,0.2036292524677354,0.2575552867810457,-0.2734482207383015,0.41469970138315215,0.14125148064485066,-0.2450262936050999,0.0,-0.028421927133201616,0.8633162418249696,3.409270199987507,0.43412736995624696
ptbxl,cpsc,inceptiontime,46,4,0.35871202454847445,0.2834865880000922,0.07522543654838226,0.2034191224129627,0.2301633952386431,-0.34735557410162715,0.47124273247028015,0.123887158368653,-0.22637651566646297,0.0,-0.12097905843516418,0.8633162418249696,2.1212845806536547,0.3578026251823043
ptbxl,cpsc,resnet1d,42,4,0.37340564933806064,0.2612105328797947,0.11219511645826596,0.23629048052177465,0.21359057283795357,-0.30376899030886445,0.47832899862664036,0.17456000831777593,-0.2314317084335904,0.0,-0.07233728187527404,0.8633162418249696,2.5291222453830655,0.351968886728245
ptbxl,cpsc,resnet1d,43,4,0.3546513300470548,0.2224293063581714,0.1322220236888834,0.23588929575962264,0.2563221453494291,-0.3589181470602206,0.47190767200641043,0.11298952494618972,-0.267980747968386,0.0,-0.09093739909183463,0.8633162418249696,2.5150607489279846,0.383082158483228
ptbxl,cpsc,resnet1d,44,4,0.44775625389643414,0.20180044009897624,0.2459558137974579,0.3643593463518973,0.2544595959084755,-0.3740156199546384,0.5197924320478722,0.14577681209323373,-0.3298674371947323,0.0,-0.04414818275990609,0.8633162418249696,4.439638313607378,0.39961108410306273
ptbxl,cpsc,resnet1d,45,4,0.33308224415512533,0.10238849664696456,0.23069374750816077,0.25540027500567986,0.27091172686530046,-0.3376602963110073,0.4340939880518527,0.09643369174084535,-0.31352853152393495,0.0,-0.02413176478707235,0.8633162418249696,3.9746045511771806,0.4312105007292173
ptbxl,cpsc,resnet1d,46,4,0.3606411448716538,0.28492156446240857,0.0757195804092452,0.2126714573414362,0.26414459089233183,-0.2998869923594122,0.4620241273880933,0.1621371350286811,-0.21221496531462147,0.0,-0.08767202704479071,0.8633162418249696,2.1718877127471963,0.3889158969372873
