src,tgt,arch,seed,K,T,s_hat_cal,b_hat_cal,s_true_ood,b_true_ood,pi_l1,d_obs,e_raw,e_ts,ood_acc,id_acc,dT_from_true,err_s
chapman,cpsc,inceptiontime,42,4,1.432226584951807,1.049571704228512,0.22444235311311303,2.130628527105987,3.0612378173761234,0.6731880663348238,0.08369531088965343,0.4086441776969215,0.3249488668072681,0.41711229946524064,0.8332491157150076,-1.130628527105987,-1.081056822877475
chapman,cpsc,inceptiontime,43,4,1.2633181192034328,1.1028996590373474,0.034282849735483595,2.091593921410178,2.1956530147657065,0.6731880663348238,0.054928455750685334,0.3293825154549066,0.27445405970422126,0.4842002916869227,0.8312278928751895,-1.091593921410178,-0.9886942623728305
chapman,cpsc,inceptiontime,44,4,1.6118524192088628,0.9120024318044804,0.5730216042269569,1.7021576597871322,2.878346773758063,0.6731880663348238,0.10419338434619668,0.4059239742850933,0.3017305899388966,0.42732134175984443,0.8484082870136432,-0.7021576597871322,-0.7901552279826518
chapman,cpsc,inceptiontime,45,4,1.2438574579845358,0.8947676879499653,0.16750961316508992,1.7714793644742652,2.538138494551006,0.6731880663348238,0.04663967560254911,0.3709262429103146,0.3242865673077655,0.4122508507535245,0.8489135927235978,-0.7714793644742652,-0.8767116765242999
chapman,cpsc,inceptiontime,46,4,1.4799010609485748,0.9301546743831195,0.37540065596999483,1.7274310523295286,3.00522093225095,0.6731880663348238,0.07627140411336086,0.41027631832664313,0.33400491421328227,0.436558094312105,0.875189489641233,-0.7274310523295286,-0.7972763779464092
chapman,cpsc,resnet1d,42,4,1.536391908969336,0.9337922075834487,0.5267600718214366,1.5201483064682442,2.478046302305978,0.6731880663348238,0.08913574524971235,0.3642602715900238,0.2751245263403114,0.47593582887700536,0.8741788782213239,-0.5201483064682442,-0.5863560988847955
chapman,cpsc,resnet1d,43,4,1.2230026173428343,0.8885178900497829,0.2957122165425474,1.3773926224375765,2.278533938363055,0.6731880663348238,0.04570848913592723,0.3682531135489075,0.32254462441298026,0.4200291686922703,0.8665992925720061,-0.37739262243757654,-0.48887473238779366
chapman,cpsc,resnet1d,44,4,1.32363375510813,1.0809088995788279,0.18546760639746232,1.695849209278969,2.5934945201620385,0.6731880663348238,0.06056163675937554,0.36277941453207685,0.3022177777727013,0.4681575109382596,0.8630621526023244,-0.695849209278969,-0.6149403097001411
chapman,cpsc,resnet1d,45,4,1.5302072131829394,1.1240294732483882,0.2990187040703905,1.737589829896904,2.863881668142549,0.6731880663348238,0.07890143057099253,0.3822009342934938,0.30329950372250125,0.4720466699076325,0.8731682668014149,-0.7375898298969039,-0.6135603566485157
chapman,cpsc,resnet1d,46,4,1.3437981326004593,0.8510355851522298,0.39850785017907203,1.575656325339589,2.77954701431496,0.6731880663348238,0.05860921224487403,0.40440288771398447,0.34579367546911044,0.41614000972289744,0.8767054067710965,-0.575656325339589,-0.7246207401873592
cpsc,chapman,inceptiontime,42,4,2.750045974462376,1.7034226713508822,1.072330552868732,1.0200306074245222,0.4745910657616365,0.6718543735513052,-0.08124748416801751,0.0844072361541192,0.1656547203221367,0.6361798888327438,0.5258033106134372,-0.02003060742452223,0.68339206392636
cpsc,chapman,inceptiontime,43,4,2.8206852650068517,1.2761638217111146,1.1911389432292692,1.1211238713201772,0.7134920520991266,0.6718543735513052,0.03456009534184626,0.14557546996118567,0.11101537461933941,0.5712481051035877,0.5043816942551119,-0.12112387132017721,0.15503995039093743
cpsc,chapman,inceptiontime,44,4,2.4961144294954902,1.2848576535638903,0.9923770214257396,0.9915378856608067,0.41539177522697357,0.6718543735513052,-0.08176738935180156,0.0760218127771361,0.15778920212893766,0.639211723092471,0.5150925024342746,0.008462114339193305,0.29331976790308356
cpsc,chapman,inceptiontime,45,4,3.4375648270228827,2.0521096522285793,1.6575172682307482,1.375288481066861,0.9609426313614792,0.6718543735513052,0.05347922128011928,0.18106810001636647,0.1275888787362472,0.5826174835775644,0.4800389483933788,-0.3752884810668611,0.6768211711617182
cpsc,chapman,inceptiontime,46,4,2.195875689458944,3.878378623890028,1.5424498418545143,1.3378532095433253,0.8996239672919356,0.6718543735513052,0.12023138413110049,0.1743857961462386,0.054154412015138105,0.4615967660434563,0.4488802336903603,-0.3378532095433253,2.540525414346703
cpsc,chapman,resnet1d,42,4,2.060572895694346,1.0745778594309296,0.886238866893684,0.9445136082532579,0.38290844498429877,0.6718543735513052,-0.02157276836002829,0.09084205437092062,0.11241482273094891,0.5909550277918141,0.5082765335929893,0.05548639174674208,0.13006425117767173
cpsc,chapman,resnet1d,43,4,2.551371826992733,1.0736135670724207,1.5858661129385456,1.395370971609638,0.8551657428482631,0.6718543735513052,0.058762907909012535,0.1607136018593062,0.10195069395029366,0.6356745831227892,0.5111976630963972,-0.3953709716096381,-0.32175740453721735
cpsc,chapman,resnet1d,44,4,3.129229593252759,3.2985367905825345,1.8066989698988065,1.4980290916341787,0.8369977753168373,0.6718543735513052,0.07819518558874153,0.17790736106684135,0.09971217547809982,0.5366346639717029,0.45180136319376824,-0.49802909163417874,1.8005076989483557
cpsc,chapman,resnet1d,45,4,2.7420855896660727,1.4598562294852344,1.374236011603617,1.209878612281092,0.4215906003801888,0.6718543735513052,-0.08890300025320098,0.09094617256406219,0.17984917281726318,0.6748357756442648,0.501460564751704,-0.20987861228109206,0.24997761720414235
cpsc,chapman,resnet1d,46,4,3.1824909238724364,2.545528666921743,1.5712150423726738,1.0440366057783097,0.9039203011967522,0.6718543735513052,-0.007582193440697854,0.14965762916299177,0.15723982260368963,0.6328954017180394,0.49659201557935734,-0.0440366057783097,1.5014920611434335
chapman,ptbxl,inceptiontime,42,5,0.9843878285278691,1.0922693927715377,-0.07609310081465268,-6.042231266030736,0.5277155825670454,0.9515244526294251,-0.0018959534858714044,0.2662113383000727,0.2681072917859441,0.4654696132596685,0.817283950617284,7.042231266030736,7.134500658802274
chapman,ptbxl,inceptiontime,43,5,1.0389052896119755,1.0975089355777063,0.03800485371547407,-7.662686578529862,1.185380035595495,0.9515244526294251,0.010601623923019304,0.2572063001946411,0.24660467627162178,0.4894106813996317,0.8251851851851851,8.662686578529861,8.760195514107568
chapman,ptbxl,inceptiontime,44,5,1.0593890951682814,1.1545611486871123,-0.10384175723229012,-10.103811917384062,1.2793303150011013,0.9515244526294251,0.014951618253084192,0.25976600278422757,0.24481438453114338,0.49263351749539597,0.8444444444444444,11.103811917384062,11.258373066071174
chapman,ptbxl,inceptiontime,45,5,1.1039696491394246,1.007659225137088,0.03683747755705225,-6.47615891793581,0.7096307733694488,0.9515244526294251,0.025050004666906656,0.27748503459147544,0.2524350299245688,0.4696132596685083,0.8390123456790124,7.47615891793581,7.483818143072898
chapman,ptbxl,inceptiontime,46,5,1.074181147812797,1.0610641716212563,0.0389330949063332,-13.778426970140556,3.04162317108545,0.9515244526294251,0.015030207023554315,0.25536680286046987,0.24033659583691555,0.5207182320441989,0.8548148148148148,14.778426970140556,14.839491141761812
chapman,ptbxl,resnet1d,42,5,1.1246112144742808,1.1675323925446943,-0.017924969235850012,87.59251292774125,-18.633260493261886,0.9515244526294251,0.030116942658485635,0.24607679970960372,0.2159598570511181,0.5584714548802947,0.8745679012345678,-86.59251292774125,-86.42498053519655
chapman,ptbxl,resnet1d,43,5,1.1279481087131698,1.1909189241943254,-0.009539991303413736,7.409509679798179,0.7373560953969118,0.9515244526294251,0.028254270520797597,0.27630871200923757,0.24805444148843997,0.5478821362799263,0.8859259259259259,-6.409509679798179,-6.218590755603854
chapman,ptbxl,resnet1d,44,5,1.0684319939700566,1.1035863860999087,0.037124237756798226,5.173598682562273,1.126738839825387,0.9515244526294251,0.016812273455430043,0.25865944148372333,0.24184716802829329,0.5377532228360957,0.8839506172839506,-4.173598682562273,-4.070012296462364
chapman,ptbxl,resnet1d,45,5,0.9878828624250616,0.9301980454521658,0.13669834468474915,-18.45159765513859,1.8416164483570148,0.9515244526294251,-0.003457056496640465,0.25615212697240747,0.25960918346904793,0.5041436464088398,0.8251851851851851,19.45159765513859,19.381795700590754
chapman,ptbxl,resnet1d,46,5,1.063524700627107,1.0949267908398475,-0.0051455200173667354,35.84177752113212,-6.99776252023199,0.9515244526294251,0.014581876013636419,0.24400115375360737,0.22941927773997095,0.5621546961325967,0.8720987654320987,-34.84177752113212,-34.74685073029227
ptbxl,chapman,inceptiontime,42,5,1.137414233816701,1.1195488527216109,0.2609005291958718,3.238137373348446,-0.5498883441560579,0.9542237325369856,0.02929281632363609,0.12112495916861077,0.09183214284497468,0.6474074074074074,0.7020389249304912,-2.238137373348446,-2.118588520626835
ptbxl,chapman,inceptiontime,43,5,1.1058476761558191,1.1780930885338223,0.10217647675061733,-63.16073769045738,27.42062373358751,0.9542237325369856,0.02714606921980528,0.16022377968570334,0.13307771046589806,0.6014814814814815,0.7145505097312326,64.16073769045738,64.33883077899121
ptbxl,chapman,inceptiontime,44,5,1.0737596178986828,1.1025551043587334,0.18085992780814486,3.54896056709324,0.4004811616442621,0.9542237325369856,0.021080753025173565,0.18221751586890514,0.16113676284373157,0.5592592592592592,0.7089898053753475,-2.54896056709324,-2.4464054627345067
ptbxl,chapman,inceptiontime,45,5,1.0935977150684193,1.2490372664374048,-0.021073072138259232,3.8158716669951516,-0.5041684052345882,0.9542237325369856,0.02460358464941717,0.12773633481543745,0.10313275016602028,0.6130864197530864,0.7233549582947173,-2.8158716669951516,-2.566834400557747
ptbxl,chapman,inceptiontime,46,5,0.9896139822060166,0.9844196472384068,0.019838234485397083,-5.701685765139276,0.7345937569937403,0.9542237325369856,-0.0031090601092219894,0.16175915666568427,0.16486821677490626,0.4982716049382716,0.6835032437442076,6.701685765139276,6.686105412377683
ptbxl,chapman,resnet1d,42,5,1.108266135223491,1.2399446991268472,0.03036317677275651,1.9573905425776408,0.05735760138939167,0.9542237325369856,0.020528221190934157,0.10770423967161294,0.08717601848067878,0.6735802469135802,0.7395736793327155,-0.9573905425776408,-0.7174458434507935
ptbxl,chapman,resnet1d,43,5,1.1905984840602915,1.214412269766309,0.2479877453948645,4.773751743551627,-1.7109839343229807,0.9542237325369856,0.04283289533375251,0.13159173642411645,0.08875884109036394,0.6730864197530865,0.7446709916589435,-3.7737517435516272,-3.559339473785318
ptbxl,chapman,resnet1d,44,5,1.1033856277718945,1.275798668030828,-0.017524948690618325,5.847001413861347,-2.06258739527281,0.9542237325369856,0.02299051750373371,0.1422944752301699,0.11930395772643618,0.6516049382716049,0.73725671918443,-4.847001413861347,-4.571202745830519
ptbxl,chapman,resnet1d,45,5,1.1074875816050354,1.1090625725545151,0.1378561701108532,4.948696775124073,-1.0064625968214749,0.9542237325369856,0.025036190648317996,0.15201296519350121,0.12697677454518322,0.6212345679012345,0.7289156626506024,-3.9486967751240734,-3.8396342025695582
ptbxl,chapman,resnet1d,46,5,1.1729085939085804,1.2913812268059035,0.0706381247664142,5.580781436303207,-2.149768678641137,0.9542237325369856,0.035647799384825096,0.12740002251701593,0.09175222313219084,0.6651851851851852,0.7502316960148285,-4.580781436303207,-4.289400209497304
cpsc,ptbxl,inceptiontime,42,4,2.750045974462376,1.7034226713508822,1.072330552868732,2.2823179599431396,2.687398693833716,0.8645734967206188,0.2160261278361605,0.33806096910024586,0.12203484126408538,0.30518867924528303,0.5258033106134372,-1.2823179599431396,-0.5788952885922574
cpsc,ptbxl,inceptiontime,43,4,2.8206852650068517,1.2761638217111146,1.1911389432292692,1.3436050719706587,2.626119347010686,0.8645734967206188,0.23132099905325348,0.45647799187111404,0.22515699281786056,0.22028301886792453,0.5043816942551119,-0.3436050719706587,-0.06744125025954406
cpsc,ptbxl,inceptiontime,44,4,3.045573315474582,1.4164255701166921,1.4955174755793246,2.6549982151008615,3.4516215636360505,0.8645734967206188,0.26721162582869257,0.4181391693511099,0.15092754352241733,0.30235849056603775,0.50730282375852,-1.6549982151008615,-1.2385726449841694
cpsc,ptbxl,inceptiontime,45,4,3.1687513716229683,1.7939393190169677,1.6780921071001613,4.284169638115008,5.5009268325363365,0.8645734967206188,0.2613614112312659,0.42676428550819184,0.16540287427692593,0.25613207547169814,0.44790652385589097,-3.2841696381150083,-2.490230319098041
cpsc,ptbxl,inceptiontime,46,4,2.7373160485948738,1.2481285852204098,1.225893207809498,2.5285494758106,2.250904843075719,0.8645734967206188,0.22306702054336666,0.2973450913744153,0.07427807083104862,0.3613207547169811,0.5063291139240507,-1.5285494758106002,-1.2804208905901904
cpsc,ptbxl,resnet1d,42,4,2.735391419860299,3.0380716433641544,1.4321400816363332,3.1981917028697335,3.9483007128334306,0.8645734967206188,0.25475792024141103,0.41831645770174153,0.1635585374603305,0.29150943396226414,0.5102239532619279,-2.1981917028697335,-0.16012005950557917
cpsc,ptbxl,resnet1d,43,4,2.5512128896851194,1.798240152590206,1.1360163834474062,2.283447981370476,3.107847069676019,0.8645734967206188,0.2264980241196519,0.39802845335512793,0.17153042923547604,0.27735849056603773,0.5082765335929893,-1.2834479813704762,-0.48520782878027013
cpsc,ptbxl,resnet1d,44,4,3.2499059272046495,2.3439813994115655,1.5104988088449347,4.9516849190151095,5.2636923999469785,0.8645734967206188,0.2882298869464084,0.41102087029589796,0.12279098334948954,0.29952830188679247,0.495618305744888,-3.9516849190151095,-2.607703519603544
cpsc,ptbxl,resnet1d,45,4,3.1243148338207676,2.345238925748595,1.4227116197992957,4.248539346122614,3.8976966422630204,0.8645734967206188,0.26380315284872224,0.36967888941180027,0.105875736563078,0.3433962264150943,0.5296981499513145,-3.248539346122614,-1.9033004203740194
cpsc,ptbxl,resnet1d,46,4,3.517784721833407,1.7427656894581234,1.941869820418611,3.309163257023869,4.328528302537865,0.8645734967206188,0.30313432571466226,0.4501823925887639,0.14704806687410168,0.2952830188679245,0.49269717624148,-2.309163257023869,-1.5663975675657458
ptbxl,cpsc,inceptiontime,42,4,3.6532550928813423,3.6386105890572713,1.4158240228463341,-11.757933054622837,-5.131358786727454,0.8633414110430158,0.3127793004048057,0.3991465923794277,0.08636729197462192,0.3621779290228488,0.511195807527394,12.757933054622837,15.396543643680108
ptbxl,cpsc,inceptiontime,43,4,2.8846798668035714,2.1013187222964587,1.4430961522662757,-76.41493211291747,-33.746362380440274,0.8633414110430158,0.28005965435881913,0.38490559294725657,0.10484593858843745,0.3864851725814293,0.5307289185326346,77.41493211291747,78.51625083521392
ptbxl,cpsc,inceptiontime,44,4,3.526470098559992,2.590152915964136,1.2340789964147219,-317.74688803672467,-137.4942260745509,0.8633414110430158,0.31639202011677714,0.37858644297358246,0.06219442285680535,0.39231891103548855,0.5364459266317294,318.74688803672467,320.3370409526888
ptbxl,cpsc,inceptiontime,45,4,3.409270199987507,-39.54207593625732,3.968608998330627,-4.711177437414457,0.1249988312598813,0.8633414110430158,0.1710575280616659,0.3075282487060239,0.136470720644358,0.43412736995624696,0.5159599809433063,5.711177437414457,-34.83089849884286
ptbxl,cpsc,inceptiontime,46,4,2.1212845806536547,1.3900920294092358,1.126166755703489,8.468592263339394,6.099543522852894,0.8633414110430158,0.20397634274042092,0.35871202454847445,0.15473568180805353,0.3578026251823043,0.5164363982848976,-7.468592263339394,-7.078500233930158
ptbxl,cpsc,resnet1d,42,4,2.5291222453830655,1.8757353243936885,1.3748637183417487,63.25942812309503,39.8695286458025,0.8633414110430158,0.2308406837306139,0.37340564933806064,0.14256496560744675,0.351968886728245,0.505002382086708,-62.25942812309503,-61.38369279870134
ptbxl,cpsc,resnet1d,43,4,2.5150607489279846,3.41668708736303,0.7949016220851959,-5.1135412460002625,-1.2274168082274723,0.8633414110430158,0.21939041746404764,0.3546513300470548,0.13526091258300715,0.383082158483228,0.5292996665078609,6.1135412460002625,8.530228333363294
ptbxl,cpsc,resnet1d,44,4,4.439638313607378,8.258893861211103,1.3858784415026413,-10.704665928183234,-1.9227711360491095,0.8633414110430158,0.37422074967768765,0.44775625389643414,0.07353550421874651,0.39961108410306273,0.5383515959980943,11.704665928183234,18.96355978939434
ptbxl,cpsc,resnet1d,45,4,3.9746045511771806,9.092328703753479,0.5279740009053513,-11.875095477623136,-1.7857913229938065,0.8633414110430158,0.23971501727702413,0.33308224415512533,0.0933672268781012,0.4312105007292173,0.5273939971414959,12.875095477623136,20.967424181376614
ptbxl,cpsc,resnet1d,46,4,2.1718877127471963,1.1943457661662065,1.124471661718901,3.4171676499937034,2.973118826003481,0.8633414110430158,0.21303572832565348,0.3606411448716538,0.1476054165460003,0.3889158969372873,0.5431157694140066,-2.4171676499937034,-2.222821883827497
