src,tgt,arch,seed,T,d_obs_true,d_pred_json,inj_on_raw_sum,inj_on_raw_s,inj_on_raw_b,inj_on_raw_pi,inj_on_raw_e0,inj_on_raw_e_full,inj_on_ts_sum,inj_on_ts_s,inj_on_ts_b,inj_on_ts_pi,inj_on_ts_e0,inj_on_ts_e_full
chapman,cpsc,inceptiontime,42,1.432226584951807,0.08063162216476821,0.39793919920690995,0.0332896049060295,0.010387371439140314,0.0,0.022902233466889188,0.4975405388453311,0.5308301437513606,-0.07186978172912861,0.0,0.0,-0.07186978172912861,0.516391546128152,0.44452176439902336
chapman,cpsc,inceptiontime,43,1.2633181192034328,0.05372522579921174,0.41746453237415443,0.03766953799953754,-0.01895735330198714,0.0,0.05662689130152468,0.4136655472208124,0.45133508522034993,0.0007534189569798344,0.0,0.0,0.0007534189569798344,0.4437468277347511,0.44450024669173094
chapman,cpsc,inceptiontime,44,1.6118524192088628,0.09984361908286032,0.380283024334991,-0.06104247640559712,-0.030458298952085985,0.0,-0.030584177453511132,0.48667018197379064,0.4256277055681935,-0.05022180793908071,0.0,0.0,-0.05022180793908071,0.49289888328988984,0.44267707535080913
chapman,cpsc,inceptiontime,45,1.2438574579845358,0.04623546572645176,0.33523312364830066,-0.02904808150684557,-0.016728432856438546,0.0,-0.01231964865040702,0.45785637419375624,0.4288082926869107,-0.01361495643699473,0.0,0.0,-0.01361495643699473,0.49251276576292996,0.47889780932593523
chapman,cpsc,inceptiontime,46,1.4799010609485748,0.0739524251735641,0.3971613429294416,-0.15177240141507348,-0.07635964806468895,0.0,-0.07541275335038453,0.48527302806332206,0.3335006266482486,-0.04442977981244656,0.0,0.0,-0.04442977981244656,0.5015779237000758,0.45714814388762925
chapman,cpsc,resnet1d,42,1.536391908969336,0.08514364302147964,0.3598140332710173,-0.14565744967505945,-0.0736324535265177,0.0,-0.07202499614854173,0.44323290825817385,0.2975754585831144,-0.049294511311738676,0.0,0.0,-0.049294511311738676,0.45676325043544763,0.40746873912370896
chapman,cpsc,resnet1d,43,1.2230026173428343,0.04523990291104796,0.3290722416810421,-0.14471633707358533,-0.033826853238645704,0.0,-0.11088948383493963,0.4641486747959138,0.3194323377223285,-0.05646549461960387,0.0,0.0,-0.05646549461960387,0.5041508690558653,0.4476853744362614
chapman,cpsc,resnet1d,44,1.32363375510813,0.05849128638768425,0.36031462476175824,-0.03881922764776574,-0.019059797937221096,0.0,-0.019759429710544646,0.44285704441075185,0.4040378167629861,-0.030421752265971047,0.0,0.0,-0.030421752265971047,0.4671189626357367,0.43669721036976566
chapman,cpsc,resnet1d,45,1.5302072131829394,0.07765746002752827,0.3567141175387982,-0.1377017337472033,-0.06993464872422159,0.0,-0.0677670850229817,0.45393933187020197,0.3162375981229987,-0.04897476345135893,0.0,0.0,-0.04897476345135893,0.4674280167756059,0.418453253324247
chapman,cpsc,resnet1d,46,1.3437981326004593,0.058983341413273105,0.3442517956233421,-0.14961600092377886,-0.07195319159910885,0.0,-0.07766280932467001,0.49116774951594516,0.3415517485921663,-0.03243217899681167,0.0,0.0,-0.03243217899681167,0.519634208649643,0.4872020296528314
chapman,ptbxl,inceptiontime,42,0.9843878285278691,-0.00277748147869894,0.3273191757188401,-0.12285593500853925,0.004953092512563428,0.0,-0.12780902752110268,0.3570833822118863,0.23422744720334704,-0.049783938510900294,0.0,0.0,-0.049783938510900294,0.43971122860304784,0.38992729009214755
chapman,ptbxl,inceptiontime,43,1.0389052896119755,0.008287933852170803,0.3645809859839877,-0.09472814037810123,-0.01278308715969928,0.0,-0.08194505321840195,0.3629534615419846,0.26822532116388337,-0.032375406109603655,0.0,0.0,-0.032375406109603655,0.432932054702858,0.40055664859325435
chapman,ptbxl,inceptiontime,44,1.0593890951682814,0.012419265684310232,0.353101677734372,-0.12382533530431922,-0.019131372817118603,0.0,-0.10469396248720061,0.3621269981779885,0.23830166287366927,-0.051744195365115875,0.0,0.0,-0.051744195365115875,0.4250589214526049,0.373314726087489
chapman,ptbxl,inceptiontime,45,1.1039696491394246,0.022496853658013793,0.3370625665355042,-0.12906283138568786,-0.02804492121576571,0.0,-0.10101791016992215,0.3788176453217837,0.24975481393609583,-0.054032637308233766,0.0,0.0,-0.054032637308233766,0.4424248755966103,0.38839223828837655
chapman,ptbxl,inceptiontime,46,1.074181147812797,0.0172523530994782,0.35104700605283834,-0.050034596631061024,-0.015701654029950635,0.0,-0.03433294260111039,0.35654615229390163,0.3065115556628406,-0.016284040929545662,0.0,0.0,-0.016284040929545662,0.41109335160442034,0.3948093106748747
chapman,ptbxl,resnet1d,42,1.1246112144742808,0.030552405016577244,0.3821537658676311,-0.07278709915896059,-0.025636846487863324,0.0,-0.047150252671097265,0.34565062632931753,0.27286352717035695,-0.015797501622040244,0.0,0.0,-0.015797501622040244,0.38927770329169376,0.3734802016696535
chapman,ptbxl,resnet1d,43,1.1279481087131698,0.029396794195216014,0.38902330779526306,-0.0673213048607687,-0.019536080387353882,0.0,-0.04778522447341482,0.36524395481383165,0.29792264995306295,-0.020055839282072163,0.0,0.0,-0.020055839282072163,0.4016637493398308,0.3816079100577586
chapman,ptbxl,resnet1d,44,1.0684319939700566,0.01684829323978637,0.3495263321496032,-0.10786672603315511,-0.013248740614069304,0.0,-0.09461798541908581,0.3568714047416798,0.24900467870852466,-0.06500460238851113,0.0,0.0,-0.06500460238851113,0.4068618193268776,0.34185721693836646
chapman,ptbxl,resnet1d,45,0.9878828624250616,-0.0034527458516558918,0.39746960887783594,-0.06592465663786012,0.004250022900384981,0.0,-0.0701746795382451,0.36773274827947494,0.3018080916416148,-0.020406711289766566,0.0,0.0,-0.020406711289766566,0.4397675049513523,0.41936079366158574
chapman,ptbxl,resnet1d,46,1.063524700627107,0.014855942909421521,0.4016688363193764,0.0008128245155191172,-0.010494888458214724,0.0,0.011307712973733841,0.3374410483224616,0.3382538728379807,0.0074165460101386915,0.0,0.0,0.0074165460101386915,0.3831613885571505,0.3905779345672892
cpsc,chapman,inceptiontime,42,2.750045974462376,-0.06221443773794841,0.23446772463330767,-0.11112776789510496,-0.08999420951337009,0.0,-0.021133558381734873,0.1820121356382582,0.07088436774315321,-0.042265359632214936,0.0,0.0,-0.042265359632214936,0.06140569913351158,0.019140339501296635
cpsc,chapman,inceptiontime,43,2.8206852650068517,0.06901890310285075,0.20027220021839925,-0.17596976169688613,-0.17675703986591898,0.0,0.0007872781690328335,0.2594745457021801,0.08350478400529393,-0.009026541481967215,0.0,0.0,-0.009026541481967215,0.11788215734038224,0.10885561585841502
cpsc,chapman,inceptiontime,44,2.4961144294954902,-0.07298332895512041,0.23220826737545777,-0.14847659874386498,-0.13691126636781048,0.0,-0.011565332376054518,0.18388193381169998,0.035405335067835005,0.0010363058613346993,0.0,0.0,0.0010363058613346993,0.0812970630489497,0.0823333689102844
cpsc,chapman,inceptiontime,45,3.4375648270228827,0.055065171519806735,0.2256935114486559,-0.1727633632441185,-0.15298847552893077,0.0,-0.019774887715187726,0.27641296076497507,0.10364959752085655,-0.08061277176367218,0.0,0.0,-0.08061277176367218,0.10643637980729295,0.02582360804362077
cpsc,chapman,inceptiontime,46,2.195875689458944,0.14802334243277887,0.178241504270283,-0.1638512481317035,-0.08239833859453467,0.0,-0.08145290953716883,0.2801703091912224,0.11631906105951888,-0.1660242469821256,0.0,0.0,-0.1660242469821256,0.1963350584541324,0.03031081147200683
cpsc,chapman,resnet1d,42,2.060572895694346,-0.01179510782239257,0.2117095903363742,-0.12583178351527563,-0.06725011797483027,0.0,-0.05858166554044535,0.17384390163265015,0.04801211811737452,-0.06660489627572386,0.0,0.0,-0.06660489627572386,0.11085805970800833,0.04425316343228446
cpsc,chapman,resnet1d,43,2.551371826992733,0.06385484893163369,0.24850674977122422,-0.2008705806914037,-0.16665405588542107,0.0,-0.03421652480598264,0.25259346557482737,0.05172288488342363,-0.04826693824593287,0.0,0.0,-0.04826693824593287,0.16819298766579754,0.11992604941986468
cpsc,chapman,resnet1d,44,3.129229593252759,0.10551555111313461,0.18506444276726308,-0.15796988366436954,-0.13957296204611283,0.0,-0.01839692161825672,0.2893138036184566,0.13134391995408704,-0.06619836036781176,0.0,0.0,-0.06619836036781176,0.11504833719506294,0.04884997682725117
cpsc,chapman,resnet1d,45,2.7420855896660727,-0.09748591559662302,0.2297416567191356,-0.10551147070488714,-0.08260980829598633,0.0,-0.022901662408900812,0.19232230572883624,0.0868108350239491,-0.05475171543333626,0.0,0.0,-0.05475171543333626,0.07583748386959167,0.02108576843625541
cpsc,chapman,resnet1d,46,3.1824909238724364,0.014310782067320171,0.23536381646030413,-0.13847441670658878,-0.11029651075147642,0.0,-0.028177905955112353,0.2411846930613838,0.10271027635479502,-0.09225474456975921,0.0,0.0,-0.09225474456975921,0.10518735260177947,0.01293260803202025
cpsc,ptbxl,inceptiontime,42,2.750045974462376,0.2151241192817212,0.15768413108911233,-0.40134114259324927,-0.23067243510631752,0.0,-0.17066870748693178,0.44668962213228336,0.04534847953903404,-0.2315918358461923,0.0,0.0,-0.2315918358461923,0.30278943524045765,0.07119759939426533
cpsc,ptbxl,inceptiontime,43,2.8206852650068517,0.23971200110210308,0.16192049227892802,-0.49062682453991996,-0.330045421645366,0.0,-0.16058140289455397,0.5759275556032387,0.08530073106331869,-0.3408046743765998,0.0,0.0,-0.3408046743765998,0.4206596155492765,0.07985494117267675
cpsc,ptbxl,inceptiontime,44,3.045573315474582,0.26092966887222757,0.16155844748964743,-0.4664961398026328,-0.3152815269466945,0.0,-0.15121461285593837,0.5255871306050498,0.059090990802416934,-0.26868942303961185,0.0,0.0,-0.26868942303961185,0.3688019411884389,0.10011251814882703
cpsc,ptbxl,inceptiontime,45,3.1687513716229683,0.2632781615343048,0.15108627162365013,-0.47885830132708024,-0.3203342541991182,0.0,-0.15852404712796203,0.5430737579346827,0.06421545660760242,-0.25870092633080705,0.0,0.0,-0.25870092633080705,0.3566633745465638,0.09796244821575678
cpsc,ptbxl,inceptiontime,46,2.7373160485948738,0.2193925140159097,0.14027576419539017,-0.3787360505610794,-0.2550883999072624,0.0,-0.12364765065381697,0.41028425811596636,0.031548207554886964,-0.19351057571599062,0.0,0.0,-0.19351057571599062,0.2612994746638919,0.06778889894790127
cpsc,ptbxl,resnet1d,42,2.735391419860299,0.25844551257609716,0.15309271314088513,-0.46989802787011586,-0.2979126388591681,0.0,-0.1719853890109478,0.5318358060323967,0.0619377781622808,-0.25297567088718853,0.0,0.0,-0.25297567088718853,0.3906380466554525,0.13766237576826396
cpsc,ptbxl,resnet1d,43,2.5512128896851194,0.22561141381183952,0.18660219486704277,-0.45389639520481856,-0.27141761093210215,0.0,-0.1824787842727164,0.51228108625367,0.058384691048851384,-0.27869678425337047,0.0,0.0,-0.27869678425337047,0.38577440501946325,0.10707762076609278
cpsc,ptbxl,resnet1d,44,3.2499059272046495,0.2900435380413028,0.16234884176823544,-0.431949347187492,-0.3133936489093567,0.0,-0.11855569827813528,0.5318037073848383,0.09985436019734632,-0.2232253042774349,0.0,0.0,-0.2232253042774349,0.32727239560687316,0.10404709132943825
cpsc,ptbxl,resnet1d,45,3.1243148338207676,0.27145276081683745,0.16858484744090485,-0.410818123825891,-0.29097517545716384,0.0,-0.11984294836872719,0.4810841356948862,0.07026601186899516,-0.1818297784554335,0.0,0.0,-0.1818297784554335,0.30623074061465716,0.12440096215922367
cpsc,ptbxl,resnet1d,46,3.517784721833407,0.29863610668688767,0.12598726002551736,-0.49159550224048953,-0.33638272813553527,0.0,-0.15521277410495424,0.5503712849094058,0.05877578266891631,-0.27889249304073743,0.0,0.0,-0.27889249304073743,0.3592760545465181,0.08038356150578069
ptbxl,chapman,inceptiontime,42,1.137414233816701,0.030625349391622772,0.44886086808540676,-0.09776841027559818,-0.023877680041565597,0.0,-0.07389073023403259,0.22500547828497708,0.1272370680093789,-0.06263795628840674,0.0,0.0,-0.06263795628840674,0.2717718033437376,0.20913384705533083
ptbxl,chapman,inceptiontime,43,1.1058476761558191,0.022405520310099236,0.44736202949317555,-0.13296368172000922,-0.01917182377980385,0.0,-0.11379185794020535,0.26731201514785674,0.13434833342784752,-0.07982706110707818,0.0,0.0,-0.07982706110707818,0.31954343189427875,0.23971637078720057
ptbxl,chapman,inceptiontime,44,1.0737596178986828,0.019701951814679042,0.42912147447216137,-0.16864461404362174,-0.015500331633405298,0.0,-0.15314428241021644,0.29231728458110195,0.1236726705374802,-0.1184684345484934,0.0,0.0,-0.1184684345484934,0.3533420842150112,0.23487364966651778
ptbxl,chapman,inceptiontime,45,1.0935977150684193,0.022236273963223765,0.4415273421125825,-0.1172667899710339,-0.018122439976566172,0.0,-0.09914434999446772,0.23759093823992178,0.12032414826888789,-0.09161542385200605,0.0,0.0,-0.09161542385200605,0.2965805432310811,0.20496511937907502
ptbxl,chapman,inceptiontime,46,0.9896139822060166,-0.002658034162162398,0.38461750314413123,-0.16283919063608557,0.003129744164301562,0.0,-0.16596893480038713,0.2795462697155682,0.1167070790794826,-0.1257559943128814,0.0,0.0,-0.1257559943128814,0.3723202824003903,0.24656428808750888
ptbxl,chapman,mamba,42,0.6056905696123951,-0.09198903693290163,-0.02956263785120196,-0.004514267768317773,0.08458400136082221,0.0,-0.08909826912913998,0.12696890062020147,0.12245463285188371,-0.3136292893592171,0.0,0.0,-0.3136292893592171,0.38092507305704515,0.0672957836978281
ptbxl,chapman,mamba,43,0.5230027874118076,-0.09381972938306911,-0.017441276299405964,0.0611197522507192,0.08397881615583531,0.0,-0.022859063905116113,0.06784277627497541,0.12896252852569462,-0.14022735095541933,0.0,0.0,-0.14022735095541933,0.2916696521750203,0.15144230121960092
ptbxl,chapman,resnet1d,42,1.108266135223491,0.024036271628803854,0.46104673090223874,-0.11090312951289816,-0.015331186259942653,0.0,-0.09557194325295551,0.2057936046079353,0.09489047509503713,-0.07587968528520789,0.0,0.0,-0.07587968528520789,0.25273340142803424,0.17685371614282636
ptbxl,chapman,resnet1d,43,1.1905984840602915,0.03658587224143067,0.4763801474306993,-0.11896343452319941,-0.027289582153881355,0.0,-0.09167385236931805,0.2247578979715889,0.1057944634483895,-0.07368344135858529,0.0,0.0,-0.07368344135858529,0.2612581610385283,0.187574719679943
ptbxl,chapman,resnet1d,44,1.1033856277718945,0.024331559013488935,0.48903499358695596,-0.12369590837610678,-0.016061473721662084,0.0,-0.1076344346544447,0.24194216716436695,0.11824625878826017,-0.07600907245241845,0.0,0.0,-0.07600907245241845,0.2900262673254366,0.21401719487301818
ptbxl,chapman,resnet1d,45,1.1074875816050354,0.024880350972776064,0.4611180603989281,-0.13895436503733344,-0.018680708360338638,0.0,-0.12027365667699481,0.25442901967484277,0.1154746546375093,-0.0878585309312298,0.0,0.0,-0.0878585309312298,0.30420206005926487,0.21634352912803506
ptbxl,chapman,resnet1d,46,1.1729085939085804,0.027200817120058826,0.46246573596495244,-0.11875758189004806,-0.023855797933237652,0.0,-0.09490178395681041,0.22191882154087963,0.10316123965083157,-0.07675141666573049,0.0,0.0,-0.07675141666573049,0.2623042941019859,0.18555287743625543
ptbxl,cpsc,inceptiontime,42,3.6532550928813423,0.3150123582727276,0.24088641541703198,-0.3879328588450356,-0.320850386835829,0.0,-0.06708247200920661,0.4953428408041357,0.10740998195910012,-0.11026105470696046,0.0,0.0,-0.11026105470696046,0.30607603111484993,0.19581497640788947
ptbxl,cpsc,inceptiontime,43,2.8846798668035714,0.2721557951225187,0.24999758490123536,-0.3772230523190597,-0.28097548553070306,0.0,-0.09624756678835669,0.484872268888634,0.10764921656957423,-0.11895446968743201,0.0,0.0,-0.11895446968743201,0.356285036551935,0.237330566864503
ptbxl,cpsc,inceptiontime,44,3.526470098559992,0.30268477637678404,0.26639799219065285,-0.39270366214588937,-0.3176379334212214,0.0,-0.07506572872466796,0.4773705963608589,0.08466693421496956,-0.11723333432751198,0.0,0.0,-0.11723333432751198,0.2945012915870433,0.17726795725953132
ptbxl,cpsc,inceptiontime,45,3.409270199987507,0.2036292524677354,0.2575552867810457,-0.2734482207383015,-0.2450262936050999,0.0,-0.028421927133201616,0.41469970138315215,0.14125148064485066,-0.051728884005902004,0.0,0.0,-0.051728884005902004,0.2238279890683767,0.1720991050624747
ptbxl,cpsc,inceptiontime,46,2.1212845806536547,0.2034191224129627,0.2301633952386431,-0.34735557410162715,-0.22637651566646297,0.0,-0.12097905843516418,0.47124273247028015,0.123887158368653,-0.1118352923941963,0.0,0.0,-0.1118352923941963,0.40451762750998366,0.29268233511578734
ptbxl,cpsc,resnet1d,42,2.5291222453830655,0.23629048052177465,0.21359057283795357,-0.30376899030886445,-0.2314317084335904,0.0,-0.07233728187527404,0.47832899862664036,0.17456000831777593,-0.08274469454333894,0.0,0.0,-0.08274469454333894,0.3736454781016274,0.29090078355828847
ptbxl,cpsc,resnet1d,43,2.5150607489279846,0.23588929575962264,0.2563221453494291,-0.3589181470602206,-0.267980747968386,0.0,-0.09093739909183463,0.47190767200641043,0.11298952494618972,-0.11679032619028579,0.0,0.0,-0.11679032619028579,0.3515788337444876,0.23478850755420183
ptbxl,cpsc,resnet1d,44,4.439638313607378,0.3643593463518973,0.2544595959084755,-0.3740156199546384,-0.3298674371947323,0.0,-0.04414818275990609,0.5197924320478722,0.14577681209323373,-0.08978354591286405,0.0,0.0,-0.08978354591286405,0.32905235241846836,0.2392688065056043
ptbxl,cpsc,resnet1d,45,3.9746045511771806,0.25540027500567986,0.27091172686530046,-0.3376602963110073,-0.31352853152393495,0.0,-0.02413176478707235,0.4340939880518527,0.09643369174084535,-0.043262468607830534,0.0,0.0,-0.043262468607830534,0.20713874896174214,0.1638762803539116
ptbxl,cpsc,resnet1d,46,2.1718877127471963,0.2126714573414362,0.26414459089233183,-0.2998869923594122,-0.21221496531462147,0.0,-0.08767202704479071,0.4620241273880933,0.1621371350286811,-0.07682959137620593,0.0,0.0,-0.07682959137620593,0.40004558170890714,0.3232159903327012
