src,tgt,arch,seed,T,s_hat,b_hat,pi_l1,d_obs,d_obs_json,d_pred_json,d_pred_lin,d_pred_full,e_raw,e_ts,ood_acc,wass
chapman,cpsc,inceptiontime,42,1.432226584951807,1.049571704228512,0.22444235311311303,0.6731880663348238,-0.03352120673708636,0.08063162216476821,0.39793919920690995,-0.006150854464070134,-0.09470900943920224,0.4086441776969215,0.4421653844340079,0.41711229946524064,0.9877721667289734
chapman,cpsc,inceptiontime,43,1.2633181192034328,1.1028996590373474,0.034282849735483595,0.6731880663348238,-0.05169422745588742,0.05372522579921174,0.41746453237415443,-0.012637041803783477,-0.09569690906427758,0.3293825154549066,0.381076742910794,0.4842002916869227,0.9189584255218506
chapman,cpsc,inceptiontime,44,1.6118524192088628,0.9120024318044804,0.5730216042269569,0.6731880663348238,-0.014658213980173584,0.09984361908286032,0.380283024334991,0.02585170506639404,-0.07025096672335812,0.4059239742850933,0.4205821882652669,0.42732134175984443,0.7880541086196899
chapman,cpsc,inceptiontime,45,1.2438574579845358,0.8947676879499653,0.16750961316508992,0.6731880663348238,-0.05622031828356877,0.04623546572645176,0.33523312364830066,0.013126701929755258,-0.07217908567691467,0.3709262429103146,0.4271465611938834,0.4122508507535245,0.6957937479019165
chapman,cpsc,inceptiontime,46,1.4799010609485748,0.9301546743831195,0.37540065596999483,0.6731880663348238,-0.0294957915207803,0.0739524251735641,0.3971613429294416,0.0062057265097340535,-0.06825780932278558,0.41027631832664313,0.43977210984742343,0.436558094312105,0.755212128162384
chapman,cpsc,resnet1d,42,1.536391908969336,0.9337922075834487,0.5267600718214366,0.6731880663348238,-0.024565772721648005,0.08514364302147964,0.3598140332710173,0.006293517909955083,-0.07216014297598472,0.3642602715900238,0.3888260443116718,0.47593582887700536,0.4968101382255554
chapman,cpsc,resnet1d,43,1.2230026173428343,0.8885178900497829,0.2957122165425474,0.6731880663348238,-0.0651559267857727,0.04523990291104796,0.3290722416810421,0.015119173207317628,-0.07870202351091671,0.3682531135489075,0.4334090403346802,0.4200291686922703,0.417612761259079
chapman,cpsc,resnet1d,44,1.32363375510813,1.0809088995788279,0.18546760639746232,0.6731880663348238,-0.04290210427041763,0.05849128638768425,0.36031462476175824,-0.009055604529740195,-0.08838072619104359,0.36277941453207685,0.4056815188024945,0.4681575109382596,0.6597166061401367
chapman,cpsc,resnet1d,45,1.5302072131829394,1.1240294732483882,0.2990187040703905,0.6731880663348238,-0.024218368266587353,0.07765746002752827,0.3567141175387982,-0.01048966594224866,-0.08093468315345198,0.3822009342934938,0.40641930256008113,0.4720466699076325,0.7145453095436096
chapman,cpsc,resnet1d,46,1.3437981326004593,0.8510355851522298,0.39850785017907203,0.6731880663348238,-0.047173772338645614,0.058983341413273105,0.3442517956233421,0.01688152531673636,-0.06671757101433107,0.40440288771398447,0.4515766600526301,0.41614000972289744,0.5469205975532532
chapman,ptbxl,inceptiontime,42,0.9843878285278691,1.0922693927715377,-0.07609310081465268,0.9515244526294251,-0.09413070714660332,-0.00277748147869894,0.3273191757188401,-0.019220792372533522,-0.10864919806876894,0.2662113383000727,0.36034204544667603,0.4654696132596685,0.5088121891021729
chapman,ptbxl,inceptiontime,43,1.0389052896119755,1.0975089355777063,0.03800485371547407,0.9515244526294251,-0.09807850070585855,0.008287933852170803,0.3645809859839877,-0.01924323592480752,-0.12327587172306698,0.2572063001946411,0.35528480090049963,0.4894106813996317,0.4231693148612976
chapman,ptbxl,inceptiontime,44,1.0593890951682814,1.1545611486871123,-0.10384175723229012,0.9515244526294251,-0.09158757249404487,0.012419265684310232,0.353101677734372,-0.02805971533606164,-0.12658687556097298,0.25976600278422757,0.35135357527827243,0.49263351749539597,0.357678085565567
chapman,ptbxl,inceptiontime,45,1.1039696491394246,1.007659225137088,0.03683747755705225,0.9515244526294251,-0.08347454614951028,0.022496853658013793,0.3370625665355042,-0.001357608712019773,-0.10268007726520023,0.27748503459147544,0.3609595807409857,0.4696132596685083,0.4378349483013153
chapman,ptbxl,inceptiontime,46,1.074181147812797,1.0610641716212563,0.0389330949063332,0.9515244526294251,-0.089418878295145,0.0172523530994782,0.35104700605283834,-0.009940503243320735,-0.10993718590525636,0.25536680286046987,0.34478568115561486,0.5207182320441989,0.5826866626739502
chapman,ptbxl,resnet1d,42,1.1246112144742808,1.1675323925446943,-0.017924969235850012,0.9515244526294251,-0.08134638404209532,0.030552405016577244,0.3821537658676311,-0.02382308544281765,-0.12001312264750674,0.24607679970960372,0.32742318375169904,0.5584714548802947,0.1761210411787033
chapman,ptbxl,resnet1d,43,1.1279481087131698,1.1909189241943254,-0.009539991303413736,0.9515244526294251,-0.07326004382490459,0.029396794195216014,0.38902330779526306,-0.02259497625650544,-0.10697301618521615,0.27630871200923757,0.34956875583414215,0.5478821362799263,0.33921897411346436
chapman,ptbxl,resnet1d,44,1.0684319939700566,1.1035863860999087,0.037124237756798226,0.9515244526294251,-0.08763816366812577,0.01684829323978637,0.3495263321496032,-0.015679444361387584,-0.11252059622858113,0.25865944148372333,0.3462976051518491,0.5377532228360957,0.2315424531698227
chapman,ptbxl,resnet1d,45,0.9878828624250616,0.9301980454521658,0.13669834468474915,0.9515244526294251,-0.1139428669631371,-0.0034527458516558918,0.39746960887783594,0.013631033343658365,-0.09681436029806545,0.25615212697240747,0.37009499393554457,0.5041436464088398,0.5927429795265198
chapman,ptbxl,resnet1d,46,1.063524700627107,1.0949267908398475,-0.0051455200173667354,0.9515244526294251,-0.08494698479908824,0.014855942909421521,0.4016688363193764,-0.012543805036085438,-0.10470267333104016,0.24400115375360737,0.3289481385526956,0.5621546961325967,0.330208957195282
cpsc,chapman,inceptiontime,42,2.750045974462376,1.7034226713508822,1.072330552868732,0.6718543735513052,0.03245626086535749,-0.06221443773794841,0.23446772463330767,-0.11454875247866156,-0.16780123449654932,0.0844072361541192,0.05195097528876171,0.6361798888327438,0.9715641140937805
cpsc,chapman,inceptiontime,43,2.8206852650068517,1.2761638217111146,1.1911389432292692,0.6718543735513052,0.10066759581063481,0.06901890310285075,0.20027220021839925,-0.05029255216878552,-0.15313571181003346,0.14557546996118567,0.044907874150550864,0.5712481051035877,0.8015154004096985
cpsc,chapman,inceptiontime,44,2.4961144294954902,1.2848576535638903,0.9923770214257396,0.6718543735513052,0.025882072456862464,-0.07298332895512041,0.23220826737545777,-0.0498561310770857,-0.14675277357091804,0.0760218127771361,0.050139740320273636,0.639211723092471,0.754063606262207
cpsc,chapman,inceptiontime,45,3.4375648270228827,2.0521096522285793,1.6575172682307482,0.6718543735513052,0.14138200467225576,0.055065171519806735,0.2256935114486559,-0.14770141875219026,-0.16681477313032045,0.18106810001636647,0.0396860953441107,0.5826174835775644,0.9455677270889282
cpsc,chapman,inceptiontime,46,2.195875689458944,3.878378623890028,1.5424498418545143,0.6718543735513052,0.06822805724823454,0.14802334243277887,0.178241504270283,-0.606032130907352,-0.28895478949756437,0.1743857961462386,0.10615773889800405,0.4615967660434563,0.8153899312019348
cpsc,chapman,resnet1d,42,2.060572895694346,1.0745778594309296,0.886238866893684,0.6718543735513052,0.03697751905955468,-0.01179510782239257,0.2117095903363742,-0.014144493402134799,-0.09628467663874103,0.09084205437092062,0.05386453531136594,0.5909550277918141,0.8841337561607361
cpsc,chapman,resnet1d,43,2.551371826992733,1.0736135670724207,1.5858661129385456,0.6718543735513052,0.10194024515158,0.06385484893163369,0.24850674977122422,-0.009575682931833966,-0.10072988923027279,0.1607136018593062,0.058773356707726196,0.6356745831227892,0.9366289377212524
cpsc,chapman,resnet1d,44,3.129229593252759,3.2985367905825345,1.8066989698988065,0.6718543735513052,0.15891540420964967,0.10551555111313461,0.18506444276726308,-0.40866086721872363,-0.2326674752084218,0.17790736106684135,0.01899195685719168,0.5366346639717029,0.804823100566864
cpsc,chapman,resnet1d,45,2.7420855896660727,1.4598562294852344,1.374236011603617,0.6718543735513052,0.03612528538812343,-0.09748591559662302,0.2297416567191356,-0.0682899100474269,-0.14667630459908104,0.09094617256406219,0.05482088717593876,0.6748357756442648,0.7946082353591919
cpsc,chapman,resnet1d,46,3.1824909238724364,2.545528666921743,1.5712150423726738,0.6718543735513052,0.07803023292176228,0.014310782067320171,0.23536381646030413,-0.210559734505784,-0.17088874100042503,0.14965762916299177,0.07162739624122949,0.6328954017180394,0.9466614127159119
cpsc,ptbxl,inceptiontime,42,2.750045974462376,1.7034226713508822,1.072330552868732,0.8645734967206188,0.13291371996110335,0.2151241192817212,0.15768413108911233,0.05668727279447261,-0.20091524178970532,0.33806096910024586,0.2051472491391425,0.30518867924528303,0.5762614607810974
cpsc,ptbxl,inceptiontime,43,2.8206852650068517,1.2761638217111146,1.1911389432292692,0.8645734967206188,0.14685323629176839,0.23971200110210308,0.16192049227892802,-0.05691893972565053,-0.16465012287756198,0.45647799187111404,0.30962475557934566,0.22028301886792453,0.4163665175437927
cpsc,ptbxl,inceptiontime,44,3.045573315474582,1.4164255701166921,1.4955174755793246,0.8645734967206188,0.16495981133490234,0.26092966887222757,0.16155844748964743,-0.070828704309224,-0.1574867152942801,0.4181391693511099,0.25317935801620756,0.30235849056603775,0.46865054965019226
cpsc,ptbxl,inceptiontime,45,3.1687513716229683,1.7939393190169677,1.6780921071001613,0.8645734967206188,0.1760714051436703,0.2632781615343048,0.15108627162365013,-0.1593152701895184,-0.20668492249722742,0.42676428550819184,0.25069288036452153,0.25613207547169814,0.43034079670906067
cpsc,ptbxl,inceptiontime,46,2.7373160485948738,1.2481285852204098,1.225893207809498,0.8645734967206188,0.14042539661223036,0.2193925140159097,0.14027576419539017,-0.05441349055453745,-0.15814685329513728,0.2973450913744153,0.15691969476218492,0.3613207547169811,0.6023799180984497
cpsc,ptbxl,resnet1d,42,2.735391419860299,3.0380716433641544,1.4321400816363332,0.8645734967206188,0.14769363632460808,0.25844551257609716,0.15309271314088513,-0.38204425955708077,-0.2329990604154344,0.41831645770174153,0.27062282137713345,0.29150943396226414,0.5131285190582275
cpsc,ptbxl,resnet1d,43,2.5512128896851194,1.798240152590206,1.1360163834474062,0.8645734967206188,0.1268125546850124,0.22561141381183952,0.18660219486704277,-0.16216781220177492,-0.2071318047226599,0.39802845335512793,0.27121589867011553,0.27735849056603773,0.40121719241142273
cpsc,ptbxl,resnet1d,44,3.2499059272046495,2.3439813994115655,1.5104988088449347,0.8645734967206188,0.19573007172571033,0.2900435380413028,0.16234884176823544,-0.2642311450834104,-0.2267550736243995,0.41102087029589796,0.21529079857018762,0.29952830188679247,0.4951055645942688
cpsc,ptbxl,resnet1d,45,3.1243148338207676,2.345238925748595,1.4227116197992957,0.8645734967206188,0.1734668474433557,0.27145276081683745,0.16858484744090485,-0.2420347933470107,-0.2136377560220799,0.36967888941180027,0.19621204196844458,0.3433962264150943,0.6745891571044922
cpsc,ptbxl,resnet1d,46,3.517784721833407,1.7427656894581234,1.941869820418611,0.8645734967206188,0.20480815816038064,0.29863610668688767,0.12598726002551736,-0.11389868652965476,-0.16503875034878834,0.4501823925887639,0.24537423442838327,0.2952830188679245,0.6652278900146484
ptbxl,chapman,inceptiontime,42,1.137414233816701,1.1195488527216109,0.2609005291958718,0.9542237325369856,-0.08169123723919008,0.030625349391622772,0.44886086808540676,-0.017483290818803086,-0.12014746576915547,0.12112495916861077,0.20281619640780085,0.6474074074074074,0.789362907409668
ptbxl,chapman,inceptiontime,43,1.1058476761558191,1.1780930885338223,0.10217647675061733,0.9542237325369856,-0.08870161099934282,0.022405520310099236,0.44736202949317555,-0.0028304671695789044,-0.13058003668431883,0.16022377968570334,0.24892539068504616,0.6014814814814815,0.7536030411720276
ptbxl,chapman,inceptiontime,44,1.0737596178986828,1.1025551043587334,0.18085992780814486,0.9542237325369856,-0.09633745757150061,0.019701951814679042,0.42912147447216137,-0.01806752229379531,-0.12659363473639082,0.18221751586890514,0.27855497344040575,0.5592592592592592,0.838900625705719
ptbxl,chapman,inceptiontime,45,1.0935977150684193,1.2490372664374048,-0.021073072138259232,0.9542237325369856,-0.09260589690855986,0.022236273963223765,0.4415273421125825,-0.04315081083564807,-0.14496171142584002,0.12773633481543745,0.2203422317239973,0.6130864197530864,0.8686202168464661
ptbxl,chapman,inceptiontime,46,0.9896139822060166,0.9844196472384068,0.019838234485397083,0.9542237325369856,-0.12014363430900335,-0.002658034162162398,0.38461750314413123,0.003533619413542749,-0.11420023652506464,0.16175915666568427,0.2819027909746876,0.4982716049382716,0.7162179946899414
ptbxl,chapman,mamba,42,0.6056905696123951,0.24077143543264762,-0.6610455836936721,0.9542237325369856,-0.17243682539757388,-0.09198903693290163,-0.02956263785120196,0.14569001296169343,0.07580108858920906,0.08194821707260458,0.25438504247017846,0.24123456790123457,0.09328135848045349
ptbxl,chapman,mamba,43,0.5230027874118076,0.12907611967197186,-0.8126634066529868,0.9542237325369856,-0.15645131359865638,-0.09381972938306911,-0.017441276299405964,0.11911395446212851,-0.006833747743088543,0.03713749561780765,0.19358880921646404,0.25876543209876546,0.05529166758060455
ptbxl,chapman,resnet1d,42,1.108266135223491,1.2399446991268472,0.03036317677275651,0.9542237325369856,-0.08235976790940322,0.024036271628803854,0.46104673090223874,-0.034329666972567674,-0.12459495153692035,0.10770423967161294,0.19006400758101616,0.6735802469135802,0.828290581703186
ptbxl,chapman,resnet1d,43,1.1905984840602915,1.214412269766309,0.2479877453948645,0.9542237325369856,-0.06719747904642123,0.03658587224143067,0.4763801474306993,-0.025802513904529582,-0.11404196011431422,0.13159173642411645,0.19878921547053768,0.6730864197530865,0.96036696434021
ptbxl,chapman,resnet1d,44,1.1033856277718945,1.275798668030828,-0.017524948690618325,0.9542237325369856,-0.08565718841405565,0.024331559013488935,0.48903499358695596,-0.022067470591870544,-0.12879847307999934,0.1422944752301699,0.22795166364422553,0.6516049382716049,0.6762641072273254
ptbxl,chapman,resnet1d,45,1.1074875816050354,1.1090625725545151,0.1378561701108532,0.9542237325369856,-0.08619517307958491,0.024880350972776064,0.4611180603989281,-0.028754565127200798,-0.1174845390113784,0.15201296519350121,0.23820813827308612,0.6212345679012345,0.7269525527954102
ptbxl,chapman,resnet1d,46,1.1729085939085804,1.2913812268059035,0.0706381247664142,0.9542237325369856,-0.07090507948104244,0.027200817120058826,0.46246573596495244,-0.038792595009071264,-0.12338208230189335,0.12740002251701593,0.19830510199805837,0.6651851851851852,1.0035628080368042
ptbxl,cpsc,inceptiontime,42,3.6532550928813423,3.6386105890572713,1.4158240228463341,0.8633414110430158,0.20842382137962032,0.3150123582727276,0.24088641541703198,-0.3782040136353358,-0.19946540737824342,0.3991465923794277,0.19072277099980736,0.3621779290228488,0.11436259746551514
ptbxl,cpsc,inceptiontime,43,2.8846798668035714,2.1013187222964587,1.4430961522662757,0.8633414110430158,0.15232743684331015,0.2721557951225187,0.24999758490123536,-0.16215091101892895,-0.17221559358848548,0.38490559294725657,0.23257815610394642,0.3864851725814293,0.10548855364322662
ptbxl,cpsc,inceptiontime,44,3.526470098559992,2.590152915964136,1.2340789964147219,0.8633414110430158,0.20395962983065577,0.30268477637678404,0.26639799219065285,-0.2227878540500313,-0.17949443626705153,0.37858644297358246,0.1746268131429267,0.39231891103548855,0.0757184848189354
ptbxl,cpsc,inceptiontime,45,3.409270199987507,-39.54207593625732,3.968608998330627,0.8633414110430158,0.1748170327462209,0.2036292524677354,0.2575552867810457,6.929787016986841,-0.5946404826136892,0.3075282487060239,0.132711215959803,0.43412736995624696,0.1728065311908722
ptbxl,cpsc,inceptiontime,46,2.1212845806536547,1.3900920294092358,1.126166755703489,0.8633414110430158,0.07522543654838226,0.2034191224129627,0.2301633952386431,-0.07313559986565955,-0.16463996840149214,0.35871202454847445,0.2834865880000922,0.3578026251823043,0.06898661702871323
ptbxl,cpsc,resnet1d,42,2.5291222453830655,1.8757353243936885,1.3748637183417487,0.8633414110430158,0.11219511645826596,0.23629048052177465,0.21359057283795357,-0.35108440446584127,-0.18284524250621637,0.37340564933806064,0.2612105328797947,0.351968886728245,0.07508139312267303
ptbxl,cpsc,resnet1d,43,2.5150607489279846,3.41668708736303,0.7949016220851959,0.8633414110430158,0.1322220236888834,0.23588929575962264,0.2563221453494291,-0.4525219602481617,-0.22867127611153787,0.3546513300470548,0.2224293063581714,0.383082158483228,0.10194486379623413
ptbxl,cpsc,resnet1d,44,4.439638313607378,8.258893861211103,1.3858784415026413,0.8633414110430158,0.24595581882487932,0.3643593463518973,0.2544595959084755,-0.637435810966041,-0.14358162367059935,0.44775625389643414,0.20180043507155482,0.39961108410306273,0.16591528058052063
ptbxl,cpsc,resnet1d,45,3.9746045511771806,9.092328703753479,0.5279740009053513,0.8633414110430158,0.23069374333554588,0.25540027500567986,0.27091172686530046,-1.217157360109116,-0.2232276265865747,0.33308224415512533,0.10238850081957947,0.4312105007292173,0.12501312792301178
ptbxl,cpsc,resnet1d,46,2.1718877127471963,1.1943457661662065,1.124471661718901,0.8633414110430158,0.07571958497304276,0.2126714573414362,0.26414459089233183,-0.030657702895994527,-0.12677711948180115,0.3606411448716538,0.284921559898611,0.3889158969372873,0.09298689663410187
