source,target,arch,seed,split,variant,auroc,auprc,f1,ppv,npv,mcc,auroc_ts_minus_raw,auprc_ts_minus_raw
chapman,cpsc,inceptiontime,42,cal,raw,0.641959,0.437865,0.412018,0.395101,0.920983,0.634670,,
chapman,cpsc,inceptiontime,42,cal,ts,0.637256,0.436880,0.412018,0.395101,0.920983,0.634670,,
chapman,cpsc,inceptiontime,42,cal,binned,0.713937,0.445901,0.412018,0.395101,0.920983,0.634670,,
chapman,cpsc,inceptiontime,42,cal,threshold,0.713937,0.445901,0.412018,0.395101,0.920983,0.634670,,
chapman,cpsc,inceptiontime,42,test,raw,0.633974,0.372820,0.247922,0.215651,0.787607,0.150939,,
chapman,cpsc,inceptiontime,42,test,ts,0.630012,0.369352,0.247922,0.215651,0.787607,0.150939,-0.003962,-0.003468
chapman,cpsc,inceptiontime,42,test,binned,0.642765,0.382509,0.247922,0.215651,0.787607,0.150939,,
chapman,cpsc,inceptiontime,42,test,threshold,0.642765,0.382509,0.247922,0.215651,0.787607,0.150939,,
chapman,cpsc,inceptiontime,43,cal,raw,0.699975,0.435949,0.400207,0.399147,0.884092,0.577185,,
chapman,cpsc,inceptiontime,43,cal,ts,0.696227,0.435382,0.400207,0.399147,0.884092,0.577185,,
chapman,cpsc,inceptiontime,43,cal,binned,0.766011,0.446890,0.400207,0.399147,0.884092,0.577185,,
chapman,cpsc,inceptiontime,43,cal,threshold,0.766011,0.446890,0.400207,0.399147,0.884092,0.577185,,
chapman,cpsc,inceptiontime,43,test,raw,0.632385,0.367825,0.260144,0.205035,0.764295,0.101672,,
chapman,cpsc,inceptiontime,43,test,ts,0.629580,0.364964,0.260144,0.205035,0.764295,0.101672,-0.002805,-0.002861
chapman,cpsc,inceptiontime,43,test,binned,0.652443,0.388064,0.260144,0.205035,0.764295,0.101672,,
chapman,cpsc,inceptiontime,43,test,threshold,0.652443,0.388064,0.260144,0.205035,0.764295,0.101672,,
chapman,cpsc,inceptiontime,44,cal,raw,0.765769,0.478026,0.433224,0.421204,0.938676,0.681819,,
chapman,cpsc,inceptiontime,44,cal,ts,0.756856,0.476396,0.433224,0.421204,0.938676,0.681819,,
chapman,cpsc,inceptiontime,44,cal,binned,0.833421,0.498191,0.433224,0.421204,0.938676,0.681819,,
chapman,cpsc,inceptiontime,44,cal,threshold,0.833421,0.498191,0.433224,0.421204,0.938676,0.681819,,
chapman,cpsc,inceptiontime,44,test,raw,0.668723,0.407676,0.261551,0.226568,0.789832,0.159780,,
chapman,cpsc,inceptiontime,44,test,ts,0.665548,0.402804,0.261551,0.226568,0.789832,0.159780,-0.003175,-0.004872
chapman,cpsc,inceptiontime,44,test,binned,0.701501,0.437546,0.261551,0.226568,0.789832,0.159780,,
chapman,cpsc,inceptiontime,44,test,threshold,0.701501,0.437546,0.261551,0.226568,0.789832,0.159780,,
chapman,cpsc,inceptiontime,45,cal,raw,0.780591,0.488145,0.428315,0.420231,0.927337,0.660375,,
chapman,cpsc,inceptiontime,45,cal,ts,0.775614,0.482213,0.428315,0.420231,0.927337,0.660375,,
chapman,cpsc,inceptiontime,45,cal,binned,0.811719,0.520731,0.428315,0.420231,0.927337,0.660375,,
chapman,cpsc,inceptiontime,45,cal,threshold,0.811719,0.520731,0.428315,0.420231,0.927337,0.660375,,
chapman,cpsc,inceptiontime,45,test,raw,0.686774,0.436134,0.247124,0.212265,0.774276,0.109113,,
chapman,cpsc,inceptiontime,45,test,ts,0.685633,0.429820,0.247124,0.212265,0.774276,0.109113,-0.001141,-0.006314
chapman,cpsc,inceptiontime,45,test,binned,0.688627,0.444399,0.247124,0.212265,0.774276,0.109113,,
chapman,cpsc,inceptiontime,45,test,threshold,0.688627,0.444399,0.247124,0.212265,0.774276,0.109113,,
chapman,cpsc,inceptiontime,46,cal,raw,0.780140,0.480840,0.442117,0.428321,0.939098,0.717987,,
chapman,cpsc,inceptiontime,46,cal,ts,0.773454,0.480032,0.442117,0.428321,0.939098,0.717987,,
chapman,cpsc,inceptiontime,46,cal,binned,0.862877,0.505653,0.442117,0.428321,0.939098,0.717987,,
chapman,cpsc,inceptiontime,46,cal,threshold,0.862877,0.505653,0.442117,0.428321,0.939098,0.717987,,
chapman,cpsc,inceptiontime,46,test,raw,0.665322,0.403961,0.256562,0.209513,0.776487,0.126746,,
chapman,cpsc,inceptiontime,46,test,ts,0.662580,0.404320,0.256562,0.209513,0.776487,0.126746,-0.002742,0.000359
chapman,cpsc,inceptiontime,46,test,binned,0.700981,0.444267,0.256562,0.209513,0.776487,0.126746,,
chapman,cpsc,inceptiontime,46,test,threshold,0.700981,0.444267,0.256562,0.209513,0.776487,0.126746,,
chapman,cpsc,resnet1d,42,cal,raw,0.790868,0.481509,0.442527,0.431318,0.938692,0.714498,,
chapman,cpsc,resnet1d,42,cal,ts,0.775740,0.478364,0.442527,0.431318,0.938692,0.714498,,
chapman,cpsc,resnet1d,42,cal,binned,0.840170,0.510734,0.442527,0.431318,0.938692,0.714498,,
chapman,cpsc,resnet1d,42,cal,threshold,0.840170,0.510734,0.442527,0.431318,0.938692,0.714498,,
chapman,cpsc,resnet1d,42,test,raw,0.688369,0.427334,0.285882,0.238002,0.798053,0.195697,,
chapman,cpsc,resnet1d,42,test,ts,0.679462,0.423185,0.285882,0.238002,0.798053,0.195697,-0.008908,-0.004149
chapman,cpsc,resnet1d,42,test,binned,0.724746,0.457101,0.285882,0.238002,0.798053,0.195697,,
chapman,cpsc,resnet1d,42,test,threshold,0.724746,0.457101,0.285882,0.238002,0.798053,0.195697,,
chapman,cpsc,resnet1d,43,cal,raw,0.713909,0.459218,0.437026,0.422643,0.936581,0.702141,,
chapman,cpsc,resnet1d,43,cal,ts,0.701957,0.458159,0.437026,0.422643,0.936581,0.702141,,
chapman,cpsc,resnet1d,43,cal,binned,0.787437,0.494041,0.437026,0.422643,0.936581,0.702141,,
chapman,cpsc,resnet1d,43,cal,threshold,0.787437,0.494041,0.437026,0.422643,0.936581,0.702141,,
chapman,cpsc,resnet1d,43,test,raw,0.673008,0.415636,0.252752,0.222930,0.788121,0.157222,,
chapman,cpsc,resnet1d,43,test,ts,0.669896,0.412077,0.252752,0.222930,0.788121,0.157222,-0.003112,-0.003559
chapman,cpsc,resnet1d,43,test,binned,0.700566,0.421124,0.252752,0.222930,0.788121,0.157222,,
chapman,cpsc,resnet1d,43,test,threshold,0.700566,0.421124,0.252752,0.222930,0.788121,0.157222,,
chapman,cpsc,resnet1d,44,cal,raw,0.762405,0.480517,0.442281,0.431059,0.927076,0.682478,,
chapman,cpsc,resnet1d,44,cal,ts,0.753319,0.478347,0.442281,0.431059,0.927076,0.682478,,
chapman,cpsc,resnet1d,44,cal,binned,0.786652,0.487149,0.442281,0.431059,0.927076,0.682478,,
chapman,cpsc,resnet1d,44,cal,threshold,0.786652,0.487149,0.442281,0.431059,0.927076,0.682478,,
chapman,cpsc,resnet1d,44,test,raw,0.670515,0.384238,0.283182,0.234630,0.792087,0.175369,,
chapman,cpsc,resnet1d,44,test,ts,0.665117,0.378599,0.283182,0.234630,0.792087,0.175369,-0.005398,-0.005640
chapman,cpsc,resnet1d,44,test,binned,0.692114,0.399342,0.283182,0.234630,0.792087,0.175369,,
chapman,cpsc,resnet1d,44,test,threshold,0.692114,0.399342,0.283182,0.234630,0.792087,0.175369,,
chapman,cpsc,resnet1d,45,cal,raw,0.822757,0.493461,0.438382,0.436719,0.927794,0.698844,,
chapman,cpsc,resnet1d,45,cal,ts,0.813140,0.489683,0.438382,0.436719,0.927794,0.698844,,
chapman,cpsc,resnet1d,45,cal,binned,0.851902,0.515175,0.438382,0.436719,0.927794,0.698844,,
chapman,cpsc,resnet1d,45,cal,threshold,0.851902,0.515175,0.438382,0.436719,0.927794,0.698844,,
chapman,cpsc,resnet1d,45,test,raw,0.718896,0.453516,0.288400,0.244240,0.801786,0.200144,,
chapman,cpsc,resnet1d,45,test,ts,0.715643,0.448979,0.288400,0.244240,0.801786,0.200144,-0.003253,-0.004537
chapman,cpsc,resnet1d,45,test,binned,0.730417,0.469770,0.288400,0.244240,0.801786,0.200144,,
chapman,cpsc,resnet1d,45,test,threshold,0.730417,0.469770,0.288400,0.244240,0.801786,0.200144,,
chapman,cpsc,resnet1d,46,cal,raw,0.830464,0.529497,0.453737,0.434289,0.944743,0.729077,,
chapman,cpsc,resnet1d,46,cal,ts,0.826864,0.518904,0.453737,0.434289,0.944743,0.729077,,
chapman,cpsc,resnet1d,46,cal,binned,0.841307,0.552294,0.453737,0.434289,0.944743,0.729077,,
chapman,cpsc,resnet1d,46,cal,threshold,0.841307,0.552294,0.453737,0.434289,0.944743,0.729077,,
chapman,cpsc,resnet1d,46,test,raw,0.704578,0.483962,0.251368,0.215849,0.785835,0.146589,,
chapman,cpsc,resnet1d,46,test,ts,0.703786,0.476203,0.251368,0.215849,0.785835,0.146589,-0.000792,-0.007759
chapman,cpsc,resnet1d,46,test,binned,0.708391,0.478399,0.251368,0.215849,0.785835,0.146589,,
chapman,cpsc,resnet1d,46,test,threshold,0.708391,0.478399,0.251368,0.215849,0.785835,0.146589,,
chapman,ptbxl,inceptiontime,42,cal,raw,0.842151,0.385579,0.322589,0.306802,0.922012,0.590467,,
chapman,ptbxl,inceptiontime,42,cal,ts,0.842047,0.385500,0.322589,0.306802,0.922012,0.590467,,
chapman,ptbxl,inceptiontime,42,cal,binned,0.837783,0.384637,0.322589,0.306802,0.922012,0.590467,,
chapman,ptbxl,inceptiontime,42,cal,threshold,0.837783,0.384637,0.322589,0.306802,0.922012,0.590467,,
chapman,ptbxl,inceptiontime,42,test,raw,0.698005,0.358053,0.232743,0.209241,0.855496,0.312915,,
chapman,ptbxl,inceptiontime,42,test,ts,0.697820,0.357871,0.232743,0.209241,0.855496,0.312915,-0.000185,-0.000182
chapman,ptbxl,inceptiontime,42,test,binned,0.702256,0.361452,0.232743,0.209241,0.855496,0.312915,,
chapman,ptbxl,inceptiontime,42,test,threshold,0.702256,0.361452,0.232743,0.209241,0.855496,0.312915,,
chapman,ptbxl,inceptiontime,43,cal,raw,0.858448,0.398903,0.325885,0.310643,0.923491,0.603826,,
chapman,ptbxl,inceptiontime,43,cal,ts,0.858919,0.398753,0.325885,0.310643,0.923491,0.603826,,
chapman,ptbxl,inceptiontime,43,cal,binned,0.846450,0.397339,0.325885,0.310643,0.923491,0.603826,,
chapman,ptbxl,inceptiontime,43,cal,threshold,0.846450,0.397339,0.325885,0.310643,0.923491,0.603826,,
chapman,ptbxl,inceptiontime,43,test,raw,0.702752,0.364603,0.240541,0.205242,0.858768,0.323218,,
chapman,ptbxl,inceptiontime,43,test,ts,0.702902,0.364790,0.240541,0.205242,0.858768,0.323218,0.000150,0.000187
chapman,ptbxl,inceptiontime,43,test,binned,0.700313,0.363277,0.240541,0.205242,0.858768,0.323218,,
chapman,ptbxl,inceptiontime,43,test,threshold,0.700313,0.363277,0.240541,0.205242,0.858768,0.323218,,
chapman,ptbxl,inceptiontime,44,cal,raw,0.896610,0.464590,0.404042,0.472607,0.929864,0.644945,,
chapman,ptbxl,inceptiontime,44,cal,ts,0.896895,0.464754,0.404042,0.472607,0.929864,0.644945,,
chapman,ptbxl,inceptiontime,44,cal,binned,0.900264,0.467755,0.404042,0.472607,0.929864,0.644945,,
chapman,ptbxl,inceptiontime,44,cal,threshold,0.900264,0.467755,0.404042,0.472607,0.929864,0.644945,,
chapman,ptbxl,inceptiontime,44,test,raw,0.723087,0.396918,0.269119,0.360236,0.861998,0.341614,,
chapman,ptbxl,inceptiontime,44,test,ts,0.723385,0.396879,0.269119,0.360236,0.861998,0.341614,0.000298,-0.000039
chapman,ptbxl,inceptiontime,44,test,binned,0.725348,0.394565,0.269119,0.360236,0.861998,0.341614,,
chapman,ptbxl,inceptiontime,44,test,threshold,0.725348,0.394565,0.269119,0.360236,0.861998,0.341614,,
chapman,ptbxl,inceptiontime,45,cal,raw,0.875228,0.427261,0.368061,0.515804,0.934557,0.644491,,
chapman,ptbxl,inceptiontime,45,cal,ts,0.875560,0.427002,0.368061,0.515804,0.934557,0.644491,,
chapman,ptbxl,inceptiontime,45,cal,binned,0.871476,0.427988,0.368061,0.515804,0.934557,0.644491,,
chapman,ptbxl,inceptiontime,45,cal,threshold,0.871476,0.427988,0.368061,0.515804,0.934557,0.644491,,
chapman,ptbxl,inceptiontime,45,test,raw,0.694965,0.338971,0.240205,0.344529,0.854489,0.300357,,
chapman,ptbxl,inceptiontime,45,test,ts,0.695830,0.339825,0.240205,0.344529,0.854489,0.300357,0.000864,0.000853
chapman,ptbxl,inceptiontime,45,test,binned,0.683722,0.331634,0.240205,0.344529,0.854489,0.300357,,
chapman,ptbxl,inceptiontime,45,test,threshold,0.683722,0.331634,0.240205,0.344529,0.854489,0.300357,,
chapman,ptbxl,inceptiontime,46,cal,raw,0.923414,0.524448,0.438104,0.415193,0.947879,0.690983,,
chapman,ptbxl,inceptiontime,46,cal,ts,0.923456,0.524407,0.438104,0.415193,0.947879,0.690983,,
chapman,ptbxl,inceptiontime,46,cal,binned,0.926605,0.523968,0.438104,0.415193,0.947879,0.690983,,
chapman,ptbxl,inceptiontime,46,cal,threshold,0.926605,0.523968,0.438104,0.415193,0.947879,0.690983,,
chapman,ptbxl,inceptiontime,46,test,raw,0.733485,0.395963,0.302303,0.290844,0.869863,0.371496,,
chapman,ptbxl,inceptiontime,46,test,ts,0.733801,0.396243,0.302303,0.290844,0.869863,0.371496,0.000316,0.000279
chapman,ptbxl,inceptiontime,46,test,binned,0.735332,0.397121,0.302303,0.290844,0.869863,0.371496,,
chapman,ptbxl,inceptiontime,46,test,threshold,0.735332,0.397121,0.302303,0.290844,0.869863,0.371496,,
chapman,ptbxl,resnet1d,42,cal,raw,0.921018,0.522176,0.458666,0.474974,0.950160,0.724740,,
chapman,ptbxl,resnet1d,42,cal,ts,0.920965,0.522024,0.458666,0.474974,0.950160,0.724740,,
chapman,ptbxl,resnet1d,42,cal,binned,0.921145,0.523008,0.458666,0.474974,0.950160,0.724740,,
chapman,ptbxl,resnet1d,42,cal,threshold,0.921145,0.523008,0.458666,0.474974,0.950160,0.724740,,
chapman,ptbxl,resnet1d,42,test,raw,0.781352,0.433268,0.309545,0.357741,0.874658,0.405562,,
chapman,ptbxl,resnet1d,42,test,ts,0.781846,0.433896,0.309545,0.357741,0.874658,0.405562,0.000493,0.000628
chapman,ptbxl,resnet1d,42,test,binned,0.781940,0.434622,0.309545,0.357741,0.874658,0.405562,,
chapman,ptbxl,resnet1d,42,test,threshold,0.781940,0.434622,0.309545,0.357741,0.874658,0.405562,,
chapman,ptbxl,resnet1d,43,cal,raw,0.941957,0.630933,0.493623,0.477524,0.959328,0.757773,,
chapman,ptbxl,resnet1d,43,cal,ts,0.942161,0.631618,0.493623,0.477524,0.959328,0.757773,,
chapman,ptbxl,resnet1d,43,cal,binned,0.944937,0.631490,0.493623,0.477524,0.959328,0.757773,,
chapman,ptbxl,resnet1d,43,cal,threshold,0.944937,0.631490,0.493623,0.477524,0.959328,0.757773,,
chapman,ptbxl,resnet1d,43,test,raw,0.766324,0.421611,0.308011,0.283787,0.872888,0.384585,,
chapman,ptbxl,resnet1d,43,test,ts,0.766373,0.422088,0.308011,0.283787,0.872888,0.384585,0.000048,0.000477
chapman,ptbxl,resnet1d,43,test,binned,0.766482,0.422719,0.308011,0.283787,0.872888,0.384585,,
chapman,ptbxl,resnet1d,43,test,threshold,0.766482,0.422719,0.308011,0.283787,0.872888,0.384585,,
chapman,ptbxl,resnet1d,44,cal,raw,0.949745,0.558871,0.452500,0.472561,0.951465,0.741213,,
chapman,ptbxl,resnet1d,44,cal,ts,0.949801,0.556063,0.452500,0.472561,0.951465,0.741213,,
chapman,ptbxl,resnet1d,44,cal,binned,0.950556,0.558667,0.452500,0.472561,0.951465,0.741213,,
chapman,ptbxl,resnet1d,44,cal,threshold,0.950556,0.558667,0.452500,0.472561,0.951465,0.741213,,
chapman,ptbxl,resnet1d,44,test,raw,0.773679,0.428899,0.283341,0.291556,0.871363,0.384994,,
chapman,ptbxl,resnet1d,44,test,ts,0.773844,0.429229,0.283341,0.291556,0.871363,0.384994,0.000165,0.000330
chapman,ptbxl,resnet1d,44,test,binned,0.768056,0.426328,0.283341,0.291556,0.871363,0.384994,,
chapman,ptbxl,resnet1d,44,test,threshold,0.768056,0.426328,0.283341,0.291556,0.871363,0.384994,,
chapman,ptbxl,resnet1d,45,cal,raw,0.856703,0.410737,0.326090,0.309055,0.934075,0.622900,,
chapman,ptbxl,resnet1d,45,cal,ts,0.856505,0.407620,0.326090,0.309055,0.934075,0.622900,,
chapman,ptbxl,resnet1d,45,cal,binned,0.859702,0.396182,0.326090,0.309055,0.934075,0.622900,,
chapman,ptbxl,resnet1d,45,cal,threshold,0.859702,0.396182,0.326090,0.309055,0.934075,0.622900,,
chapman,ptbxl,resnet1d,45,test,raw,0.714160,0.376747,0.245738,0.206067,0.861463,0.335490,,
chapman,ptbxl,resnet1d,45,test,ts,0.714027,0.376683,0.245738,0.206067,0.861463,0.335490,-0.000133,-0.000064
chapman,ptbxl,resnet1d,45,test,binned,0.712217,0.374089,0.245738,0.206067,0.861463,0.335490,,
chapman,ptbxl,resnet1d,45,test,threshold,0.712217,0.374089,0.245738,0.206067,0.861463,0.335490,,
chapman,ptbxl,resnet1d,46,cal,raw,0.922518,0.534874,0.474345,0.449743,0.955452,0.729837,,
chapman,ptbxl,resnet1d,46,cal,ts,0.922091,0.534088,0.474345,0.449743,0.955452,0.729837,,
chapman,ptbxl,resnet1d,46,cal,binned,0.917637,0.534027,0.474345,0.449743,0.955452,0.729837,,
chapman,ptbxl,resnet1d,46,cal,threshold,0.917637,0.534027,0.474345,0.449743,0.955452,0.729837,,
chapman,ptbxl,resnet1d,46,test,raw,0.765090,0.415757,0.332191,0.298204,0.876418,0.403928,,
chapman,ptbxl,resnet1d,46,test,ts,0.765126,0.415871,0.332191,0.298204,0.876418,0.403928,0.000035,0.000114
chapman,ptbxl,resnet1d,46,test,binned,0.764712,0.417755,0.332191,0.298204,0.876418,0.403928,,
chapman,ptbxl,resnet1d,46,test,threshold,0.764712,0.417755,0.332191,0.298204,0.876418,0.403928,,
cpsc,chapman,inceptiontime,42,cal,raw,0.662854,0.442377,0.365113,0.382615,0.821482,0.227005,,
cpsc,chapman,inceptiontime,42,cal,ts,0.646384,0.441943,0.365113,0.382615,0.821482,0.227005,,
cpsc,chapman,inceptiontime,42,cal,binned,0.652016,0.442000,0.365113,0.382615,0.821482,0.227005,,
cpsc,chapman,inceptiontime,42,cal,threshold,0.652016,0.442000,0.365113,0.382615,0.821482,0.227005,,
cpsc,chapman,inceptiontime,42,test,raw,0.617787,0.406060,0.277500,0.403708,0.785391,0.146408,,
cpsc,chapman,inceptiontime,42,test,ts,0.593539,0.408520,0.277500,0.403708,0.785391,0.146408,-0.024247,0.002459
cpsc,chapman,inceptiontime,42,test,binned,0.618524,0.408400,0.277500,0.403708,0.785391,0.146408,,
cpsc,chapman,inceptiontime,42,test,threshold,0.618524,0.408400,0.277500,0.403708,0.785391,0.146408,,
cpsc,chapman,inceptiontime,43,cal,raw,0.648799,0.460762,0.315709,0.454691,0.812894,0.183527,,
cpsc,chapman,inceptiontime,43,cal,ts,0.637023,0.455229,0.315709,0.454691,0.812894,0.183527,,
cpsc,chapman,inceptiontime,43,cal,binned,0.649180,0.447754,0.315709,0.454691,0.812894,0.183527,,
cpsc,chapman,inceptiontime,43,cal,threshold,0.649180,0.447754,0.315709,0.454691,0.812894,0.183527,,
cpsc,chapman,inceptiontime,43,test,raw,0.597218,0.404489,0.207622,0.370922,0.762207,0.034509,,
cpsc,chapman,inceptiontime,43,test,ts,0.594567,0.409777,0.207622,0.370922,0.762207,0.034509,-0.002651,0.005288
cpsc,chapman,inceptiontime,43,test,binned,0.563489,0.352671,0.207622,0.370922,0.762207,0.034509,,
cpsc,chapman,inceptiontime,43,test,threshold,0.563489,0.352671,0.207622,0.370922,0.762207,0.034509,,
cpsc,chapman,inceptiontime,44,cal,raw,0.621680,0.436467,0.370529,0.369838,0.814769,0.209269,,
cpsc,chapman,inceptiontime,44,cal,ts,0.611596,0.432099,0.370529,0.369838,0.814769,0.209269,,
cpsc,chapman,inceptiontime,44,cal,binned,0.626339,0.426107,0.370529,0.369838,0.814769,0.209269,,
cpsc,chapman,inceptiontime,44,cal,threshold,0.626339,0.426107,0.370625,0.369957,0.814967,0.209596,,
cpsc,chapman,inceptiontime,44,test,raw,0.601629,0.403322,0.272846,0.420925,0.789738,0.152970,,
cpsc,chapman,inceptiontime,44,test,ts,0.589606,0.405988,0.272846,0.420925,0.789738,0.152970,-0.012023,0.002665
cpsc,chapman,inceptiontime,44,test,binned,0.597113,0.391668,0.272846,0.420925,0.789738,0.152970,,
cpsc,chapman,inceptiontime,44,test,threshold,0.597113,0.391668,0.272665,0.420839,0.789545,0.152140,,
cpsc,chapman,inceptiontime,45,cal,raw,0.663327,0.458490,0.377540,0.408717,0.817744,0.195360,,
cpsc,chapman,inceptiontime,45,cal,ts,0.654214,0.451555,0.377540,0.408717,0.817744,0.195360,,
cpsc,chapman,inceptiontime,45,cal,binned,0.672780,0.455082,0.377540,0.408717,0.817744,0.195360,,
cpsc,chapman,inceptiontime,45,cal,threshold,0.672780,0.455082,0.377540,0.408717,0.817744,0.195360,,
cpsc,chapman,inceptiontime,45,test,raw,0.612064,0.409998,0.247544,0.417008,0.770110,0.079645,,
cpsc,chapman,inceptiontime,45,test,ts,0.601477,0.410881,0.247544,0.417008,0.770110,0.079645,-0.010587,0.000883
cpsc,chapman,inceptiontime,45,test,binned,0.595985,0.393190,0.247544,0.417008,0.770110,0.079645,,
cpsc,chapman,inceptiontime,45,test,threshold,0.595985,0.393190,0.247544,0.417008,0.770110,0.079645,,
cpsc,chapman,inceptiontime,46,cal,raw,0.628389,0.407504,0.366887,0.387056,0.804338,0.160230,,
cpsc,chapman,inceptiontime,46,cal,ts,0.635046,0.398368,0.366887,0.387056,0.804338,0.160230,,
cpsc,chapman,inceptiontime,46,cal,binned,0.660199,0.408101,0.366887,0.387056,0.804338,0.160230,,
cpsc,chapman,inceptiontime,46,cal,threshold,0.660199,0.408101,0.366887,0.387056,0.804338,0.160230,,
cpsc,chapman,inceptiontime,46,test,raw,0.581352,0.362272,0.233410,0.380751,0.764713,0.056871,,
cpsc,chapman,inceptiontime,46,test,ts,0.593106,0.358704,0.233410,0.380751,0.764713,0.056871,0.011754,-0.003568
cpsc,chapman,inceptiontime,46,test,binned,0.577726,0.329056,0.233410,0.380751,0.764713,0.056871,,
cpsc,chapman,inceptiontime,46,test,threshold,0.577726,0.329056,0.233410,0.380751,0.764713,0.056871,,
cpsc,chapman,resnet1d,42,cal,raw,0.663160,0.435642,0.371285,0.382940,0.812545,0.207932,,
cpsc,chapman,resnet1d,42,cal,ts,0.654423,0.432457,0.371285,0.382940,0.812545,0.207932,,
cpsc,chapman,resnet1d,42,cal,binned,0.704693,0.433404,0.371285,0.382940,0.812545,0.207932,,
cpsc,chapman,resnet1d,42,cal,threshold,0.704693,0.433404,0.371285,0.382940,0.812545,0.207932,,
cpsc,chapman,resnet1d,42,test,raw,0.653909,0.380653,0.279673,0.381637,0.785805,0.135445,,
cpsc,chapman,resnet1d,42,test,ts,0.647323,0.377266,0.279673,0.381637,0.785805,0.135445,-0.006586,-0.003387
cpsc,chapman,resnet1d,42,test,binned,0.672254,0.372306,0.279673,0.381637,0.785805,0.135445,,
cpsc,chapman,resnet1d,42,test,threshold,0.672254,0.372306,0.279673,0.381637,0.785805,0.135445,,
cpsc,chapman,resnet1d,43,cal,raw,0.724871,0.477940,0.360016,0.413032,0.824208,0.219469,,
cpsc,chapman,resnet1d,43,cal,ts,0.706176,0.471830,0.360016,0.413032,0.824208,0.219469,,
cpsc,chapman,resnet1d,43,cal,binned,0.740660,0.477872,0.360016,0.413032,0.824208,0.219469,,
cpsc,chapman,resnet1d,43,cal,threshold,0.740660,0.477872,0.360323,0.413281,0.824527,0.220744,,
cpsc,chapman,resnet1d,43,test,raw,0.703335,0.418363,0.241175,0.425911,0.778382,0.107662,,
cpsc,chapman,resnet1d,43,test,ts,0.685586,0.422202,0.241175,0.425911,0.778382,0.107662,-0.017749,0.003840
cpsc,chapman,resnet1d,43,test,binned,0.706369,0.393071,0.241175,0.425911,0.778382,0.107662,,
cpsc,chapman,resnet1d,43,test,threshold,0.706369,0.393071,0.241245,0.425957,0.778447,0.107960,,
cpsc,chapman,resnet1d,44,cal,raw,0.628874,0.448621,0.374419,0.408862,0.818248,0.192255,,
cpsc,chapman,resnet1d,44,cal,ts,0.634674,0.447038,0.374419,0.408862,0.818248,0.192255,,
cpsc,chapman,resnet1d,44,cal,binned,0.692726,0.454927,0.374419,0.408862,0.818248,0.192255,,
cpsc,chapman,resnet1d,44,cal,threshold,0.692726,0.454927,0.375119,0.409121,0.818819,0.194168,,
cpsc,chapman,resnet1d,44,test,raw,0.573818,0.409050,0.254180,0.420350,0.786358,0.119853,,
cpsc,chapman,resnet1d,44,test,ts,0.585564,0.413986,0.254180,0.420350,0.786358,0.119853,0.011746,0.004937
cpsc,chapman,resnet1d,44,test,binned,0.621473,0.367567,0.254180,0.420350,0.786358,0.119853,,
cpsc,chapman,resnet1d,44,test,threshold,0.621473,0.367567,0.255068,0.420579,0.787380,0.122783,,
cpsc,chapman,resnet1d,45,cal,raw,0.692079,0.454836,0.382045,0.379125,0.825291,0.234758,,
cpsc,chapman,resnet1d,45,cal,ts,0.680213,0.449665,0.382045,0.379125,0.825291,0.234758,,
cpsc,chapman,resnet1d,45,cal,binned,0.710424,0.449558,0.382045,0.379125,0.825291,0.234758,,
cpsc,chapman,resnet1d,45,cal,threshold,0.710424,0.449558,0.382045,0.379125,0.825291,0.234758,,
cpsc,chapman,resnet1d,45,test,raw,0.678529,0.422605,0.337324,0.426654,0.833357,0.298562,,
cpsc,chapman,resnet1d,45,test,ts,0.664503,0.418023,0.337324,0.426654,0.833357,0.298562,-0.014025,-0.004582
cpsc,chapman,resnet1d,45,test,binned,0.689434,0.420707,0.337324,0.426654,0.833357,0.298562,,
cpsc,chapman,resnet1d,45,test,threshold,0.689434,0.420707,0.337324,0.426654,0.833357,0.298562,,
cpsc,chapman,resnet1d,46,cal,raw,0.656298,0.475322,0.384625,0.410538,0.826133,0.220880,,
cpsc,chapman,resnet1d,46,cal,ts,0.651841,0.471796,0.384625,0.410538,0.826133,0.220880,,
cpsc,chapman,resnet1d,46,cal,binned,0.679364,0.464147,0.384625,0.410538,0.826133,0.220880,,
cpsc,chapman,resnet1d,46,cal,threshold,0.679364,0.464147,0.384625,0.410538,0.826133,0.220880,,
cpsc,chapman,resnet1d,46,test,raw,0.692534,0.440782,0.274512,0.436210,0.790018,0.154917,,
cpsc,chapman,resnet1d,46,test,ts,0.673116,0.438071,0.274512,0.436210,0.790018,0.154917,-0.019417,-0.002711
cpsc,chapman,resnet1d,46,test,binned,0.662984,0.422677,0.274512,0.436210,0.790018,0.154917,,
cpsc,chapman,resnet1d,46,test,threshold,0.662984,0.422677,0.274512,0.436210,0.790018,0.154917,,
cpsc,ptbxl,inceptiontime,42,cal,raw,0.662854,0.442377,0.365113,0.382615,0.821482,0.227005,,
cpsc,ptbxl,inceptiontime,42,cal,ts,0.646384,0.441943,0.365113,0.382615,0.821482,0.227005,,
cpsc,ptbxl,inceptiontime,42,cal,binned,0.652016,0.442000,0.365113,0.382615,0.821482,0.227005,,
cpsc,ptbxl,inceptiontime,42,cal,threshold,0.652016,0.442000,0.365113,0.382615,0.821482,0.227005,,
cpsc,ptbxl,inceptiontime,42,test,raw,0.622626,0.417991,0.241215,0.367837,0.779336,0.125324,,
cpsc,ptbxl,inceptiontime,42,test,ts,0.622407,0.420226,0.241215,0.367837,0.779336,0.125324,-0.000218,0.002235
cpsc,ptbxl,inceptiontime,42,test,binned,0.615651,0.412298,0.241215,0.367837,0.779336,0.125324,,
cpsc,ptbxl,inceptiontime,42,test,threshold,0.615651,0.412298,0.241215,0.367837,0.779336,0.125324,,
cpsc,ptbxl,inceptiontime,43,cal,raw,0.648799,0.460762,0.315709,0.454691,0.812894,0.183527,,
cpsc,ptbxl,inceptiontime,43,cal,ts,0.637023,0.455229,0.315709,0.454691,0.812894,0.183527,,
cpsc,ptbxl,inceptiontime,43,cal,binned,0.649180,0.447754,0.315709,0.454691,0.812894,0.183527,,
cpsc,ptbxl,inceptiontime,43,cal,threshold,0.649180,0.447754,0.315709,0.454691,0.812894,0.183527,,
cpsc,ptbxl,inceptiontime,43,test,raw,0.621287,0.403109,0.158981,0.354693,0.758260,0.039823,,
cpsc,ptbxl,inceptiontime,43,test,ts,0.624861,0.416038,0.158981,0.354693,0.758260,0.039823,0.003574,0.012929
cpsc,ptbxl,inceptiontime,43,test,binned,0.597500,0.364005,0.158981,0.354693,0.758260,0.039823,,
cpsc,ptbxl,inceptiontime,43,test,threshold,0.597500,0.364005,0.158981,0.354693,0.758260,0.039823,,
cpsc,ptbxl,inceptiontime,44,cal,raw,0.683739,0.472714,0.390421,0.406475,0.824870,0.227249,,
cpsc,ptbxl,inceptiontime,44,cal,ts,0.671456,0.470951,0.390421,0.406475,0.824870,0.227249,,
cpsc,ptbxl,inceptiontime,44,cal,binned,0.682106,0.464225,0.390421,0.406475,0.824870,0.227249,,
cpsc,ptbxl,inceptiontime,44,cal,threshold,0.682106,0.464225,0.390421,0.406475,0.824870,0.227249,,
cpsc,ptbxl,inceptiontime,44,test,raw,0.662999,0.419746,0.247221,0.375749,0.781003,0.125038,,
cpsc,ptbxl,inceptiontime,44,test,ts,0.656179,0.417867,0.247221,0.375749,0.781003,0.125038,-0.006819,-0.001879
cpsc,ptbxl,inceptiontime,44,test,binned,0.649578,0.410699,0.247221,0.375749,0.781003,0.125038,,
cpsc,ptbxl,inceptiontime,44,test,threshold,0.649578,0.410699,0.247221,0.375749,0.781003,0.125038,,
cpsc,ptbxl,inceptiontime,45,cal,raw,0.630539,0.438926,0.297136,0.392285,0.805004,0.138968,,
cpsc,ptbxl,inceptiontime,45,cal,ts,0.625899,0.434044,0.297136,0.392285,0.805004,0.138968,,
cpsc,ptbxl,inceptiontime,45,cal,binned,0.626472,0.429240,0.297136,0.392285,0.805004,0.138968,,
cpsc,ptbxl,inceptiontime,45,cal,threshold,0.626472,0.429240,0.297136,0.392285,0.805004,0.138968,,
cpsc,ptbxl,inceptiontime,45,test,raw,0.626083,0.390479,0.208568,0.378806,0.765395,0.063170,,
cpsc,ptbxl,inceptiontime,45,test,ts,0.633318,0.400930,0.208568,0.378806,0.765395,0.063170,0.007235,0.010452
cpsc,ptbxl,inceptiontime,45,test,binned,0.626604,0.376359,0.208568,0.378806,0.765395,0.063170,,
cpsc,ptbxl,inceptiontime,45,test,threshold,0.626604,0.376359,0.208568,0.378806,0.765395,0.063170,,
cpsc,ptbxl,inceptiontime,46,cal,raw,0.667953,0.463732,0.375132,0.367618,0.820061,0.219986,,
cpsc,ptbxl,inceptiontime,46,cal,ts,0.656566,0.458424,0.375132,0.367618,0.820061,0.219986,,
cpsc,ptbxl,inceptiontime,46,cal,binned,0.656074,0.453358,0.375132,0.367618,0.820061,0.219986,,
cpsc,ptbxl,inceptiontime,46,cal,threshold,0.656074,0.453358,0.375132,0.367618,0.820061,0.219986,,
cpsc,ptbxl,inceptiontime,46,test,raw,0.650225,0.429100,0.291874,0.379758,0.797655,0.191361,,
cpsc,ptbxl,inceptiontime,46,test,ts,0.650996,0.431807,0.291874,0.379758,0.797655,0.191361,0.000771,0.002707
cpsc,ptbxl,inceptiontime,46,test,binned,0.642778,0.425032,0.291874,0.379758,0.797655,0.191361,,
cpsc,ptbxl,inceptiontime,46,test,threshold,0.642778,0.425032,0.291874,0.379758,0.797655,0.191361,,
cpsc,ptbxl,resnet1d,42,cal,raw,0.659969,0.457824,0.393371,0.408774,0.827991,0.238950,,
cpsc,ptbxl,resnet1d,42,cal,ts,0.657929,0.456137,0.393371,0.408774,0.827991,0.238950,,
cpsc,ptbxl,resnet1d,42,cal,binned,0.666290,0.442860,0.393371,0.408774,0.827991,0.238950,,
cpsc,ptbxl,resnet1d,42,cal,threshold,0.666290,0.442860,0.393371,0.408774,0.827991,0.238950,,
cpsc,ptbxl,resnet1d,42,test,raw,0.650905,0.410361,0.243561,0.380208,0.775902,0.107227,,
cpsc,ptbxl,resnet1d,42,test,ts,0.658651,0.418572,0.243561,0.380208,0.775902,0.107227,0.007746,0.008210
cpsc,ptbxl,resnet1d,42,test,binned,0.653349,0.388723,0.243561,0.380208,0.775902,0.107227,,
cpsc,ptbxl,resnet1d,42,test,threshold,0.653349,0.388723,0.243561,0.380208,0.775902,0.107227,,
cpsc,ptbxl,resnet1d,43,cal,raw,0.653799,0.447407,0.372240,0.407102,0.822670,0.220773,,
cpsc,ptbxl,resnet1d,43,cal,ts,0.646072,0.445819,0.372240,0.407102,0.822670,0.220773,,
cpsc,ptbxl,resnet1d,43,cal,binned,0.643152,0.438793,0.372240,0.407102,0.822670,0.220773,,
cpsc,ptbxl,resnet1d,43,cal,threshold,0.643152,0.438793,0.373505,0.408648,0.822956,0.222174,,
cpsc,ptbxl,resnet1d,43,test,raw,0.641065,0.404525,0.215673,0.369612,0.770913,0.094119,,
cpsc,ptbxl,resnet1d,43,test,ts,0.645118,0.418098,0.215673,0.369612,0.770913,0.094119,0.004053,0.013573
cpsc,ptbxl,resnet1d,43,test,binned,0.642240,0.400122,0.215673,0.369612,0.770913,0.094119,,
cpsc,ptbxl,resnet1d,43,test,threshold,0.642240,0.400122,0.216596,0.370568,0.771073,0.095026,,
cpsc,ptbxl,resnet1d,44,cal,raw,0.640968,0.460636,0.389399,0.407407,0.828249,0.233627,,
cpsc,ptbxl,resnet1d,44,cal,ts,0.634159,0.459183,0.389399,0.407407,0.828249,0.233627,,
cpsc,ptbxl,resnet1d,44,cal,binned,0.634249,0.443917,0.389399,0.407407,0.828249,0.233627,,
cpsc,ptbxl,resnet1d,44,cal,threshold,0.634249,0.443917,0.389399,0.407407,0.828249,0.233627,,
cpsc,ptbxl,resnet1d,44,test,raw,0.627225,0.397123,0.246245,0.375186,0.775618,0.105717,,
cpsc,ptbxl,resnet1d,44,test,ts,0.631294,0.400965,0.246245,0.375186,0.775618,0.105717,0.004069,0.003842
cpsc,ptbxl,resnet1d,44,test,binned,0.629532,0.369187,0.246245,0.375186,0.775618,0.105717,,
cpsc,ptbxl,resnet1d,44,test,threshold,0.629532,0.369187,0.246245,0.375186,0.775618,0.105717,,
cpsc,ptbxl,resnet1d,45,cal,raw,0.661488,0.466902,0.405394,0.390559,0.836932,0.274828,,
cpsc,ptbxl,resnet1d,45,cal,ts,0.649041,0.453914,0.405394,0.390559,0.836932,0.274828,,
cpsc,ptbxl,resnet1d,45,cal,binned,0.661366,0.452738,0.405394,0.390559,0.836932,0.274828,,
cpsc,ptbxl,resnet1d,45,cal,threshold,0.661366,0.452738,0.405394,0.390559,0.836932,0.274828,,
cpsc,ptbxl,resnet1d,45,test,raw,0.640099,0.423789,0.289624,0.389712,0.791380,0.166016,,
cpsc,ptbxl,resnet1d,45,test,ts,0.646297,0.431251,0.289624,0.389712,0.791380,0.166016,0.006198,0.007462
cpsc,ptbxl,resnet1d,45,test,binned,0.636002,0.423521,0.289624,0.389712,0.791380,0.166016,,
cpsc,ptbxl,resnet1d,45,test,threshold,0.636002,0.423521,0.289624,0.389712,0.791380,0.166016,,
cpsc,ptbxl,resnet1d,46,cal,raw,0.658034,0.468801,0.390425,0.406724,0.826947,0.226109,,
cpsc,ptbxl,resnet1d,46,cal,ts,0.638296,0.466350,0.390425,0.406724,0.826947,0.226109,,
cpsc,ptbxl,resnet1d,46,cal,binned,0.700025,0.448246,0.390425,0.406724,0.826947,0.226109,,
cpsc,ptbxl,resnet1d,46,cal,threshold,0.700025,0.448246,0.390425,0.406724,0.826947,0.226109,,
cpsc,ptbxl,resnet1d,46,test,raw,0.676601,0.441887,0.252576,0.382691,0.778867,0.117607,,
cpsc,ptbxl,resnet1d,46,test,ts,0.678441,0.449727,0.252576,0.382691,0.778867,0.117607,0.001840,0.007839
cpsc,ptbxl,resnet1d,46,test,binned,0.678893,0.436229,0.252576,0.382691,0.778867,0.117607,,
cpsc,ptbxl,resnet1d,46,test,threshold,0.678893,0.436229,0.252576,0.382691,0.778867,0.117607,,
ptbxl,chapman,inceptiontime,42,cal,raw,0.880631,0.606041,0.538045,0.543318,0.916137,0.581364,,
ptbxl,chapman,inceptiontime,42,cal,ts,0.881492,0.606226,0.538045,0.543318,0.916137,0.581364,,
ptbxl,chapman,inceptiontime,42,cal,binned,0.882299,0.607051,0.538045,0.543318,0.916137,0.581364,,
ptbxl,chapman,inceptiontime,42,cal,threshold,0.882299,0.607051,0.538045,0.543318,0.916137,0.581364,,
ptbxl,chapman,inceptiontime,42,test,raw,0.833228,0.381897,0.343097,0.347626,0.901841,0.421898,,
ptbxl,chapman,inceptiontime,42,test,ts,0.834428,0.383260,0.343097,0.347626,0.901841,0.421898,0.001200,0.001363
ptbxl,chapman,inceptiontime,42,test,binned,0.834518,0.384328,0.343097,0.347626,0.901841,0.421898,,
ptbxl,chapman,inceptiontime,42,test,threshold,0.834518,0.384328,0.343097,0.347626,0.901841,0.421898,,
ptbxl,chapman,inceptiontime,43,cal,raw,0.865007,0.595085,0.540198,0.556366,0.917351,0.594118,,
ptbxl,chapman,inceptiontime,43,cal,ts,0.866266,0.596310,0.540198,0.556366,0.917351,0.594118,,
ptbxl,chapman,inceptiontime,43,cal,binned,0.874769,0.604828,0.540198,0.556366,0.917351,0.594118,,
ptbxl,chapman,inceptiontime,43,cal,threshold,0.874769,0.604828,0.540198,0.556366,0.917351,0.594118,,
ptbxl,chapman,inceptiontime,43,test,raw,0.835668,0.398640,0.333513,0.353533,0.899764,0.409559,,
ptbxl,chapman,inceptiontime,43,test,ts,0.837097,0.399246,0.333513,0.353533,0.899764,0.409559,0.001429,0.000606
ptbxl,chapman,inceptiontime,43,test,binned,0.838614,0.400818,0.333513,0.353533,0.899764,0.409559,,
ptbxl,chapman,inceptiontime,43,test,threshold,0.838614,0.400818,0.333513,0.353533,0.899764,0.409559,,
ptbxl,chapman,inceptiontime,44,cal,raw,0.876962,0.602981,0.533220,0.548165,0.915518,0.585674,,
ptbxl,chapman,inceptiontime,44,cal,ts,0.877620,0.603340,0.533220,0.548165,0.915518,0.585674,,
ptbxl,chapman,inceptiontime,44,cal,binned,0.881021,0.610485,0.533220,0.548165,0.915518,0.585674,,
ptbxl,chapman,inceptiontime,44,cal,threshold,0.881021,0.610485,0.533220,0.548165,0.915518,0.585674,,
ptbxl,chapman,inceptiontime,44,test,raw,0.821450,0.370615,0.315344,0.340950,0.891251,0.377624,,
ptbxl,chapman,inceptiontime,44,test,ts,0.822252,0.370759,0.315344,0.340950,0.891251,0.377624,0.000802,0.000144
ptbxl,chapman,inceptiontime,44,test,binned,0.822222,0.373681,0.315344,0.340950,0.891251,0.377624,,
ptbxl,chapman,inceptiontime,44,test,threshold,0.822222,0.373681,0.315344,0.340950,0.891251,0.377624,,
ptbxl,chapman,inceptiontime,45,cal,raw,0.872012,0.604517,0.552478,0.569709,0.920023,0.608860,,
ptbxl,chapman,inceptiontime,45,cal,ts,0.872880,0.605199,0.552478,0.569709,0.920023,0.608860,,
ptbxl,chapman,inceptiontime,45,cal,binned,0.878482,0.613175,0.552478,0.569709,0.920023,0.608860,,
ptbxl,chapman,inceptiontime,45,cal,threshold,0.878482,0.613175,0.552735,0.570004,0.920142,0.609518,,
ptbxl,chapman,inceptiontime,45,test,raw,0.824780,0.399239,0.340618,0.351682,0.898330,0.406518,,
ptbxl,chapman,inceptiontime,45,test,ts,0.826057,0.400088,0.340618,0.351682,0.898330,0.406518,0.001277,0.000849
ptbxl,chapman,inceptiontime,45,test,binned,0.821705,0.397412,0.340618,0.351682,0.898330,0.406518,,
ptbxl,chapman,inceptiontime,45,test,threshold,0.821705,0.397412,0.340618,0.351682,0.898330,0.406518,,
ptbxl,chapman,inceptiontime,46,cal,raw,0.852805,0.569468,0.494406,0.532754,0.908724,0.548593,,
ptbxl,chapman,inceptiontime,46,cal,ts,0.852661,0.569367,0.494406,0.532754,0.908724,0.548593,,
ptbxl,chapman,inceptiontime,46,cal,binned,0.854279,0.573886,0.494406,0.532754,0.908724,0.548593,,
ptbxl,chapman,inceptiontime,46,cal,threshold,0.854279,0.573886,0.494406,0.532754,0.908724,0.548593,,
ptbxl,chapman,inceptiontime,46,test,raw,0.796606,0.343949,0.294568,0.333204,0.869887,0.312845,,
ptbxl,chapman,inceptiontime,46,test,ts,0.796470,0.343869,0.294568,0.333204,0.869887,0.312845,-0.000137,-0.000080
ptbxl,chapman,inceptiontime,46,test,binned,0.797531,0.345668,0.294568,0.333204,0.869887,0.312845,,
ptbxl,chapman,inceptiontime,46,test,threshold,0.797531,0.345668,0.294568,0.333204,0.869887,0.312845,,
ptbxl,chapman,mamba,42,cal,raw,0.521980,0.238066,0.130846,0.153186,0.804220,0.062627,,
ptbxl,chapman,mamba,42,cal,ts,0.523958,0.241173,0.130846,0.153186,0.804220,0.062627,,
ptbxl,chapman,mamba,42,cal,binned,0.534266,0.249410,0.130846,0.153186,0.804220,0.062627,,
ptbxl,chapman,mamba,42,cal,threshold,0.534266,0.249410,0.192066,0.344879,0.822039,0.141848,,
ptbxl,chapman,mamba,42,test,raw,0.491644,0.207228,0.081386,0.233547,0.802496,0.044612,,
ptbxl,chapman,mamba,42,test,ts,0.494589,0.210249,0.081386,0.233547,0.802496,0.044612,0.002946,0.003021
ptbxl,chapman,mamba,42,test,binned,0.509926,0.205970,0.081386,0.233547,0.802496,0.044612,,
ptbxl,chapman,mamba,42,test,threshold,0.509926,0.205970,0.149737,0.240550,0.829167,0.173460,,
ptbxl,chapman,mamba,43,cal,raw,0.507021,0.266287,0.135005,0.273261,0.804747,0.086717,,
ptbxl,chapman,mamba,43,cal,ts,0.505032,0.263921,0.135005,0.273261,0.804747,0.086717,,
ptbxl,chapman,mamba,43,cal,binned,0.526427,0.272416,0.135005,0.273261,0.804747,0.086717,,
ptbxl,chapman,mamba,43,cal,threshold,0.526427,0.272416,0.135013,0.267923,0.804777,0.086259,,
ptbxl,chapman,mamba,43,test,raw,0.474181,0.200798,0.101257,0.235691,0.805551,0.070844,,
ptbxl,chapman,mamba,43,test,ts,0.475706,0.198380,0.101257,0.235691,0.805551,0.070844,0.001524,-0.002419
ptbxl,chapman,mamba,43,test,binned,0.505575,0.211864,0.101257,0.235691,0.805551,0.070844,,
ptbxl,chapman,mamba,43,test,threshold,0.505575,0.211864,0.101380,0.236004,0.805725,0.072080,,
ptbxl,chapman,resnet1d,42,cal,raw,0.888738,0.634427,0.567476,0.570817,0.925622,0.631174,,
ptbxl,chapman,resnet1d,42,cal,ts,0.889623,0.636843,0.567476,0.570817,0.925622,0.631174,,
ptbxl,chapman,resnet1d,42,cal,binned,0.893940,0.650623,0.567476,0.570817,0.925622,0.631174,,
ptbxl,chapman,resnet1d,42,cal,threshold,0.893940,0.650623,0.567476,0.570817,0.925622,0.631174,,
ptbxl,chapman,resnet1d,42,test,raw,0.886223,0.438936,0.382354,0.392741,0.917581,0.490591,,
ptbxl,chapman,resnet1d,42,test,ts,0.887368,0.439387,0.382354,0.392741,0.917581,0.490591,0.001144,0.000452
ptbxl,chapman,resnet1d,42,test,binned,0.885570,0.439858,0.382354,0.392741,0.917581,0.490591,,
ptbxl,chapman,resnet1d,42,test,threshold,0.885570,0.439858,0.382354,0.392741,0.917581,0.490591,,
ptbxl,chapman,resnet1d,43,cal,raw,0.895153,0.656428,0.573218,0.581301,0.926795,0.637716,,
ptbxl,chapman,resnet1d,43,cal,ts,0.896237,0.658600,0.573218,0.581301,0.926795,0.637716,,
ptbxl,chapman,resnet1d,43,cal,binned,0.897899,0.661429,0.573218,0.581301,0.926795,0.637716,,
ptbxl,chapman,resnet1d,43,cal,threshold,0.897899,0.661429,0.573218,0.581301,0.926795,0.637716,,
ptbxl,chapman,resnet1d,43,test,raw,0.900993,0.506237,0.422388,0.439840,0.917868,0.501321,,
ptbxl,chapman,resnet1d,43,test,ts,0.901767,0.507540,0.422388,0.439840,0.917868,0.501321,0.000774,0.001303
ptbxl,chapman,resnet1d,43,test,binned,0.901628,0.509691,0.422388,0.439840,0.917868,0.501321,,
ptbxl,chapman,resnet1d,43,test,threshold,0.901628,0.509691,0.422388,0.439840,0.917868,0.501321,,
ptbxl,chapman,resnet1d,44,cal,raw,0.884556,0.634359,0.551041,0.586668,0.924740,0.626451,,
ptbxl,chapman,resnet1d,44,cal,ts,0.885634,0.635310,0.551041,0.586668,0.924740,0.626451,,
ptbxl,chapman,resnet1d,44,cal,binned,0.887890,0.638312,0.551041,0.586668,0.924740,0.626451,,
ptbxl,chapman,resnet1d,44,cal,threshold,0.887890,0.638312,0.551041,0.586668,0.924740,0.626451,,
ptbxl,chapman,resnet1d,44,test,raw,0.886892,0.459108,0.391481,0.435176,0.911610,0.471946,,
ptbxl,chapman,resnet1d,44,test,ts,0.887560,0.459175,0.391481,0.435176,0.911610,0.471946,0.000668,0.000068
ptbxl,chapman,resnet1d,44,test,binned,0.887567,0.457251,0.391481,0.435176,0.911610,0.471946,,
ptbxl,chapman,resnet1d,44,test,threshold,0.887567,0.457251,0.391481,0.435176,0.911610,0.471946,,
ptbxl,chapman,resnet1d,45,cal,raw,0.868216,0.604406,0.561991,0.558295,0.924041,0.617246,,
ptbxl,chapman,resnet1d,45,cal,ts,0.868954,0.604980,0.561991,0.558295,0.924041,0.617246,,
ptbxl,chapman,resnet1d,45,cal,binned,0.870179,0.606110,0.561991,0.558295,0.924041,0.617246,,
ptbxl,chapman,resnet1d,45,cal,threshold,0.870179,0.606110,0.561991,0.558295,0.924041,0.617246,,
ptbxl,chapman,resnet1d,45,test,raw,0.873418,0.433723,0.384949,0.407964,0.904464,0.440361,,
ptbxl,chapman,resnet1d,45,test,ts,0.874548,0.434274,0.384949,0.407964,0.904464,0.440361,0.001131,0.000551
ptbxl,chapman,resnet1d,45,test,binned,0.875043,0.431927,0.384949,0.407964,0.904464,0.440361,,
ptbxl,chapman,resnet1d,45,test,threshold,0.875043,0.431927,0.384949,0.407964,0.904464,0.440361,,
ptbxl,chapman,resnet1d,46,cal,raw,0.887022,0.652918,0.572654,0.592027,0.927129,0.645450,,
ptbxl,chapman,resnet1d,46,cal,ts,0.888313,0.653079,0.572654,0.592027,0.927129,0.645450,,
ptbxl,chapman,resnet1d,46,cal,binned,0.890784,0.657131,0.572654,0.592027,0.927129,0.645450,,
ptbxl,chapman,resnet1d,46,cal,threshold,0.890784,0.657131,0.572654,0.592027,0.927129,0.645450,,
ptbxl,chapman,resnet1d,46,test,raw,0.881117,0.446541,0.393242,0.410629,0.917695,0.494594,,
ptbxl,chapman,resnet1d,46,test,ts,0.882823,0.447339,0.393242,0.410629,0.917695,0.494594,0.001706,0.000798
ptbxl,chapman,resnet1d,46,test,binned,0.880623,0.447999,0.393242,0.410629,0.917695,0.494594,,
ptbxl,chapman,resnet1d,46,test,threshold,0.880623,0.447999,0.393242,0.410629,0.917695,0.494594,,
ptbxl,cpsc,inceptiontime,42,cal,raw,0.655593,0.466692,0.392722,0.404555,0.840380,0.324882,,
ptbxl,cpsc,inceptiontime,42,cal,ts,0.647731,0.461354,0.392722,0.404555,0.840380,0.324882,,
ptbxl,cpsc,inceptiontime,42,cal,binned,0.667682,0.447536,0.392722,0.404555,0.840380,0.324882,,
ptbxl,cpsc,inceptiontime,42,cal,threshold,0.667682,0.447536,0.392722,0.404555,0.840380,0.324882,,
ptbxl,cpsc,inceptiontime,42,test,raw,0.610229,0.386771,0.301574,0.319754,0.795231,0.137656,,
ptbxl,cpsc,inceptiontime,42,test,ts,0.609596,0.388478,0.301574,0.319754,0.795231,0.137656,-0.000633,0.001707
ptbxl,cpsc,inceptiontime,42,test,binned,0.617462,0.343457,0.301574,0.319754,0.795231,0.137656,,
ptbxl,cpsc,inceptiontime,42,test,threshold,0.617462,0.343457,0.301574,0.319754,0.795231,0.137656,,
ptbxl,cpsc,inceptiontime,43,cal,raw,0.689501,0.491400,0.399244,0.407923,0.846345,0.352241,,
ptbxl,cpsc,inceptiontime,43,cal,ts,0.683079,0.485729,0.399244,0.407923,0.846345,0.352241,,
ptbxl,cpsc,inceptiontime,43,cal,binned,0.683809,0.484580,0.399244,0.407923,0.846345,0.352241,,
ptbxl,cpsc,inceptiontime,43,cal,threshold,0.683809,0.484580,0.400107,0.409220,0.846612,0.353344,,
ptbxl,cpsc,inceptiontime,43,test,raw,0.643084,0.407065,0.311566,0.323413,0.803303,0.163770,,
ptbxl,cpsc,inceptiontime,43,test,ts,0.649376,0.406511,0.311566,0.323413,0.803303,0.163770,0.006292,-0.000553
ptbxl,cpsc,inceptiontime,43,test,binned,0.654250,0.400922,0.311566,0.323413,0.803303,0.163770,,
ptbxl,cpsc,inceptiontime,43,test,threshold,0.654250,0.400922,0.311566,0.323413,0.803303,0.163770,,
ptbxl,cpsc,inceptiontime,44,cal,raw,0.663159,0.476481,0.406897,0.408547,0.848131,0.363098,,
ptbxl,cpsc,inceptiontime,44,cal,ts,0.653425,0.468278,0.406897,0.408547,0.848131,0.363098,,
ptbxl,cpsc,inceptiontime,44,cal,binned,0.695261,0.469777,0.406897,0.408547,0.848131,0.363098,,
ptbxl,cpsc,inceptiontime,44,cal,threshold,0.695261,0.469777,0.406897,0.408547,0.848131,0.363098,,
ptbxl,cpsc,inceptiontime,44,test,raw,0.622955,0.400603,0.308736,0.315616,0.801864,0.165430,,
ptbxl,cpsc,inceptiontime,44,test,ts,0.620728,0.400715,0.308736,0.315616,0.801864,0.165430,-0.002227,0.000112
ptbxl,cpsc,inceptiontime,44,test,binned,0.643713,0.357607,0.308736,0.315616,0.801864,0.165430,,
ptbxl,cpsc,inceptiontime,44,test,threshold,0.643713,0.357607,0.308736,0.315616,0.801864,0.165430,,
ptbxl,cpsc,inceptiontime,45,cal,raw,0.653523,0.467049,0.404342,0.405145,0.846533,0.352375,,
ptbxl,cpsc,inceptiontime,45,cal,ts,0.658215,0.466669,0.404342,0.405145,0.846533,0.352375,,
ptbxl,cpsc,inceptiontime,45,cal,binned,0.737506,0.481560,0.404342,0.405145,0.846533,0.352375,,
ptbxl,cpsc,inceptiontime,45,cal,threshold,0.737506,0.481560,0.408977,0.405963,0.848256,0.359811,,
ptbxl,cpsc,inceptiontime,45,test,raw,0.620124,0.378539,0.353585,0.353371,0.813700,0.212969,,
ptbxl,cpsc,inceptiontime,45,test,ts,0.626830,0.379833,0.353585,0.353371,0.813700,0.212969,0.006706,0.001294
ptbxl,cpsc,inceptiontime,45,test,binned,0.688616,0.385518,0.353585,0.353371,0.813700,0.212969,,
ptbxl,cpsc,inceptiontime,45,test,threshold,0.688616,0.385518,0.357290,0.354089,0.815874,0.219906,,
ptbxl,cpsc,inceptiontime,46,cal,raw,0.700665,0.464117,0.388764,0.398560,0.836681,0.317481,,
ptbxl,cpsc,inceptiontime,46,cal,ts,0.695850,0.460750,0.388764,0.398560,0.836681,0.317481,,
ptbxl,cpsc,inceptiontime,46,cal,binned,0.699875,0.461703,0.388764,0.398560,0.836681,0.317481,,
ptbxl,cpsc,inceptiontime,46,cal,threshold,0.699875,0.461703,0.388764,0.398560,0.836681,0.317481,,
ptbxl,cpsc,inceptiontime,46,test,raw,0.626393,0.377742,0.289348,0.310524,0.795840,0.138931,,
ptbxl,cpsc,inceptiontime,46,test,ts,0.625057,0.377213,0.289348,0.310524,0.795840,0.138931,-0.001336,-0.000529
ptbxl,cpsc,inceptiontime,46,test,binned,0.621393,0.374734,0.289348,0.310524,0.795840,0.138931,,
ptbxl,cpsc,inceptiontime,46,test,threshold,0.621393,0.374734,0.289348,0.310524,0.795840,0.138931,,
ptbxl,cpsc,resnet1d,42,cal,raw,0.701373,0.491806,0.397619,0.432249,0.841769,0.335193,,
ptbxl,cpsc,resnet1d,42,cal,ts,0.694750,0.488905,0.397619,0.432249,0.841769,0.335193,,
ptbxl,cpsc,resnet1d,42,cal,binned,0.700011,0.489803,0.397619,0.432249,0.841769,0.335193,,
ptbxl,cpsc,resnet1d,42,cal,threshold,0.700011,0.489803,0.397619,0.432249,0.841769,0.335193,,
ptbxl,cpsc,resnet1d,42,test,raw,0.646334,0.411078,0.308894,0.350830,0.796414,0.155540,,
ptbxl,cpsc,resnet1d,42,test,ts,0.647293,0.412344,0.308894,0.350830,0.796414,0.155540,0.000959,0.001266
ptbxl,cpsc,resnet1d,42,test,binned,0.652489,0.413613,0.308894,0.350830,0.796414,0.155540,,
ptbxl,cpsc,resnet1d,42,test,threshold,0.652489,0.413613,0.308894,0.350830,0.796414,0.155540,,
ptbxl,cpsc,resnet1d,43,cal,raw,0.651232,0.453572,0.403537,0.403076,0.843058,0.338701,,
ptbxl,cpsc,resnet1d,43,cal,ts,0.647318,0.449880,0.403537,0.403076,0.843058,0.338701,,
ptbxl,cpsc,resnet1d,43,cal,binned,0.648745,0.433158,0.403537,0.403076,0.843058,0.338701,,
ptbxl,cpsc,resnet1d,43,cal,threshold,0.648745,0.433158,0.404288,0.404092,0.843426,0.340281,,
ptbxl,cpsc,resnet1d,43,test,raw,0.602247,0.397182,0.302573,0.315501,0.802830,0.163620,,
ptbxl,cpsc,resnet1d,43,test,ts,0.604549,0.398190,0.302573,0.315501,0.802830,0.163620,0.002303,0.001007
ptbxl,cpsc,resnet1d,43,test,binned,0.603893,0.336743,0.302573,0.315501,0.802830,0.163620,,
ptbxl,cpsc,resnet1d,43,test,threshold,0.603893,0.336743,0.302573,0.315501,0.802830,0.163620,,
ptbxl,cpsc,resnet1d,44,cal,raw,0.669495,0.488447,0.419787,0.425160,0.852709,0.372436,,
ptbxl,cpsc,resnet1d,44,cal,ts,0.670590,0.491547,0.419787,0.425160,0.852709,0.372436,,
ptbxl,cpsc,resnet1d,44,cal,binned,0.712789,0.490411,0.419787,0.425160,0.852709,0.372436,,
ptbxl,cpsc,resnet1d,44,cal,threshold,0.712789,0.490411,0.419787,0.425160,0.852709,0.372436,,
ptbxl,cpsc,resnet1d,44,test,raw,0.630889,0.409152,0.339796,0.350542,0.806263,0.177279,,
ptbxl,cpsc,resnet1d,44,test,ts,0.636996,0.412924,0.339796,0.350542,0.806263,0.177279,0.006107,0.003772
ptbxl,cpsc,resnet1d,44,test,binned,0.660057,0.391408,0.339796,0.350542,0.806263,0.177279,,
ptbxl,cpsc,resnet1d,44,test,threshold,0.660057,0.391408,0.339796,0.350542,0.806263,0.177279,,
ptbxl,cpsc,resnet1d,45,cal,raw,0.656166,0.491166,0.421861,0.429113,0.852117,0.371049,,
ptbxl,cpsc,resnet1d,45,cal,ts,0.651883,0.484579,0.421861,0.429113,0.852117,0.371049,,
ptbxl,cpsc,resnet1d,45,cal,binned,0.717612,0.500119,0.421861,0.429113,0.852117,0.371049,,
ptbxl,cpsc,resnet1d,45,cal,threshold,0.717612,0.500119,0.424460,0.426332,0.853544,0.377163,,
ptbxl,cpsc,resnet1d,45,test,raw,0.629889,0.405348,0.358448,0.364375,0.815416,0.208693,,
ptbxl,cpsc,resnet1d,45,test,ts,0.633219,0.403123,0.358448,0.364375,0.815416,0.208693,0.003330,-0.002225
ptbxl,cpsc,resnet1d,45,test,binned,0.694380,0.422067,0.358448,0.364375,0.815416,0.208693,,
ptbxl,cpsc,resnet1d,45,test,threshold,0.694380,0.422067,0.364910,0.365123,0.819422,0.221683,,
ptbxl,cpsc,resnet1d,46,cal,raw,0.710945,0.478856,0.404496,0.404737,0.844334,0.353577,,
ptbxl,cpsc,resnet1d,46,cal,ts,0.694371,0.471986,0.404496,0.404737,0.844334,0.353577,,
ptbxl,cpsc,resnet1d,46,cal,binned,0.715015,0.473762,0.404496,0.404737,0.844334,0.353577,,
ptbxl,cpsc,resnet1d,46,cal,threshold,0.715015,0.473762,0.404915,0.404983,0.844467,0.354206,,
ptbxl,cpsc,resnet1d,46,test,raw,0.657707,0.387050,0.308625,0.326067,0.804322,0.180200,,
ptbxl,cpsc,resnet1d,46,test,ts,0.649626,0.391925,0.308625,0.326067,0.804322,0.180200,-0.008081,0.004874
ptbxl,cpsc,resnet1d,46,test,binned,0.662361,0.392346,0.308625,0.326067,0.804322,0.180200,,
ptbxl,cpsc,resnet1d,46,test,threshold,0.662361,0.392346,0.308625,0.326067,0.804322,0.180200,,
