cell,source,target,arch,seed,T,n_ood,raw_smooth_ece_h_default,ts_smooth_ece_h_default,d_smooth_ece_h_default,raw_smooth_ece_h_0.45,ts_smooth_ece_h_0.45,d_smooth_ece_h_0.45,raw_ece_bin10_eqwidth,ts_ece_bin10_eqwidth,d_ece_bin10_eqwidth,raw_ece_bin15_eqwidth,ts_ece_bin15_eqwidth,d_ece_bin15_eqwidth,raw_ece_bin20_eqwidth,ts_ece_bin20_eqwidth,d_ece_bin20_eqwidth,raw_ece_bin10_eqfreq,ts_ece_bin10_eqfreq,d_ece_bin10_eqfreq,raw_repo_ece_metric_safe,ts_repo_ece_metric_safe,d_repo_ece_metric_safe,raw_brier_reliability10,ts_brier_reliability10,d_brier_reliability10,raw_mce_bin10,ts_mce_bin10,d_mce_bin10,raw_rms_ce_bin10,ts_rms_ce_bin10,d_rms_ce_bin10
chapman_cpsc_inceptiontime_seed42,chapman,cpsc,inceptiontime,42,1.432226584951807,2057,0.4126247553697963,0.33101034104883686,0.08161441432095945,0.4126580168137786,0.33103388004439227,0.08162413676938635,0.4086442037322999,0.3249488668072681,0.08369533692503184,0.40864420373230004,0.324948866807268,0.08369533692503206,0.4086442037323001,0.32494886680726803,0.08369533692503206,0.4086442037323,0.3249488668072681,0.0836953369250319,0.4086442037322999,0.3249488668072681,0.08369533692503184,0.17653701871721647,0.11229037496070485,0.06424664375651162,0.5648345691817147,0.4254077673633385,0.1394268018183762,0.42016308585740425,0.33509756036220983,0.08506552549519442
chapman_cpsc_inceptiontime_seed43,chapman,cpsc,inceptiontime,43,1.2633181192034328,2057,0.33076891271251885,0.27651860890166957,0.054250303810849276,0.3307811722286927,0.2765399039010758,0.05424126832761689,0.32938253643388704,0.27445405970422126,0.054928476729665776,0.32938253643388715,0.27445405970422115,0.054928476729666,0.32938253643388704,0.27445405970422126,0.054928476729665776,0.32938253643388704,0.2744540597042212,0.05492847672966583,0.32938253643388704,0.27445405970422126,0.054928476729665776,0.11263920100219839,0.08176136321122321,0.03087783779097518,0.43146988772428957,0.4150624510857281,0.01640743663856148,0.33561764107716147,0.2859394397616796,0.04967820131548184
chapman_cpsc_inceptiontime_seed44,chapman,cpsc,inceptiontime,44,1.6118524192088628,2057,0.4095723171532411,0.30828607484043974,0.10128624231280137,0.4096025471369086,0.30832628180507443,0.10127626533183415,0.4059240053478931,0.3017305899388966,0.10419341540899646,0.4059240053478931,0.3017305899388967,0.1041934154089964,0.4059240053478931,0.30233193537510006,0.10359206997279302,0.4059240053478931,0.30173058993889673,0.10419341540899635,0.4059240053478931,0.3017305899388966,0.10419341540899646,0.1779425349625843,0.09910678211010522,0.07883575285247908,0.5653742942545149,0.4018537424091181,0.16352055184539682,0.4218323540964874,0.31481229663103255,0.10702005746545484
chapman_cpsc_inceptiontime_seed45,chapman,cpsc,inceptiontime,45,1.2438574579845358,2057,0.37474261699482697,0.3289325018313374,0.045810115163489595,0.3747682162169959,0.32896015096929554,0.04580806524770037,0.37092625751446684,0.3242865673077655,0.046639690206701334,0.37092625751446684,0.32428656730776556,0.04663969020670128,0.3709262575144668,0.3242865673077655,0.04663969020670128,0.37092625751446673,0.32428656730776556,0.04663969020670117,0.37092625751446684,0.3242865673077655,0.046639690206701334,0.14462616481359378,0.10860374389149158,0.0360224209221022,0.4627010880495964,0.3976761219920308,0.06502496605756564,0.38029746884983834,0.32955082140921993,0.05074664744061841
chapman_cpsc_inceptiontime_seed46,chapman,cpsc,inceptiontime,46,1.4799010609485748,2057,0.41217644123980945,0.33702743773728955,0.0751490035025199,0.41219228159212956,0.33706420714107355,0.07512807445105602,0.4102763042150913,0.33400491421328227,0.07627139000180905,0.41027630421509137,0.33400491421328216,0.07627139000180921,0.41027630421509137,0.3340049142132822,0.07627139000180916,0.41005280455977344,0.3340049142132821,0.07604789034649134,0.4102763042150913,0.33400491421328227,0.07627139000180905,0.17662888269590582,0.11793100061944546,0.05869788207646036,0.54025912662627,0.4385467963411973,0.10171233028507265,0.4202723910702508,0.3434108335790318,0.07686155749121898
chapman_cpsc_resnet1d_seed42,chapman,cpsc,resnet1d,42,1.536391908969336,2057,0.3650944517493535,0.278108260966366,0.08698619078298753,0.3651182583612802,0.27815017055689595,0.08696808780438425,0.36426027484987916,0.2751245263403114,0.08913574850956774,0.36426027484987916,0.2751245263403114,0.08913574850956774,0.3642602748498791,0.2751245263403114,0.08913574850956768,0.36426027484987905,0.27512452634031137,0.08913574850956768,0.36426027484987916,0.2751245263403114,0.08913574850956774,0.1433648135345837,0.0841366266895602,0.059228186845023484,0.5240764339439204,0.396573270035787,0.12750316390813343,0.37863546259507136,0.29006314259064386,0.0885723200044275
chapman_cpsc_resnet1d_seed43,chapman,cpsc,resnet1d,43,1.2230026173428343,2057,0.3685439270145245,0.32297245466090474,0.045571472353619746,0.36855639479293917,0.32299005034472666,0.045566344448212504,0.36825313813546123,0.32254462441298026,0.04570851372248097,0.36825313813546123,0.3225446244129803,0.045708513722480915,0.36825313813546123,0.3225446244129804,0.04570851372248086,0.3682531381354612,0.3225446244129803,0.04570851372248086,0.36825313813546123,0.32254462441298026,0.04570851372248097,0.14166209047019146,0.10875469360101443,0.03290739686917703,0.49628568028604525,0.40900895724365,0.08727672304239525,0.3763802471838705,0.329779765299532,0.04660048188433846
chapman_cpsc_resnet1d_seed44,chapman,cpsc,resnet1d,44,1.32363375510813,2057,0.36562912849503826,0.30656497416443507,0.05906415433060319,0.3656620767466508,0.3066009205400192,0.059061156206631604,0.3627793970592519,0.3022177777727013,0.06056161928655057,0.3627793970592519,0.3022177777727014,0.06056161928655046,0.3627793970592519,0.3022177777727013,0.06056161928655057,0.3627793970592519,0.3022177777727014,0.06056161928655046,0.3627793970592519,0.3022177777727013,0.06056161928655057,0.13951784215806315,0.09755771056487642,0.041960131593186734,0.5235893221058472,0.42990071293322474,0.09368860917262245,0.3735208724530172,0.3123422971114806,0.06117857534153659
chapman_cpsc_resnet1d_seed45,chapman,cpsc,resnet1d,45,1.5302072131829394,2057,0.38521313397637374,0.3085802953794136,0.07663283859696013,0.3852445362816264,0.3086296784701618,0.0766148578114646,0.3822009183274465,0.30329950372250125,0.07890141460494526,0.3822009183274465,0.30329950372250125,0.07890141460494526,0.3822009183274465,0.3032995037225013,0.07890141460494521,0.3822009183274465,0.3032995037225012,0.07890141460494532,0.3822009183274465,0.30329950372250125,0.07890141460494526,0.16295010728892817,0.10451197340807511,0.05843813388085306,0.597364364862442,0.4697933322337829,0.12757103262865915,0.403670790730427,0.32328311649090974,0.08038767423951726
chapman_cpsc_resnet1d_seed46,chapman,cpsc,resnet1d,46,1.3437981326004593,2057,0.408656007012721,0.3505062268550913,0.05814978015762967,0.40869245031097573,0.3505300046195628,0.058162445691412934,0.4044028995943464,0.34579367546911044,0.05860922412523595,0.40440289959434633,0.34579367546911055,0.05860922412523578,0.4044028995943464,0.3457936754691105,0.05860922412523589,0.40440289959434633,0.34579367546911055,0.05860922412523578,0.4044028995943464,0.34579367546911044,0.05860922412523595,0.17597434458730815,0.12808374025080663,0.047890604336501524,0.5735595290827903,0.47770040420393783,0.09585912487885245,0.41949296130842073,0.35788788782355657,0.06160507348486416
chapman_ptbxl_inceptiontime_seed42,chapman,ptbxl,inceptiontime,42,0.9843878285278691,2172,0.2582513919370098,0.26072997195509245,-0.0024785800180826545,0.25862285042155864,0.26110160876514865,-0.002478758343590015,0.2662113557670876,0.2681072917859441,-0.0018959360188565144,0.26116234614320005,0.2678091876967643,-0.006646841553564264,0.2662113557670876,0.26876008678395874,-0.002548731016871142,0.2630718074478277,0.2650901660214232,-0.0020183585735955023,0.2662113557670876,0.2681072917859441,-0.0018959360188565144,0.13527963475291818,0.13644513086664078,-0.0011654961137226028,0.5797150207931412,0.5843786657941035,-0.00466364500096228,0.36780379926384416,0.369384800535486,-0.0015810012716418465
chapman_ptbxl_inceptiontime_seed43,chapman,ptbxl,inceptiontime,43,1.0389052896119755,2172,0.2509206444556,0.24139150987557384,0.009529134580026133,0.25094123367075744,0.24154568904143975,0.009395544629317687,0.2572062794757153,0.24660467627162178,0.010601603204093507,0.2572062794757153,0.24660467627162175,0.010601603204093535,0.2572062794757153,0.24660467627162183,0.010601603204093452,0.25696904555264977,0.2480353935552884,0.008933651997361375,0.2572062794757153,0.24660467627162178,0.010601603204093507,0.11971579250304601,0.11588763835920331,0.003828154143842702,0.576906929668969,0.5685822161204533,0.008324713548515605,0.3459997001487805,0.34042273478603524,0.0055769653627452676
chapman_ptbxl_inceptiontime_seed44,chapman,ptbxl,inceptiontime,44,1.0593890951682814,2172,0.256557058386653,0.24297041012521026,0.013586648261442735,0.2566340011881016,0.24311860848636546,0.013515392701736129,0.2597659951141087,0.24481438453114338,0.014951610582965319,0.2597659951141087,0.24481438453114338,0.014951610582965319,0.2597659951141087,0.2448143845311434,0.014951610582965291,0.2597659951141087,0.24484084197112815,0.01492515314298054,0.2597659951141087,0.24481438453114338,0.014951610582965319,0.11732954263269198,0.10964430511494525,0.007685237517746732,0.5889935032805291,0.5757722186853311,0.013221284595198002,0.34253400215554075,0.33112581463085183,0.011408187524688918
chapman_ptbxl_inceptiontime_seed45,chapman,ptbxl,inceptiontime,45,1.1039696491394246,2172,0.26995880975079706,0.24615275340166565,0.02380605634913141,0.26991610263735877,0.2462135698628389,0.023702532774519863,0.2774850694843419,0.2524350299245688,0.025050039559773085,0.2774850694843419,0.25243502992456873,0.02505003955977314,0.27782484814936287,0.2527288034553986,0.02509604469396426,0.2757090555425068,0.2515178028694287,0.02419125267307809,0.2774850694843419,0.2524350299245688,0.025050039559773085,0.1316800862275142,0.11897791035598021,0.012702175871533994,0.6429170469443004,0.5945549746149823,0.048362072329318107,0.36287750857212714,0.34493174738776977,0.017945761184357367
chapman_ptbxl_inceptiontime_seed46,chapman,ptbxl,inceptiontime,46,1.074181147812797,2172,0.25361701606083714,0.23743566923162598,0.016181346829211157,0.25363437491739327,0.23749752162308452,0.01613685329430875,0.2553667530252789,0.24033659583691555,0.015030157188363341,0.25653025196457,0.23988201617823068,0.016648235786339338,0.25825668570909716,0.2429162513849641,0.015340434324133068,0.25536675302527884,0.23864092771575593,0.016725825309522907,0.2553667530252789,0.24033659583691555,0.015030157188363341,0.10385811494573752,0.09790245993946264,0.005955655006274874,0.5476328907736314,0.5411096680382232,0.006523222735408174,0.32227025141290583,0.3128936879188563,0.009376563494049528
chapman_ptbxl_resnet1d_seed42,chapman,ptbxl,resnet1d,42,1.1246112144742808,2172,0.23839738090003373,0.20751973846556485,0.030877642434468888,0.23826041021840064,0.20740957487839937,0.03085083534000127,0.24607679752794198,0.2159598570511181,0.030116940476823895,0.24643434850330947,0.21694551633735693,0.02948883216595255,0.24730758849208961,0.21595985705111798,0.03134773144097164,0.24607679752794195,0.21595985705111798,0.030116940476823978,0.24607679752794198,0.2159598570511181,0.030116940476823895,0.08205210473770469,0.07126448997385053,0.010787614763854161,0.46060946207941456,0.48966110188118556,-0.029051639801771,0.2864473856360094,0.26695409712879575,0.019493288507213657
chapman_ptbxl_resnet1d_seed43,chapman,ptbxl,resnet1d,43,1.1279481087131698,2172,0.27139997846477487,0.242305057889423,0.029094920575351874,0.27128765820088985,0.2421779514261805,0.029109706774709337,0.2763087146711394,0.24805444148843997,0.028254273182699408,0.2763087146711393,0.24805444148843997,0.028254273182699352,0.2763087146711393,0.24805444148843994,0.02825427318269938,0.2763087146711393,0.24805444148843991,0.028254273182699408,0.2763087146711394,0.24805444148843997,0.028254273182699408,0.07980244055277838,0.06914848785663388,0.010653952696144497,0.34358908234350594,0.3757074994338847,-0.03211841709037877,0.2824932575350753,0.26296100063818184,0.019532256896893474
chapman_ptbxl_resnet1d_seed44,chapman,ptbxl,resnet1d,44,1.0684319939700566,2172,0.2548686548590245,0.23764862856237384,0.017220026296650648,0.2547801849479743,0.23755558175256977,0.017224603195404503,0.2586594083883267,0.24184716802829329,0.016812240360033398,0.2586594083883266,0.24184716802829337,0.016812240360033204,0.2586594083883266,0.24184716802829334,0.01681224036003323,0.25865940838832663,0.24184716802829326,0.01681224036003337,0.2586594083883267,0.24184716802829329,0.016812240360033398,0.07371806502032334,0.06729596351682565,0.0064221015034976875,0.3707412136567606,0.38472649160611716,-0.013985277949356556,0.27151070885017287,0.259414655555205,0.012096053294967879
chapman_ptbxl_resnet1d_seed45,chapman,ptbxl,resnet1d,45,0.9878828624250616,2172,0.24518975021519573,0.2487566381553337,-0.0035668879401379583,0.24506708595498783,0.2486326228913552,-0.0035655369363673806,0.256152116173868,0.25960918346904793,-0.0034570672951799164,0.256152116173868,0.2596091834690479,-0.003457067295179861,0.256152116173868,0.25960918346904793,-0.0034570672951799164,0.256152116173868,0.25960918346904793,-0.0034570672951799164,0.256152116173868,0.25960918346904793,-0.0034570672951799164,0.10777856772112232,0.10911407053865547,-0.0013355028175331546,0.5270221979375098,0.5320358606531204,-0.005013662715610545,0.328296463156584,0.3303241900597888,-0.002027726903204796
chapman_ptbxl_resnet1d_seed46,chapman,ptbxl,resnet1d,46,1.063524700627107,2172,0.23940751252690987,0.22451654367831145,0.014890968848598418,0.2392961319744646,0.2244184903047992,0.014877641669665376,0.24400113204675927,0.22941927773997095,0.014581854306788322,0.24400113204675927,0.22941927773997095,0.014581854306788322,0.24400113204675927,0.22941927773997098,0.014581854306788294,0.24400113204675922,0.22941927773997095,0.014581854306788267,0.24400113204675927,0.22941927773997095,0.014581854306788322,0.07421955904833666,0.06934707453285159,0.004872484515485068,0.3900266820249927,0.40054929214162527,-0.01052261011663258,0.27243266883458866,0.26333832712473054,0.009094341709858123
cpsc_chapman_inceptiontime_seed42,cpsc,chapman,inceptiontime,42,2.750045974462376,3958,0.08565388548109709,0.1609084522262065,-0.07525456674510941,0.08640818682354799,0.16039607784000504,-0.07398789101645704,0.08440723348109636,0.1656547203221367,-0.08124748684104036,0.08440723348109634,0.16919423839306633,-0.08478700491196998,0.08440723348109633,0.16629834806783922,-0.08189111458674289,0.08440723348109636,0.1687491770174473,-0.08434194353635094,0.08440723348109636,0.1656547203221367,-0.08124748684104036,0.009197479919953316,0.0388584949000043,-0.029661014980050984,0.28167924284935,0.298287286926864,-0.01660804407751404,0.09590349274115785,0.19712558154639467,-0.10122208880523682
cpsc_chapman_inceptiontime_seed43,cpsc,chapman,inceptiontime,43,2.8206852650068517,3958,0.14741712095228476,0.09726667034774712,0.05015045060453764,0.1483816711451863,0.09755336844907551,0.050828302696110786,0.14557547844709207,0.11101537461933941,0.03456010382775265,0.145575478447092,0.11101537461933941,0.0345601038277526,0.1471342986930555,0.11281584287792601,0.03431845581512949,0.14557547844709204,0.12153155488958498,0.024043923557507063,0.14557547844709207,0.11101537461933941,0.03456010382775265,0.02483005937550741,0.024496644139017254,0.0003334152364901574,0.2286614075199358,0.3403665903381514,-0.11170518281821562,0.15757556719081614,0.15651403815318693,0.0010615290376292108
cpsc_chapman_inceptiontime_seed44,cpsc,chapman,inceptiontime,44,2.4961144294954902,3958,0.07457980191806927,0.15565478847490072,-0.08107498655683144,0.07500629315466163,0.1553280756136923,-0.08032178245903067,0.0760218124533615,0.15778920212893766,-0.08176738967557616,0.07602181245336151,0.16255565622580356,-0.08653384377244205,0.07602181245336151,0.1628523821020925,-0.08683056964873098,0.07602181245336152,0.1665071261424252,-0.09048531368906367,0.0760218124533615,0.15778920212893766,-0.08176738967557616,0.007082957900688978,0.03569523017882455,-0.028612272278135568,0.28404323756694794,0.3131468227991079,-0.029103585232159945,0.08416031072120028,0.18893181356993466,-0.10477150284873438
cpsc_chapman_inceptiontime_seed45,cpsc,chapman,inceptiontime,45,3.4375648270228827,3958,0.18210716625466666,0.11735509849148584,0.06475206776318082,0.18277292075114596,0.11764665382116805,0.0651262669299779,0.18106807924961427,0.1275888787362472,0.053479200513367076,0.18106807924961427,0.12827340040289417,0.052794678846720094,0.1810680792496143,0.12758887873624714,0.05347920051336716,0.1810680792496143,0.12903958473703792,0.05202849451257638,0.18106807924961427,0.1275888787362472,0.053479200513367076,0.03844089714268323,0.028841008394108997,0.009599888748574231,0.2899671816040247,0.3812635341228384,-0.09129635251881374,0.19606350283182036,0.1698264066454596,0.026237096186360775
cpsc_chapman_inceptiontime_seed46,cpsc,chapman,inceptiontime,46,2.195875689458944,3958,0.1760877414825505,0.029568929110336005,0.14651881237221448,0.177590083000926,0.030907333110794483,0.1466827498901315,0.17438580051343083,0.054154412015138105,0.12023138849829274,0.17413497419897023,0.05591179923790071,0.11822317496106952,0.17438580051343092,0.05747280559594846,0.11691299491748246,0.17508993825266736,0.060187772618869526,0.11490216563379783,0.17438580051343083,0.054154412015138105,0.12023138849829274,0.04066152125293594,0.009008057791554334,0.031653463461381606,0.3432399876467831,0.282725758393658,0.06051422925312511,0.20164702143333518,0.09491078859410207,0.10673623283923311
cpsc_chapman_resnet1d_seed42,cpsc,chapman,resnet1d,42,2.060572895694346,3958,0.08320172549386795,0.10219446812640515,-0.018992742632537196,0.08172020468498176,0.10040632683285428,-0.01868612214787252,0.0908420696485639,0.11241482273094891,-0.021572753082385016,0.09194559955940275,0.11016899346098379,-0.018223393901581036,0.09084206964856391,0.11429194351063329,-0.023449873862069384,0.09075960717971063,0.1103307554077069,-0.01957114822799627,0.0908420696485639,0.11241482273094891,-0.021572753082385016,0.012426680653788606,0.025704036508327227,-0.013277355854538622,0.21833708565285864,0.30672745480463226,-0.08839036915177362,0.1114750225556766,0.1603247844480922,-0.048849761892415605
cpsc_chapman_resnet1d_seed43,cpsc,chapman,resnet1d,43,2.551371826992733,3958,0.16156481143886242,0.09423772591216667,0.06732708552669575,0.161863715438436,0.09391072681739711,0.06795298862103889,0.16071362631558286,0.10195069395029366,0.058762932365289205,0.1608940627070133,0.10166999013009641,0.059224072576916906,0.16071362631558284,0.10383540932820393,0.05687821698737891,0.1607136263155829,0.10774704692542886,0.052966579390154034,0.16071362631558286,0.10195069395029366,0.058762932365289205,0.027753148647089297,0.017837671533852264,0.009915477113237033,0.2144575021210091,0.2727837312954926,-0.05832622917448349,0.1665927628892963,0.13355774606458534,0.03303501682471097
cpsc_chapman_resnet1d_seed44,cpsc,chapman,resnet1d,44,3.129229593252759,3958,0.18022650027883982,0.10030095642380071,0.07992554385503911,0.18101321635291984,0.10007881962425952,0.08093439672866032,0.17790733218313529,0.09971217547809982,0.07819515670503546,0.17793687066687308,0.1052209503507212,0.07271592031615189,0.17886428800780943,0.11275874274860494,0.06610554525920449,0.1779073321831353,0.11139582323951909,0.06651150894361622,0.17790733218313529,0.09971217547809982,0.07819515670503546,0.034071640727845104,0.013438323758423486,0.020633316969421618,0.2515180624193616,0.16135048454054735,0.09016757787881424,0.18458505012011428,0.11592378426545386,0.06866126585466042
cpsc_chapman_resnet1d_seed45,cpsc,chapman,resnet1d,45,2.7420855896660727,3958,0.0900733263727087,0.17668260511938663,-0.08660927874667793,0.09088563304072939,0.176480241769674,-0.08559460872894462,0.09094618684779275,0.17984917281726318,-0.08890298596947042,0.09094618684779278,0.18433450665753326,-0.09338831980974048,0.09634004674095163,0.1820752118916342,-0.08573516515068257,0.09552773081816585,0.17948570547868123,-0.08395797466051538,0.09094618684779275,0.17984917281726318,-0.08890298596947042,0.013283549888287227,0.04021949793696142,-0.02693594804867419,0.21845938210134153,0.35399490929779565,-0.13553552719645412,0.11525428360059867,0.20054799409857338,-0.08529371049797471
cpsc_chapman_resnet1d_seed46,cpsc,chapman,resnet1d,46,3.1824909238724364,3958,0.15247213374305618,0.14763734589944183,0.004834787843614352,0.1516758992640085,0.1474729376007889,0.004202961663219623,0.14965766028300145,0.15723982260368963,-0.007582162320688174,0.15289955591842225,0.15901085726575426,-0.00611130134733201,0.1547109725169307,0.15723982260368957,-0.002528850086758877,0.15483790428244512,0.15705611552933663,-0.002218211246891505,0.14965766028300145,0.15723982260368963,-0.007582162320688174,0.03305645101280699,0.04436766478049359,-0.011311213767686595,0.2737455328840134,0.37244674940386235,-0.09870121651984898,0.18181433115353418,0.21063633300191492,-0.02882200184838074
cpsc_ptbxl_inceptiontime_seed42,cpsc,ptbxl,inceptiontime,42,2.750045974462376,2120,0.34333637854536597,0.1328829817687196,0.21045339677664637,0.34345807850502563,0.13287178605049882,0.2105862924545268,0.3380609597799913,0.12203484126408538,0.21602611851590592,0.3380609597799913,0.12203484126408537,0.21602611851590592,0.33806095977999123,0.1235884932360351,0.21447246654395613,0.33806095977999123,0.11812225809279402,0.2199387016871972,0.3380609597799913,0.12203484126408538,0.21602611851590592,0.13235517913653985,0.01889833311074212,0.11345684602579773,0.5175797798723545,0.2885816457693531,0.2289981341030014,0.3638065133234146,0.13747120829738174,0.22633530502603288
cpsc_ptbxl_inceptiontime_seed43,cpsc,ptbxl,inceptiontime,43,2.8206852650068517,2120,0.46891581904358354,0.2335484059119421,0.23536741313164145,0.46908449706356464,0.23339257687170445,0.2356919201918602,0.45647795744380854,0.22515699281786056,0.23132096462594798,0.45647795744380854,0.22928088558515256,0.22719707185865598,0.4564779574438086,0.2352763882614312,0.22120156918237738,0.4564779574438086,0.2219559996253626,0.23452195781844598,0.45647795744380854,0.22515699281786056,0.23132096462594798,0.22085477258158165,0.05495933217531357,0.16589544040626808,0.5587150020817402,0.2759384238392278,0.2827765782425124,0.46995188326208637,0.2344340678641088,0.23551781539797756
cpsc_ptbxl_inceptiontime_seed44,cpsc,ptbxl,inceptiontime,44,3.045573315474582,2120,0.4226223549538564,0.1610378623803245,0.2615844925735319,0.4227386619208924,0.16094864763678152,0.26179001428411086,0.41813916011520147,0.15092754352241733,0.26721161659278414,0.4181391601152016,0.15092754352241733,0.26721161659278425,0.41813916011520147,0.15125530538683693,0.2668838547283645,0.4181391601152016,0.1526990204509503,0.2654401396642513,0.41813916011520147,0.15092754352241733,0.26721161659278414,0.19242924868034347,0.025360422394836324,0.16706882628550715,0.5646203077540677,0.28322377214281874,0.28139653561124894,0.43866758334796463,0.15924956010876867,0.27941802323919596
cpsc_ptbxl_inceptiontime_seed45,cpsc,ptbxl,inceptiontime,45,3.1687513716229683,2120,0.4328910089496889,0.1718966281374002,0.2609943808122887,0.4329879293276363,0.17181572712902865,0.26117220219860765,0.4267642918482142,0.16540287427692593,0.2613614175712883,0.42746131472148985,0.16768809053182632,0.25977322418966353,0.4267642918482142,0.16909728939607122,0.25766700245214297,0.42676429184821424,0.16485051177898927,0.26191378006922494,0.4267642918482142,0.16540287427692593,0.2613614175712883,0.2032715399107599,0.028504499076599514,0.1747670408341604,0.5970415555099977,0.194561042691146,0.4024805128188517,0.45085645155721116,0.16883275475037277,0.28202369680683836
cpsc_ptbxl_inceptiontime_seed46,cpsc,ptbxl,inceptiontime,46,2.7373160485948738,2120,0.3006314091362046,0.07773385398529915,0.22289755515090548,0.30074379846429994,0.07772081299694227,0.22302298546735766,0.2973450977987838,0.07427807083104862,0.2230670269677352,0.2980921691740459,0.07858168487241629,0.21951048430162962,0.2973450977987839,0.07545191057528586,0.22189318722349802,0.29482772585074857,0.07687536392968311,0.21795236192106546,0.2973450977987838,0.07427807083104862,0.2230670269677352,0.10275790454167402,0.00842352704187848,0.09433437749979554,0.44659564464907103,0.2851635492415575,0.16143209540751352,0.32055873805228585,0.09177977468853625,0.2287789633637496
cpsc_ptbxl_resnet1d_seed42,cpsc,ptbxl,resnet1d,42,2.735391419860299,2120,0.42406182058115294,0.17248807890163118,0.25157374167952173,0.42414841900673195,0.17240776681349107,0.2517406521932409,0.41831645854520344,0.1635585374603305,0.25475792108487294,0.4183631758785473,0.1650660052337318,0.2532971706448155,0.41924275009418427,0.1635585374603305,0.25568421263385377,0.41831645854520355,0.16274541983613094,0.2555710387090726,0.41831645854520344,0.1635585374603305,0.25475792108487294,0.1928566861070381,0.02866804519863884,0.16418864090839927,0.5552090619927021,0.20516213931816052,0.3500469226745416,0.4391545127936614,0.1693164055803183,0.2698381072133431
cpsc_ptbxl_resnet1d_seed43,cpsc,ptbxl,resnet1d,43,2.5512128896851194,2120,0.40278041079879595,0.17992431062785466,0.2228561001709413,0.4028761196838994,0.17986063617239487,0.22301548351150455,0.3980284579519955,0.17153042923547604,0.22649802871651945,0.39802845795199554,0.17153042923547612,0.22649802871651942,0.3980284579519956,0.171530429235476,0.22649802871651958,0.3980284579519956,0.17053299274527298,0.22749546520672262,0.3980284579519955,0.17153042923547604,0.22649802871651945,0.17023633135345245,0.031251584100471075,0.13898474725298138,0.5186989971145037,0.2158756147007796,0.30282338241372414,0.4125970568889852,0.17678117575259839,0.2358158811363868
cpsc_ptbxl_resnet1d_seed44,cpsc,ptbxl,resnet1d,44,3.2499059272046495,2120,0.41671344010850925,0.12705792865756727,0.289655511450942,0.4167922780227135,0.1270010491494848,0.2897912288732287,0.41102087829472883,0.12279098334948954,0.2882298949452393,0.41102087829472883,0.12279098334948954,0.2882298949452393,0.4110208782947288,0.12301819487649547,0.2880026834182333,0.4110208782947289,0.12279098334948955,0.2882298949452393,0.41102087829472883,0.12279098334948954,0.2882298949452393,0.1872004212143818,0.015962907984392507,0.17123751322998929,0.5956432902684775,0.15057066841172112,0.4450726218567564,0.43266663982144704,0.12634440226774002,0.306322237553707
cpsc_ptbxl_resnet1d_seed45,cpsc,ptbxl,resnet1d,45,3.1243148338207676,2120,0.3743676345742256,0.10358755302279768,0.27078008155142796,0.3744443493409639,0.10353693250736705,0.2709074168335968,0.3696788976355543,0.105875736563078,0.26380316107247626,0.3700118879805196,0.10276445463124281,0.2672474333492768,0.371549031658555,0.10691908546648049,0.2646299461920745,0.3696788976355544,0.10291852402659002,0.2667603736089644,0.3696788976355543,0.105875736563078,0.26380316107247626,0.1591485183335042,0.011711118581331312,0.1474373997521729,0.576234343212642,0.20694669480251082,0.3692876484101312,0.3989342280796475,0.1082179217197009,0.2907163063599466
cpsc_ptbxl_resnet1d_seed46,cpsc,ptbxl,resnet1d,46,3.517784721833407,2120,0.45432647123906333,0.15851372840247102,0.2958127428365923,0.4544484205682397,0.15837720511061545,0.29607121545762427,0.45018239216703293,0.14704806687410168,0.3031343252929313,0.4501823921670329,0.1631532539052187,0.2870291382618142,0.4501823921670329,0.16858852921580578,0.2815938629512271,0.4501823921670329,0.16554449008218378,0.28463790208484907,0.45018239216703293,0.14704806687410168,0.3031343252929313,0.23106894098863212,0.03007440597885917,0.20099453500977296,0.6695086400233583,0.24483811697912547,0.4246705230442328,0.4806963084824265,0.17341973929994003,0.30727656918248647
ptbxl_chapman_inceptiontime_seed42,ptbxl,chapman,inceptiontime,42,1.137414233816701,4050,0.12200844941019408,0.09118878060047676,0.030819668809717315,0.12199200158137542,0.09184460887748808,0.030147392703887346,0.12112495777783572,0.09183214284497468,0.02929281493286104,0.12312952132136734,0.09228604626464235,0.030843475056724995,0.12641138454278306,0.0933184828601451,0.033092901682637954,0.12264974873007081,0.09103826770407455,0.03161148102599626,0.12112495777783572,0.09183214284497468,0.02929281493286104,0.019831506581909915,0.016088589193649208,0.0037429173882607067,0.7170570492744446,0.7235697264816513,-0.0065126772072067185,0.14082438205761783,0.12684080255836136,0.013983579499256465
ptbxl_chapman_inceptiontime_seed43,ptbxl,chapman,inceptiontime,43,1.1058476761558191,4050,0.15515207914339815,0.1297315046903616,0.025420574453036554,0.15519704679441768,0.13038472523453293,0.024812321559884748,0.16022376667570185,0.13307771046589806,0.027146056209803787,0.16022376667570187,0.13135903666248572,0.028864730013216156,0.1602237666757019,0.1352508372806062,0.02497292939509571,0.1573045622787358,0.1325408667165472,0.024763695562188603,0.16022376667570185,0.13307771046589806,0.027146056209803787,0.041385721213812975,0.046818277433728586,-0.005432556219915612,0.7043189406394958,0.5841425474427384,0.12017639319675744,0.20343480826498933,0.21637531613779004,-0.01294050787280071
ptbxl_chapman_inceptiontime_seed44,ptbxl,chapman,inceptiontime,44,1.0737596178986828,4050,0.1752614198937105,0.15498719184182624,0.020274228051884252,0.17440434142233838,0.15426768906691152,0.02013665235542686,0.182217486684705,0.16113676284373157,0.021080723840973425,0.18234793234754493,0.16155501340294925,0.020792918944595673,0.182217486684705,0.1611668199253529,0.021050666759352105,0.1804661581840044,0.16057772095189854,0.01988843723210587,0.182217486684705,0.16113676284373157,0.021080723840973425,0.039637872236929425,0.034523028713185584,0.005114843523743841,0.3251913021181587,0.38394683226958504,-0.058755530151426316,0.19909262225639962,0.1858037370807853,0.013288885175614329
ptbxl_chapman_inceptiontime_seed45,ptbxl,chapman,inceptiontime,45,1.0935977150684193,4050,0.12628050667247356,0.103692412181609,0.02258809449086456,0.1266428677389346,0.10474064106149511,0.02190222667743949,0.12773633595602013,0.10313275016602028,0.024603585789999854,0.12773633595602013,0.10428700293888213,0.023449333017138002,0.13033754187601584,0.10510919606724724,0.025228345808768607,0.12773633595602013,0.1031327501660203,0.024603585789999827,0.12773633595602013,0.10313275016602028,0.024603585789999854,0.02486601976417291,0.020665181205869014,0.004200838558303895,0.2921163900084026,0.3342722748965812,-0.04215588488817856,0.15768963112447473,0.14375389109818562,0.013935740026289112
ptbxl_chapman_inceptiontime_seed46,ptbxl,chapman,inceptiontime,46,0.9896139822060166,4050,0.16125567576637617,0.16386085710825296,-0.002605181341876789,0.16187393404310396,0.16440732197205207,-0.002533387928948111,0.1617591470553551,0.16486821677490626,-0.0031090697195511607,0.1647943560723905,0.1674041707125324,-0.0026098146401419,0.16349915080600316,0.1673133716932085,-0.003814220887205344,0.16175914705535513,0.16466703828643608,-0.0029078912310809557,0.1617591470553551,0.16486821677490626,-0.0031090697195511607,0.07202596504457055,0.07292204359533361,-0.0008960785507630548,0.8857834180899427,0.8718899563914622,0.013893461698480492,0.2683765359426389,0.2700408183873942,-0.001664282444755305
ptbxl_chapman_resnet1d_seed42,ptbxl,chapman,resnet1d,42,1.108266135223491,4050,0.10353008964954681,0.07859884600846612,0.024931243641080694,0.10411604809805639,0.08105578711277986,0.023060260985276526,0.1077042520230199,0.08717601848067878,0.020528233542341123,0.10770166398934375,0.0834624188834612,0.024239245105882545,0.1078275637678158,0.08729690592811166,0.020530657839704133,0.10638433988815471,0.08006726984845162,0.026317070039703086,0.1077042520230199,0.08717601848067878,0.020528233542341123,0.01376702391471689,0.009379877419818465,0.004387146494898426,0.5345644146203995,0.5400900608877567,-0.005525646267357187,0.11733296175720141,0.0968497672677558,0.020483194489445605
ptbxl_chapman_resnet1d_seed43,ptbxl,chapman,resnet1d,43,1.1905984840602915,4050,0.1284177491621718,0.08994912309842198,0.03846862606374982,0.1283403054866903,0.09143116600313543,0.036909139483554856,0.13159173469484586,0.08875884109036394,0.04283289360448192,0.13085635057202094,0.09370932657087472,0.03714702400114622,0.1326688535861027,0.08949670333248355,0.043172150253619146,0.13026889040146344,0.0869721680052451,0.043296722396218346,0.13159173469484586,0.08875884109036394,0.04283289360448192,0.02235696236093776,0.015467171381215328,0.0068897909797224315,0.21736493529583434,0.2461497481635634,-0.028784812867729048,0.14952244768240575,0.12436708319010834,0.02515536449229741
ptbxl_chapman_resnet1d_seed44,ptbxl,chapman,resnet1d,44,1.1033856277718945,4050,0.13503781106323084,0.11000680560412797,0.025031005459102876,0.13386745944567596,0.10932893197589717,0.02453852746977879,0.14229447142577467,0.11930395772643618,0.022990513699338494,0.14341866578584836,0.11697016172323896,0.0264485040626094,0.14355779684620137,0.12106192023488821,0.022495876611313165,0.140769794502376,0.11526451021616183,0.02550528428621418,0.14229447142577467,0.11930395772643618,0.022990513699338494,0.02592918145668956,0.023275822630911394,0.002653358825778166,0.707872599363327,0.2997010233711651,0.4081715759921619,0.1610254062460007,0.15256415906401935,0.008461247181981352
ptbxl_chapman_resnet1d_seed45,ptbxl,chapman,resnet1d,45,1.1074875816050354,4050,0.1441323239438332,0.11789607612338628,0.026236247820446937,0.14324369506069373,0.11781084366753487,0.02543285139315886,0.15201297381041962,0.12697677454518322,0.025036199265236397,0.15327426343052478,0.12754852620222631,0.025725737228298462,0.15396991624508377,0.12774395145896433,0.026225964786119438,0.15025574209513487,0.12352216536959734,0.026733576725537528,0.15201297381041962,0.12697677454518322,0.025036199265236397,0.03177993433727279,0.02794552959073126,0.0038344047465415296,0.2969400937900316,0.3670746075103095,-0.0701345137202779,0.17826927479875154,0.1671691645930291,0.011100110205722435
ptbxl_chapman_resnet1d_seed46,ptbxl,chapman,resnet1d,46,1.1729085939085804,4050,0.13023295262555162,0.10167329496057687,0.028559657664974758,0.13138923435969854,0.10389362779938639,0.02749560656031215,0.1274000198311276,0.09175222313219084,0.03564779669893675,0.1286647839752244,0.09466454839133628,0.03400023558388812,0.13097507294313407,0.09840851898983302,0.03256655395330105,0.12716101550761563,0.09416351073910603,0.0329975047685096,0.1274000198311276,0.09175222313219084,0.03564779669893675,0.024622403621091672,0.018259407641411568,0.006362995979680104,0.29811927676200867,0.2901697345852311,0.007949542176777569,0.1569152752955928,0.13512737561801297,0.021787899677579825
ptbxl_cpsc_inceptiontime_seed42,ptbxl,cpsc,inceptiontime,42,3.6532550928813423,2057,0.39761387822734423,0.08289378377573219,0.31472009445161203,0.3975913187219533,0.08295828365460545,0.31463303506734785,0.39914659550888887,0.08636729197462192,0.312779303534267,0.3998709672796651,0.0876911073278511,0.31217985995181396,0.3998264908558776,0.0863672919746219,0.31345919888125573,0.39853136123356797,0.08523672683945764,0.3132946343941103,0.39914659550888887,0.08636729197462192,0.312779303534267,0.1926018779950484,0.019593109674104582,0.17300876832094383,0.6096962663304284,0.6589822570232057,-0.04928599069277728,0.4388643047629283,0.13997538953010483,0.29888891523282346
ptbxl_cpsc_inceptiontime_seed43,ptbxl,cpsc,inceptiontime,43,2.8846798668035714,2057,0.38236705636259277,0.10315171834440238,0.2792153380181904,0.3823449151625505,0.10321107788805474,0.27913383727449576,0.3849055869491227,0.10484593858843745,0.28005964836068525,0.3849055869491226,0.10484593858843741,0.2800596483606852,0.3849055869491227,0.10615768848072028,0.2787478984684024,0.38490558694912264,0.10484593858843741,0.2800596483606852,0.3849055869491227,0.10484593858843745,0.28005964836068525,0.17251828890599055,0.019766869184238357,0.15275141972175219,0.5923524347006106,0.6537486210014961,-0.0613961863008855,0.41535320981784957,0.14059469827926782,0.2747585115385818
ptbxl_cpsc_inceptiontime_seed44,ptbxl,cpsc,inceptiontime,44,3.526470098559992,2057,0.3742489067746757,0.06609089568181528,0.30815801109286045,0.374214626801658,0.06619605499869635,0.30801857180296166,0.37858646635761173,0.06219442285680535,0.3163920435008064,0.37893360546044375,0.06219442285680529,0.3167391826036384,0.37986539270209063,0.06219442285680532,0.3176709698452853,0.3785864663576118,0.06601470533329123,0.31257176102432055,0.37858646635761173,0.06219442285680535,0.3163920435008064,0.1641090924881235,0.016196747744443688,0.1479123447436798,0.5494013572765502,0.7117266755156431,-0.1623253182390929,0.40510380458361966,0.1272664439058611,0.27783736067775855
ptbxl_cpsc_inceptiontime_seed45,ptbxl,cpsc,inceptiontime,45,3.409270199987507,2057,0.3014640198017387,0.0901187869829977,0.211345232818741,0.301414959534627,0.08996538055731841,0.2114495789773086,0.3075282532553333,0.136470720644358,0.17105753261097528,0.30763657772836606,0.1211647850960264,0.18647179263233965,0.3079364498552908,0.1384393741129736,0.16949707574231718,0.3069243850960683,0.13399857131777776,0.17292581377829053,0.3075282532553333,0.136470720644358,0.17105753261097528,0.1386972655821801,0.037752993972984684,0.10094427160919542,0.682855995882929,0.7256529135606165,-0.04279691767768745,0.3724208178689533,0.19430129688961081,0.1781195209793425
ptbxl_cpsc_inceptiontime_seed46,ptbxl,cpsc,inceptiontime,46,2.1212845806536547,2057,0.35587064813166885,0.14925250086080952,0.20661814727085934,0.3558507514546122,0.14925904375164903,0.20659170770296317,0.35871204948274615,0.15473568180805353,0.20397636767469263,0.3587120494827461,0.15473568180805355,0.20397636767469254,0.35871204948274615,0.15473568180805353,0.20397636767469263,0.35871204948274615,0.15473568180805353,0.20397636767469263,0.35871204948274615,0.15473568180805353,0.20397636767469263,0.14811926638859158,0.03123453708020005,0.11688472930839153,0.6078718233178234,0.8091386758077315,-0.20126685248990805,0.38486265912477347,0.17673295414324985,0.2081297049815236
ptbxl_cpsc_resnet1d_seed42,ptbxl,cpsc,resnet1d,42,2.5291222453830655,2057,0.37743985563546145,0.14354218317491513,0.23389767246054632,0.3774613104179365,0.14352709989427542,0.2339342105236611,0.37340562424441825,0.14256496560744675,0.2308406586369715,0.3768027297460633,0.1424638160992834,0.23433891364677992,0.3769490006744253,0.14311808735400441,0.2338309133204209,0.3734056242444182,0.14712449877761435,0.22628112546680385,0.37340562424441825,0.14256496560744675,0.2308406586369715,0.17570802593511364,0.030614102258526635,0.14509392367658702,0.5978467782077037,0.3601421103813511,0.23770466782635263,0.41917541189234087,0.17496886082536697,0.2442065510669739
ptbxl_cpsc_resnet1d_seed43,ptbxl,cpsc,resnet1d,43,2.5150607489279846,2057,0.3474549751927443,0.10384570175401332,0.243609273438731,0.3474179744922321,0.10381470216776738,0.24360327232446471,0.35465131380573084,0.13526091258300715,0.21939040122272369,0.3546513138057308,0.10532569374854153,0.24932562005718925,0.3546513138057308,0.14282158131795727,0.2118297324877735,0.35465131380573084,0.1459160462051442,0.20873526760058664,0.35465131380573084,0.13526091258300715,0.21939040122272369,0.162037347046091,0.03949442976555215,0.12254291728053884,0.6147490778336158,0.6073918236340067,0.007357254199609087,0.40253862801735063,0.19873205520386525,0.20380657281348538
ptbxl_cpsc_resnet1d_seed44,ptbxl,cpsc,resnet1d,44,4.439638313607378,2057,0.4458254712771303,0.07687248872154724,0.36895298255558306,0.4458040102999727,0.0769628614299013,0.36884114887007136,0.44775625840227873,0.07353550421874651,0.37422075418353223,0.4477562584022787,0.07259898415765778,0.37515727424462086,0.44822841113379813,0.07353550421874651,0.37469290691505164,0.44738131655786706,0.07598071460615777,0.3714006019517093,0.44775625840227873,0.07353550421874651,0.37422075418353223,0.2249463172429146,0.023631874667103366,0.20131444257581124,0.5725930594907465,0.7071978708708492,-0.13460481138010272,0.4742850590551157,0.15372662315650912,0.32055843589860655
ptbxl_cpsc_resnet1d_seed45,ptbxl,cpsc,resnet1d,45,3.9746045511771806,2057,0.3291153582531577,0.06296263533140947,0.2661527229217482,0.3290897330601184,0.0629340863771914,0.266155646682927,0.33308228279527785,0.0933672268781012,0.23971505591717665,0.33342852942214524,0.07541951733102614,0.2580090120911191,0.33309255751174927,0.09336722687810119,0.2397253306336481,0.33308228279527785,0.08428521783699872,0.24879706495827913,0.33308228279527785,0.0933672268781012,0.23971505591717665,0.13614143004672824,0.01850865394201496,0.11763277610471329,0.5578338539024585,0.5305550706142448,0.02727878328821376,0.3689734814952536,0.13604651389144434,0.23292696760380927
ptbxl_cpsc_resnet1d_seed46,ptbxl,cpsc,resnet1d,46,2.1718877127471963,2057,0.359165659179153,0.1450587064057729,0.2141069527733801,0.3591531283933089,0.14505321237598734,0.21409991601732153,0.36064116530008095,0.1476054165460003,0.21303574875408066,0.3610307107171099,0.1476054165460002,0.2134252941711097,0.3606411653000809,0.14760541654600032,0.21303574875408057,0.3606411653000809,0.14760541654600026,0.21303574875408063,0.36064116530008095,0.1476054165460003,0.21303574875408066,0.14017902960527062,0.025964049724376444,0.11421497988089419,0.45221826509267343,0.3230368362224209,0.12918142887025252,0.3744049006159917,0.1611336393320043,0.21327126128398738
