source,target,arch,seed,stage,n_samples,T_global,T_binned_mean,T_binned_min,T_binned_max,threshold_norm,brier_reliability,brier_resolution,brier_uncertainty,brier_raw,ece,smooth_ece,delta_rel_vs_raw
chapman,cpsc,inceptiontime,42,raw,2057,,,,,0.0,0.12507155052906282,0.028814502070156695,0.24980803540514868,0.34630270972850585,0.3396116320259315,0.3474239249443988,0.0
chapman,cpsc,inceptiontime,42,stage1_ts,2057,1.06917545403761,,,,0.0,0.11547827021346169,0.02819777804400367,0.24980803540514868,0.33595884288176453,0.3253986548656802,0.3335284685932505,-0.009593280315601138
chapman,cpsc,inceptiontime,42,stage2_ts_binned,2057,1.06917545403761,0.9877052747891117,0.8832499836415981,1.0869603808573693,0.0,0.11544708009410998,0.02712625486395641,0.24980803540514868,0.3362703887171831,0.32646177979600144,0.3353724496128487,-0.009624470434952848
chapman,cpsc,inceptiontime,42,stage3_ts_binned_threshold,2057,1.06917545403761,0.9877052747891117,0.8832499836415981,1.0869603808573693,0.0,0.11544708009410998,0.02712625486395641,0.24980803540514868,0.3362703887171831,0.32646177979600144,0.3353724496128487,-0.009624470434952848
chapman,cpsc,inceptiontime,43,raw,2057,,,,,0.0,0.11263920100219839,0.018859046383449228,0.24975036921722168,0.34124557813598305,0.32938253643388704,0.33076891271251885,0.0
chapman,cpsc,inceptiontime,43,stage1_ts,2057,1.0485357727545033,,,,0.0,0.10668647791671645,0.020185141904226423,0.24975036921722168,0.33392297768945256,0.31914562283575804,0.32063224131255263,-0.005952723085481934
chapman,cpsc,inceptiontime,43,stage2_ts_binned,2057,1.0485357727545033,0.9597163956579233,0.850166540366152,1.118910300430493,0.0,0.10727762146999892,0.02288918743632247,0.24975036921722168,0.33049845827408353,0.3184304013736491,0.31923014988071063,-0.00536157953219947
chapman,cpsc,inceptiontime,43,stage3_ts_binned_threshold,2057,1.0485357727545033,0.9597163956579233,0.850166540366152,1.118910300430493,0.0,0.10727762146999892,0.02288918743632247,0.24975036921722168,0.33049845827408353,0.3184304013736491,0.31923014988071063,-0.00536157953219947
chapman,cpsc,inceptiontime,44,raw,2057,,,,,0.0,0.12041360099642548,0.01697260755207173,0.24997394386385674,0.35013401457573706,0.33095349204094016,0.33210548470273477,0.0
chapman,cpsc,inceptiontime,44,stage1_ts,2057,1.1047455761362877,,,,0.0,0.10973044824592804,0.02172100041930308,0.24997394386385674,0.3362922835694836,0.3111706814190093,0.3134890970930329,-0.010683152750497443
chapman,cpsc,inceptiontime,44,stage2_ts_binned,2057,1.1047455761362877,0.9854002256507272,0.9194334340327279,1.0562825656009227,0.0,0.10589168148994824,0.019755403440584924,0.24997394386385674,0.33380613410392485,0.3072210874633483,0.30827238427422404,-0.014521919506477243
chapman,cpsc,inceptiontime,44,stage3_ts_binned_threshold,2057,1.1047455761362877,0.9854002256507272,0.9194334340327279,1.0562825656009227,0.0,0.10589168148994824,0.019755403440584924,0.24997394386385674,0.33380613410392485,0.3072210874633483,0.30827238427422404,-0.014521919506477243
chapman,cpsc,inceptiontime,45,raw,2057,,,,,0.0,0.11604694911237873,0.020213689393247292,0.2491633085171778,0.34392589592764156,0.3121027281027021,0.3160121099180153,0.0
chapman,cpsc,inceptiontime,45,stage1_ts,2057,0.970065820288323,,,,0.0,0.12024483990394227,0.020258395397693724,0.2491633085171778,0.3481811645001784,0.318026373511904,0.3216623231788791,0.004197890791563547
chapman,cpsc,inceptiontime,45,stage2_ts_binned,2057,0.970065820288323,0.9844028965720456,0.9087955825196948,1.0832569468033197,0.0,0.12071227316900576,0.02072734091861128,0.2491633085171778,0.3487352115455976,0.32161439025057165,0.32567706338280755,0.004665324056627035
chapman,cpsc,inceptiontime,45,stage3_ts_binned_threshold,2057,0.970065820288323,0.9844028965720456,0.9087955825196948,1.0832569468033197,0.0,0.12071227316900576,0.02072734091861128,0.2491633085171778,0.3487352115455976,0.32161439025057165,0.32567706338280755,0.004665324056627035
chapman,cpsc,inceptiontime,46,raw,2057,,,,,0.0,0.1376462401238095,0.02023351428833067,0.24996874445346987,0.36515264297702527,0.3533973542880131,0.35659208527036507,0.0
chapman,cpsc,inceptiontime,46,stage1_ts,2057,1.0844558788170335,,,,0.0,0.12908068309436824,0.022388473852183545,0.24996874445346987,0.35432159786626455,0.33989788270714977,0.3436261365753518,-0.008565557029441256
chapman,cpsc,inceptiontime,46,stage2_ts_binned,2057,1.0844558788170335,0.8944465141924376,0.373846529107346,1.1560343109788087,0.0,0.12600358195549846,0.020838815942444647,0.24996874445346987,0.3525675421939901,0.3350732043437479,0.3375043318453683,-0.011642658168311032
chapman,cpsc,inceptiontime,46,stage3_ts_binned_threshold,2057,1.0844558788170335,0.8944465141924376,0.373846529107346,1.1560343109788087,0.0,0.12600358195549846,0.020838815942444647,0.24996874445346987,0.3525675421939901,0.3350732043437479,0.3375043318453683,-0.011642658168311032
chapman,cpsc,resnet1d,42,raw,2057,,,,,0.0,0.08681537003131679,0.016376271272707934,0.24668129906795844,0.3147115910719609,0.282798209944337,0.28423773745770925,0.0
chapman,cpsc,resnet1d,42,stage1_ts,2057,1.1233728516707946,,,,0.0,0.07504280780518108,0.01672671544425366,0.24668129906795844,0.30149780946134225,0.26170222730571485,0.26370132924789624,-0.011772562226135708
chapman,cpsc,resnet1d,42,stage2_ts_binned,2057,1.1233728516707946,0.9907121458314784,0.8876098930289718,1.1313722101477797,0.0,0.07030463692719681,0.017278590071791285,0.24668129906795844,0.2973202338933938,0.2532802060044068,0.2532661836446145,-0.016510733104119976
chapman,cpsc,resnet1d,42,stage3_ts_binned_threshold,2057,1.1233728516707946,0.9907121458314784,0.8876098930289718,1.1313722101477797,0.0,0.07030463692719681,0.017278590071791285,0.24668129906795844,0.2973202338933938,0.2532802060044068,0.2532661836446145,-0.016510733104119976
chapman,cpsc,resnet1d,43,raw,2057,,,,,0.0,0.10596024271328643,0.02312776618817551,0.2495107236657545,0.33025116147898875,0.31123643077631047,0.31440849788123104,0.0
chapman,cpsc,resnet1d,43,stage1_ts,2057,0.9970917447844431,,,,0.0,0.106383775641544,0.023211129217007607,0.2495107236657545,0.33067028497198503,0.3118475117370529,0.3150083954648877,0.00042353292825757227
chapman,cpsc,resnet1d,43,stage2_ts_binned,2057,0.9970917447844431,1.0173208746663642,0.8478812344697636,1.113200980590538,0.0,0.11056455968488463,0.020563148079729393,0.2495107236657545,0.33695478273172125,0.3163283664680534,0.31739101127426195,0.004604316971598202
chapman,cpsc,resnet1d,43,stage3_ts_binned_threshold,2057,0.9970917447844431,1.0173208746663642,0.8478812344697636,1.113200980590538,0.0,0.11056455968488463,0.020563148079729393,0.2495107236657545,0.33695478273172125,0.3163283664680534,0.31739101127426195,0.004604316971598202
chapman,cpsc,resnet1d,44,raw,2057,,,,,0.0,0.08472853315815287,0.014714654769707021,0.24736951193371035,0.3154931916470428,0.2796985054398603,0.28199951145384644,0.0
chapman,cpsc,resnet1d,44,stage1_ts,2057,1.0416441216464871,,,,0.0,0.08084477624635661,0.015135059169235354,0.24736951193371035,0.3108178119003606,0.2717285049925902,0.27422045388331856,-0.0038837569117962656
chapman,cpsc,resnet1d,44,stage2_ts_binned,2057,1.0416441216464871,1.023030719857601,0.8166204932328834,1.2046886279404847,0.0,0.08817750333971383,0.015266884070492232,0.24736951193371035,0.3193109417531121,0.289326106846964,0.29129184663176605,0.0034489701815609564
chapman,cpsc,resnet1d,44,stage3_ts_binned_threshold,2057,1.0416441216464871,1.023030719857601,0.8166204932328834,1.2046886279404847,0.0,0.08817750333971383,0.015266884070492232,0.24736951193371035,0.3193109417531121,0.289326106846964,0.29129184663176605,0.0034489701815609564
chapman,cpsc,resnet1d,45,raw,2057,,,,,0.0,0.08091935658184143,0.018302536803852642,0.24478824101346908,0.30415744052922933,0.28205507486609505,0.28277188473948733,0.0
chapman,cpsc,resnet1d,45,stage1_ts,2057,1.180834306341129,,,,0.0,0.06773441327331976,0.023526671635750222,0.24478824101346908,0.2876725551528287,0.25477334705115945,0.25564082970444346,-0.013184943308521671
chapman,cpsc,resnet1d,45,stage2_ts_binned,2057,1.180834306341129,0.8941034949952182,0.3761835120895065,1.066535704246047,0.0,0.06672725165909926,0.021408370059282193,0.24478824101346908,0.28839617193025824,0.25462849952403827,0.2561330254386693,-0.014192104922742171
chapman,cpsc,resnet1d,45,stage3_ts_binned_threshold,2057,1.180834306341129,0.8941034949952182,0.3761835120895065,1.066535704246047,0.0,0.06672725165909926,0.021408370059282193,0.24478824101346908,0.28839617193025824,0.25462849952403827,0.2561330254386693,-0.014192104922742171
chapman,cpsc,resnet1d,46,raw,2057,,,,,0.0,0.11689072052422778,0.021983139646425974,0.24999852289477642,0.34407204463462726,0.3242329248219482,0.3291059655999499,0.0
chapman,cpsc,resnet1d,46,stage1_ts,2057,1.1017203056832634,,,,0.0,0.10631963166156029,0.02343214491144788,0.24999852289477642,0.33207089331412815,0.3096412580903003,0.312240555653173,-0.010571088862667485
chapman,cpsc,resnet1d,46,stage2_ts_binned,2057,1.1017203056832634,1.0041534353540482,0.8861529951090242,1.2506049249260938,0.0,0.10532511035412077,0.023111692933785666,0.24999852289477642,0.331062172605943,0.2981856592556107,0.30013540116546794,-0.011565610170107002
chapman,cpsc,resnet1d,46,stage3_ts_binned_threshold,2057,1.1017203056832634,1.0041534353540482,0.8861529951090242,1.2506049249260938,0.0,0.10532511035412077,0.023111692933785666,0.24999852289477642,0.331062172605943,0.2981856592556107,0.30013540116546794,-0.011565610170107002
chapman,ptbxl,inceptiontime,42,raw,2172,,,,,0.0,0.13527963475291818,0.013009019515104171,0.24880765239156313,0.37127492811640356,0.2662113557670876,0.2582513919370098,0.0
chapman,ptbxl,inceptiontime,42,stage1_ts,2172,0.9843878285278691,,,,0.0,0.13644513086664078,0.01208950081812725,0.24880765239156313,0.37301089289494477,0.2681072917859441,0.26072997195509245,0.0011654961137226028
chapman,ptbxl,inceptiontime,42,stage2_ts_binned,2172,0.9843878285278691,0.984107461442397,0.8502456403578887,1.1105531745970858,0.0,0.1267116089072647,0.010192867657303458,0.24880765239156313,0.3658618480997741,0.27125929716469227,0.26318295958291116,-0.00856802584565347
chapman,ptbxl,inceptiontime,42,stage3_ts_binned_threshold,2172,0.9843878285278691,0.984107461442397,0.8502456403578887,1.1105531745970858,0.0,0.1267116089072647,0.010192867657303458,0.24880765239156313,0.3658618480997741,0.27125929716469227,0.26318295958291116,-0.00856802584565347
chapman,ptbxl,inceptiontime,43,raw,2172,,,,,0.0,0.11971579250304601,0.011820442315027003,0.24988786633157986,0.3578048815858941,0.2572062794757153,0.2509206444556,0.0
chapman,ptbxl,inceptiontime,43,stage1_ts,2172,1.0389052896119755,,,,0.0,0.11588763835920331,0.011779709173448196,0.24988786633157986,0.35377294628258743,0.24660467627162178,0.24139150987557384,-0.003828154143842702
chapman,ptbxl,inceptiontime,43,stage2_ts_binned,2172,1.0389052896119755,0.9747619726889243,0.8804653098561227,1.1005142362620577,0.0,0.11093632344373962,0.012293310923418057,0.24988786633157986,0.34891298090938233,0.2502233947672793,0.24169204405142114,-0.008779469059306391
chapman,ptbxl,inceptiontime,43,stage3_ts_binned_threshold,2172,1.0389052896119755,0.9747619726889243,0.8804653098561227,1.1005142362620577,0.0,0.11093632344373962,0.012293310923418057,0.24988786633157986,0.34891298090938233,0.2502233947672793,0.24169204405142114,-0.008779469059306391
chapman,ptbxl,inceptiontime,44,raw,2172,,,,,0.0,0.11732954263269198,0.012577253536584647,0.24994573493550937,0.3554124497625027,0.2597659951141087,0.256557058386653,0.0
chapman,ptbxl,inceptiontime,44,stage1_ts,2172,1.0593890951682814,,,,0.0,0.10964430511494525,0.010104836131254697,0.24994573493550937,0.3496690591403944,0.24481438453114338,0.24297041012521026,-0.007685237517746732
chapman,ptbxl,inceptiontime,44,stage2_ts_binned,2172,1.0593890951682814,1.005839113782557,0.8700794369927008,1.1474860560031495,0.0,0.10899163322981115,0.010985874591998172,0.24994573493550937,0.34944686384738677,0.25712230288303284,0.24982869828321003,-0.00833790940288083
chapman,ptbxl,inceptiontime,44,stage3_ts_binned_threshold,2172,1.0593890951682814,1.005839113782557,0.8700794369927008,1.1474860560031495,0.0,0.10899163322981115,0.010985874591998172,0.24994573493550937,0.34944686384738677,0.25712230288303284,0.24982869828321003,-0.00833790940288083
chapman,ptbxl,inceptiontime,45,raw,2172,,,,,0.0,0.1316800862275142,0.012026913994900459,0.2490766460120265,0.368238662940904,0.2774850694843419,0.26995880975079706,0.0
chapman,ptbxl,inceptiontime,45,stage1_ts,2172,1.1039696491394246,,,,0.0,0.11897791035598021,0.012079630024051814,0.2490766460120265,0.35660509109837424,0.2524350299245688,0.24615275340166565,-0.012702175871533994
chapman,ptbxl,inceptiontime,45,stage2_ts_binned,2172,1.1039696491394246,0.9737825652425544,0.7752146708770835,1.1375926939990681,0.0,0.12280446875340002,0.012351292977534263,0.2490766460120265,0.35969340982843895,0.24096369851364868,0.2377509218391977,-0.00887561747411418
chapman,ptbxl,inceptiontime,45,stage3_ts_binned_threshold,2172,1.1039696491394246,0.9737825652425544,0.7752146708770835,1.1375926939990681,0.0,0.12280446875340002,0.012351292977534263,0.2490766460120265,0.35969340982843895,0.24096369851364868,0.2377509218391977,-0.00887561747411418
chapman,ptbxl,inceptiontime,46,raw,2172,,,,,0.0,0.10385811494573752,0.00810500814805342,0.24957075486096272,0.3461576898471542,0.2553667530252789,0.25361701606083714,0.0
chapman,ptbxl,inceptiontime,46,stage1_ts,2172,1.074181147812797,,,,0.0,0.09790245993946264,0.008303648200974411,0.24957075486096272,0.340262321365891,0.24033659583691555,0.23743566923162598,-0.005955655006274874
chapman,ptbxl,inceptiontime,46,stage2_ts_binned,2172,1.074181147812797,1.0374821137354846,0.9192683407741098,1.1504301462573499,0.0,0.09881489958731159,0.008091477195232906,0.24957075486096272,0.3418583889309021,0.24477737959751028,0.24478449036799613,-0.0050432153584259315
chapman,ptbxl,inceptiontime,46,stage3_ts_binned_threshold,2172,1.074181147812797,1.0374821137354846,0.9192683407741098,1.1504301462573499,0.0,0.09881489958731159,0.008091477195232906,0.24957075486096272,0.3418583889309021,0.24477737959751028,0.24478449036799613,-0.0050432153584259315
chapman,ptbxl,resnet1d,42,raw,2172,,,,,0.0,0.08205210473770469,0.009926382684773366,0.24658108896418166,0.3194279201097,0.24607679752794198,0.23839738090003373,0.0
chapman,ptbxl,resnet1d,42,stage1_ts,2172,1.1246112144742808,,,,0.0,0.07126448997385053,0.009729320019661756,0.24658108896418166,0.3077445866760897,0.2159598570511181,0.20751973846556485,-0.010787614763854161
chapman,ptbxl,resnet1d,42,stage2_ts_binned,2172,1.1246112144742808,0.9978689218327238,0.9625791624071564,1.026336491693688,0.0,0.07123457895818841,0.009665391794302682,0.24658108896418166,0.307603980267786,0.21794899481793373,0.20828326762623506,-0.01081752577951628
chapman,ptbxl,resnet1d,42,stage3_ts_binned_threshold,2172,1.1246112144742808,0.9978689218327238,0.9625791624071564,1.026336491693688,0.0,0.07123457895818841,0.009665391794302682,0.24658108896418166,0.307603980267786,0.21794899481793373,0.20828326762623506,-0.01081752577951628
chapman,ptbxl,resnet1d,43,raw,2172,,,,,0.0,0.07980244055277838,0.012499216118916011,0.24770730102527055,0.3178109568367068,0.2763087146711394,0.27139997846477487,0.0
chapman,ptbxl,resnet1d,43,stage1_ts,2172,1.1279481087131698,,,,0.0,0.06914848785663388,0.0126715039319534,0.24770730102527055,0.30499578937159805,0.24805444148843997,0.242305057889423,-0.010653952696144497
chapman,ptbxl,resnet1d,43,stage2_ts_binned,2172,1.1279481087131698,1.0320954372477087,0.9410640981574317,1.1419582547748615,0.0,0.0715239280542457,0.012990756344548838,0.24770730102527055,0.3081078158618382,0.2567386501711595,0.2511446213339883,-0.008278512498532675
chapman,ptbxl,resnet1d,43,stage3_ts_binned_threshold,2172,1.1279481087131698,1.0320954372477087,0.9410640981574317,1.1419582547748615,0.0,0.0715239280542457,0.012990756344548838,0.24770730102527055,0.3081078158618382,0.2567386501711595,0.2511446213339883,-0.008278512498532675
chapman,ptbxl,resnet1d,44,raw,2172,,,,,0.0,0.07371806502032334,0.011745055308254222,0.2485746941654881,0.3102423709121349,0.2586594083883267,0.2548686548590245,0.0
chapman,ptbxl,resnet1d,44,stage1_ts,2172,1.0684319939700566,,,,0.0,0.06729596351682565,0.012459380956281145,0.2485746941654881,0.30268936680978753,0.24184716802829329,0.23764862856237384,-0.0064221015034976875
chapman,ptbxl,resnet1d,44,stage2_ts_binned,2172,1.0684319939700566,0.8760927494573281,0.3498562035891263,1.0610752297240649,0.0,0.0672013355902429,0.012933991304655711,0.2485746941654881,0.30213544031334977,0.24003488447684235,0.23455823221917424,-0.006516729430080442
chapman,ptbxl,resnet1d,44,stage3_ts_binned_threshold,2172,1.0684319939700566,0.8760927494573281,0.3498562035891263,1.0610752297240649,0.0,0.0672013355902429,0.012933991304655711,0.2485746941654881,0.30213544031334977,0.24003488447684235,0.23455823221917424,-0.006516729430080442
chapman,ptbxl,resnet1d,45,raw,2172,,,,,0.0,0.10777856772112232,0.01560123259508134,0.2499828301944385,0.3411805899843135,0.256152116173868,0.24518975021519573,0.0
chapman,ptbxl,resnet1d,45,stage1_ts,2172,0.9878828624250616,,,,0.0,0.10911407053865547,0.015142079730907053,0.2499828301944385,0.3426022875912242,0.25960918346904793,0.2487566381553337,0.0013355028175331546
chapman,ptbxl,resnet1d,45,stage2_ts_binned,2172,0.9878828624250616,1.0035388004028394,0.8900199005694509,1.090428205208689,0.0,0.11315555695051328,0.015282059355294818,0.2499828301944385,0.34745259825886043,0.25624650323563003,0.24781275327365007,0.005376989229390963
chapman,ptbxl,resnet1d,45,stage3_ts_binned_threshold,2172,0.9878828624250616,1.0035388004028394,0.8900199005694509,1.090428205208689,0.0,0.11315555695051328,0.015282059355294818,0.2499828301944385,0.34745259825886043,0.25624650323563003,0.24781275327365007,0.005376989229390963
chapman,ptbxl,resnet1d,46,raw,2172,,,,,0.0,0.07421955904833666,0.006600983016667721,0.24613679374866457,0.31570166444975895,0.24400113204675927,0.23940751252690987,0.0
chapman,ptbxl,resnet1d,46,stage1_ts,2172,1.063524700627107,,,,0.0,0.06934707453285159,0.007688601555780081,0.24613679374866457,0.3103475242436423,0.22941927773997095,0.22451654367831145,-0.004872484515485068
chapman,ptbxl,resnet1d,46,stage2_ts_binned,2172,1.063524700627107,0.9967531756010517,0.9649845709068302,1.0571383692342982,0.0,0.0688889364908413,0.007349674053510244,0.24613679374866457,0.3103154122581723,0.2315098537149433,0.2246002201063764,-0.0053306225574953625
chapman,ptbxl,resnet1d,46,stage3_ts_binned_threshold,2172,1.063524700627107,0.9967531756010517,0.9649845709068302,1.0571383692342982,0.0,0.0688889364908413,0.007349674053510244,0.24613679374866457,0.3103154122581723,0.2315098537149433,0.2246002201063764,-0.0053306225574953625
cpsc,chapman,inceptiontime,42,raw,3958,,,,,0.0,0.006809973245668289,0.0464187062804251,0.22717289753630912,0.1866286921880239,0.06950071503743795,0.07134608900426224,0.0
cpsc,chapman,inceptiontime,42,stage1_ts,3958,1.0296745636590583,,,,0.0,0.00600698331770891,0.046501459062352535,0.22717289753630912,0.18567722993731783,0.06279330776798148,0.06484632304401784,-0.0008029899279593791
cpsc,chapman,inceptiontime,42,stage2_ts_binned,3958,1.0296745636590583,0.9649971994443194,0.7678154533756504,1.1208376840719627,0.0,0.009707231958073697,0.04565681795707319,0.22717289753630912,0.19008574751953958,0.07755434419196681,0.07255563080088302,0.002897258712405408
cpsc,chapman,inceptiontime,42,stage3_ts_binned_threshold,3958,1.0296745636590583,0.9649971994443194,0.7678154533756504,1.1208376840719627,0.0,0.009707231958073697,0.04565681795707319,0.22717289753630912,0.19008574751953958,0.07755434419196681,0.07255563080088302,0.002897258712405408
cpsc,chapman,inceptiontime,43,raw,3958,,,,,0.0,0.017776716621335377,0.02892466218090156,0.24087921916862784,0.2282483164954441,0.12132080436927498,0.12286191134337524,0.0
cpsc,chapman,inceptiontime,43,stage1_ts,3958,1.0907687987002943,,,,0.0,0.012484861073829795,0.029266465669319994,0.24087921916862784,0.22256061204834898,0.10177839638759295,0.10195708996391725,-0.005291855547505582
cpsc,chapman,inceptiontime,43,stage2_ts_binned,3958,1.0907687987002943,1.0252599242783815,0.894419001317617,1.1522230716468178,0.0,0.010235386381993705,0.031153706372599975,0.24087921916862784,0.219365991210429,0.09197807197574147,0.09266654741224925,-0.007541330239341672
cpsc,chapman,inceptiontime,43,stage3_ts_binned_threshold,3958,1.0907687987002943,1.0252599242783815,0.894419001317617,1.1522230716468178,0.0,0.010235386381993705,0.031153706372599975,0.24087921916862784,0.219365991210429,0.09197807197574147,0.09266654741224925,-0.007541330239341672
cpsc,chapman,inceptiontime,44,raw,3958,,,,,0.0,0.005082516527936636,0.03644881475015585,0.22701995255386204,0.19465879901073613,0.06364182255947569,0.06202054178271363,0.0
cpsc,chapman,inceptiontime,44,stage1_ts,3958,1.0764919643887692,,,,0.0,0.003460709903026626,0.03722496368953248,0.22701995255386204,0.19228303253382423,0.04716171948597797,0.043839388856220365,-0.00162180662491001
cpsc,chapman,inceptiontime,44,stage2_ts_binned,3958,1.0764919643887692,1.0260839908325192,0.8941383680726159,1.148578952969946,0.0,0.0024312702526232514,0.037730952199688333,0.22701995255386204,0.19047725879012256,0.042841151736715884,0.04253604004283647,-0.0026512462753133844
cpsc,chapman,inceptiontime,44,stage3_ts_binned_threshold,3958,1.0764919643887692,1.0260839908325192,0.8941383680726159,1.148578952969946,0.0,0.0024312702526232514,0.037730952199688333,0.22701995255386204,0.19047725879012256,0.042841151736715884,0.04253604004283647,-0.0026512462753133844
cpsc,chapman,inceptiontime,45,raw,3958,,,,,0.0,0.028641099846820856,0.03443313489820298,0.2384700803612259,0.23135886659099067,0.1563080994618427,0.1572400166754375,0.0
cpsc,chapman,inceptiontime,45,stage1_ts,3958,1.1183269754098164,,,,0.0,0.02015830985920846,0.03409265468962491,0.2384700803612259,0.2229176266098905,0.13150946567836022,0.1326928469547081,-0.008482789987612396
cpsc,chapman,inceptiontime,45,stage2_ts_binned,3958,1.1183269754098164,1.0081288850600907,0.8800940042087099,1.0951365109993396,0.0,0.01907768993343078,0.03358144705137435,0.2384700803612259,0.2225913600352571,0.1293553862020345,0.13010115344328388,-0.009563409913390077
cpsc,chapman,inceptiontime,45,stage3_ts_binned_threshold,3958,1.1183269754098164,1.0081288850600907,0.8800940042087099,1.0951365109993396,0.0,0.01907768993343078,0.03358144705137435,0.2384700803612259,0.2225913600352571,0.1293553862020345,0.13010115344328388,-0.009563409913390077
cpsc,chapman,inceptiontime,46,raw,3958,,,,,0.0,0.036916990456407985,0.031870751515128456,0.24898657990762532,0.25277014034363504,0.16781682628402209,0.1696161498435681,0.0
cpsc,chapman,inceptiontime,46,stage1_ts,3958,1.0102368211348491,,,,0.0,0.03508080773724403,0.031109261730762176,0.24898657990762532,0.25180181070773,0.16521846830142145,0.1672123534670881,-0.0018361827191639563
cpsc,chapman,inceptiontime,46,stage2_ts_binned,3958,1.0102368211348491,0.9621737408146895,0.7230751293871858,1.1060773762470566,0.0,0.03733282735172973,0.03220548036070722,0.24898657990762532,0.2533024272203558,0.1768583178703223,0.17762927910324344,0.0004158368953217431
cpsc,chapman,inceptiontime,46,stage3_ts_binned_threshold,3958,1.0102368211348491,0.9621737408146895,0.7230751293871858,1.1060773762470566,0.0,0.03733282735172973,0.03220548036070722,0.24898657990762532,0.2533024272203558,0.1768583178703223,0.17762927910324344,0.0004158368953217431
cpsc,chapman,resnet1d,42,raw,3958,,,,,0.0,0.007249175931781305,0.04587081184655568,0.23684290150164397,0.1968896210174445,0.06709270128070133,0.06489564542640008,0.0
cpsc,chapman,resnet1d,42,stage1_ts,3958,0.9925201980149387,,,,0.0,0.007505731271008693,0.04596494372375563,0.23684290150164397,0.19712905022182753,0.06856298041010156,0.06589399696990038,0.0002565553392273878
cpsc,chapman,resnet1d,42,stage2_ts_binned,3958,0.9925201980149387,0.9753994752382071,0.7068692662189182,1.1186025990651682,0.0,0.00903499161360596,0.04660637673173508,0.23684290150164397,0.19905351477565766,0.07513131512396842,0.07901434214451135,0.0017858156818246554
cpsc,chapman,resnet1d,42,stage3_ts_binned_threshold,3958,0.9925201980149387,0.9753994752382071,0.7068692662189182,1.1186025990651682,0.00025,0.00903499161360596,0.04660637673173508,0.23684290150164397,0.19905351477565766,0.07513131512396842,0.07901434214451135,0.0017858156818246554
cpsc,chapman,resnet1d,43,raw,3958,,,,,0.0,0.017653754633458717,0.026352162090304415,0.2223624076042509,0.21198289867720782,0.13014263086333422,0.13100812701565528,0.0
cpsc,chapman,resnet1d,43,stage1_ts,3958,1.0440073580310691,,,,0.0,0.015323503270325292,0.02614835943295056,0.2223624076042509,0.2092108431061426,0.12044521618164072,0.12136998906040147,-0.0023302513631334246
cpsc,chapman,resnet1d,43,stage2_ts_binned,3958,1.0440073580310691,0.9759100686204235,0.7836838341838388,1.2626116644218348,0.0,0.015185168257160158,0.02558639962203115,0.2223624076042509,0.2107653660710615,0.12011372460553477,0.11738331492350967,-0.0024685863762985583
cpsc,chapman,resnet1d,43,stage3_ts_binned_threshold,3958,1.0440073580310691,0.9759100686204235,0.7836838341838388,1.2626116644218348,0.0,0.015185168257160158,0.02558639962203115,0.2223624076042509,0.2107653660710615,0.12011372460553477,0.11738331492350967,-0.0024685863762985583
cpsc,chapman,resnet1d,44,raw,3958,,,,,0.0,0.023258285203318577,0.029213536102794393,0.2447421013108585,0.23838226661949014,0.14203062677636422,0.14353327306451738,0.0
cpsc,chapman,resnet1d,44,stage1_ts,3958,0.9319697710677145,,,,0.0,0.0283388854962848,0.027126326112451127,0.2447421013108585,0.24413943952583297,0.15909182258880605,0.16032092231333744,0.005080600292966222
cpsc,chapman,resnet1d,44,stage2_ts_binned,3958,0.9319697710677145,1.012055965703474,0.9307799220843541,1.1046278831196816,0.0,0.027421216696928687,0.02801519782324626,0.2447421013108585,0.2425673964012843,0.15681420728464796,0.1572080904946956,0.004162931493610109
cpsc,chapman,resnet1d,44,stage3_ts_binned_threshold,3958,0.9319697710677145,1.012055965703474,0.9307799220843541,1.1046278831196816,0.0,0.027421216696928687,0.02801519782324626,0.2447421013108585,0.2425673964012843,0.15681420728464796,0.1572080904946956,0.004162931493610109
cpsc,chapman,resnet1d,45,raw,3958,,,,,0.0,0.006274717779212762,0.02939320159554335,0.20955409515935514,0.18565482939360758,0.0646702899301576,0.0650292877145178,0.0
cpsc,chapman,resnet1d,45,stage1_ts,3958,1.0980652404863112,,,,0.0,0.0040971440521812485,0.029677250031851586,0.20955409515935514,0.18263332389492398,0.04857521358359282,0.046977587091059966,-0.0021775737270315135
cpsc,chapman,resnet1d,45,stage2_ts_binned,3958,1.0980652404863112,1.0079597457624385,0.90077527721096,1.0871542039378193,0.0,0.003225785349116137,0.028971877034490653,0.20955409515935514,0.18268680397444426,0.043096404298580915,0.04407023308237091,-0.003048932430096625
cpsc,chapman,resnet1d,45,stage3_ts_binned_threshold,3958,1.0980652404863112,1.0079597457624385,0.90077527721096,1.0871542039378193,0.0,0.003225785349116137,0.028971877034490653,0.20955409515935514,0.18268680397444426,0.043096404298580915,0.04407023308237091,-0.003048932430096625
cpsc,chapman,resnet1d,46,raw,3958,,,,,0.0,0.02114845839246812,0.04725295730333515,0.22385381268350524,0.19633413646910697,0.12034992910563916,0.12340942370247805,0.0
cpsc,chapman,resnet1d,46,stage1_ts,3958,1.0095266777689977,,,,0.0,0.02070764745775192,0.04736617787949239,0.22385381268350524,0.19569781196744754,0.11809073358318918,0.12170086153097838,-0.0004408109347162001
cpsc,chapman,resnet1d,46,stage2_ts_binned,3958,1.0095266777689977,0.9999028359931181,0.9320858773823392,1.0684527988527255,0.0,0.020581684016751707,0.04861485033338958,0.22385381268350524,0.19524084147743945,0.1186452685318183,0.12071642129509323,-0.0005667743757164119
cpsc,chapman,resnet1d,46,stage3_ts_binned_threshold,3958,1.0095266777689977,0.9999028359931181,0.9320858773823392,1.0684527988527255,0.0,0.020581684016751707,0.04861485033338958,0.22385381268350524,0.19524084147743945,0.1186452685318183,0.12071642129509323,-0.0005667743757164119
cpsc,ptbxl,inceptiontime,42,raw,2120,,,,,0.0,0.05312534656639193,0.012658924516196973,0.24458526165895336,0.2857286106814341,0.21683454468565164,0.2193308793463886,0.0
cpsc,ptbxl,inceptiontime,42,stage1_ts,2120,1.0296745636590583,,,,0.0,0.049752558757793316,0.012591326205500849,0.24458526165895336,0.2822092754888733,0.20989317320146086,0.212567491160746,-0.0033727878085986138
cpsc,ptbxl,inceptiontime,42,stage2_ts_binned,2120,1.0296745636590583,0.9649971994443194,0.7678154533756504,1.1208376840719627,0.0,0.05970541032732676,0.011196424113116436,0.24458526165895336,0.29246018392946077,0.2307074831416658,0.23478112630988893,0.006580063760934833
cpsc,ptbxl,inceptiontime,42,stage3_ts_binned_threshold,2120,1.0296745636590583,0.9649971994443194,0.7678154533756504,1.1208376840719627,0.0,0.05970541032732676,0.011196424113116436,0.24458526165895336,0.29246018392946077,0.2307074831416658,0.23478112630988893,0.006580063760934833
cpsc,ptbxl,inceptiontime,43,raw,2120,,,,,0.0,0.08079829013273071,0.010941826359544578,0.24018778924884304,0.30979711853567565,0.27581758008531804,0.28099395200046967,0.0
cpsc,ptbxl,inceptiontime,43,stage1_ts,2120,1.0907687987002943,,,,0.0,0.06800543525409229,0.01203707930484944,0.24018778924884304,0.2966172889201432,0.25446042526179097,0.26071121849673634,-0.012792854878638418
cpsc,ptbxl,inceptiontime,43,stage2_ts_binned,2120,1.0907687987002943,1.0252599242783815,0.894419001317617,1.1522230716468178,0.0,0.06162613060095665,0.013922745264729815,0.24018778924884304,0.2888550038802781,0.24286029457517586,0.24770187222566872,-0.019172159531774063
cpsc,ptbxl,inceptiontime,43,stage3_ts_binned_threshold,2120,1.0907687987002943,1.0252599242783815,0.894419001317617,1.1522230716468178,0.0,0.06162613060095665,0.013922745264729815,0.24018778924884304,0.2888550038802781,0.24286029457517586,0.24770187222566872,-0.019172159531774063
cpsc,ptbxl,inceptiontime,44,raw,2120,,,,,0.0,0.08074636195547909,0.004779068504246461,0.24811676753292988,0.3242034919673327,0.2638938770963336,0.2647635382457177,0.0
cpsc,ptbxl,inceptiontime,44,stage1_ts,2120,1.0871410860850161,,,,0.0,0.0705178170999168,0.00570928625541765,0.24811676753292988,0.3125914952874039,0.24399106552575683,0.24524437709650854,-0.010228544855562294
cpsc,ptbxl,inceptiontime,44,stage2_ts_binned,2120,1.0871410860850161,0.9944793882379962,0.8565080823547079,1.1114385969636842,0.0,0.06911485231843267,0.006599330971558696,0.24811676753292988,0.30967505299642195,0.24056692408773384,0.24068274638417253,-0.011631509637046414
cpsc,ptbxl,inceptiontime,44,stage3_ts_binned_threshold,2120,1.0871410860850161,0.9944793882379962,0.8565080823547079,1.1114385969636842,0.0,0.06911485231843267,0.006599330971558696,0.24811676753292988,0.30967505299642195,0.24056692408773384,0.24068274638417253,-0.011631509637046414
cpsc,ptbxl,inceptiontime,45,raw,2120,,,,,0.0,0.08767118347415777,0.006889146973539367,0.2406494749021004,0.32181984306035294,0.2795944805274595,0.28436315773783283,0.0
cpsc,ptbxl,inceptiontime,45,stage1_ts,2120,1.0841734314440472,,,,0.0,0.07542309769535739,0.006703257142438444,0.2406494749021004,0.3091885310962309,0.25993673190616956,0.26466089023371897,-0.012248085778800377
cpsc,ptbxl,inceptiontime,45,stage2_ts_binned,2120,1.0841734314440472,1.0169649035386246,0.9106556278184094,1.1151947350009304,0.0,0.07202847843537168,0.008128014649508651,0.2406494749021004,0.3044657503517663,0.2506636298426227,0.2541438434268207,-0.015642705038786092
cpsc,ptbxl,inceptiontime,45,stage3_ts_binned_threshold,2120,1.0841734314440472,1.0169649035386246,0.9106556278184094,1.1151947350009304,0.0,0.07202847843537168,0.008128014649508651,0.2406494749021004,0.3044657503517663,0.2506636298426227,0.2541438434268207,-0.015642705038786092
cpsc,ptbxl,inceptiontime,46,raw,2120,,,,,0.0,0.032113234624127844,0.010845626754580014,0.24991967782128874,0.27075484490788343,0.16668472044029325,0.1696428437129053,0.0
cpsc,ptbxl,inceptiontime,46,stage1_ts,2120,1.0008905474428875,,,,0.0,0.03214688138489016,0.010815041109108515,0.24991967782128874,0.2706643751259067,0.16645562009410966,0.16942754584918193,3.3646760762312544e-05
cpsc,ptbxl,inceptiontime,46,stage2_ts_binned,2120,1.0008905474428875,1.0376598121365177,0.8987253583210879,1.3170758211848619,0.0,0.028329468259881918,0.011577659417360924,0.24991967782128874,0.2660245593170062,0.14661196002692276,0.15187859093992942,-0.003783766364245926
cpsc,ptbxl,inceptiontime,46,stage3_ts_binned_threshold,2120,1.0008905474428875,1.0376598121365177,0.8987253583210879,1.3170758211848619,0.0,0.028329468259881918,0.011577659417360924,0.24991967782128874,0.2660245593170062,0.14661196002692276,0.15187859093992942,-0.003783766364245926
cpsc,ptbxl,resnet1d,42,raw,2120,,,,,0.0,0.10152039052514025,0.006190816075784534,0.24083103417586332,0.33661503577584073,0.3055806094885997,0.3068629928281627,0.0
cpsc,ptbxl,resnet1d,42,stage1_ts,2120,1.060343561370737,,,,0.0,0.09266000674136839,0.006847461744444901,0.24083103417586332,0.3264398766904925,0.2902824838553919,0.2918176311774361,-0.008860383783771866
cpsc,ptbxl,resnet1d,42,stage2_ts_binned,2120,1.060343561370737,0.994952899019307,0.8901681947256506,1.1123988335614443,0.0,0.09238553559541966,0.006061694492127182,0.24083103417586332,0.3282436428082422,0.2930700452589898,0.29475510077470835,-0.00913485492972059
cpsc,ptbxl,resnet1d,42,stage3_ts_binned_threshold,2120,1.060343561370737,0.994952899019307,0.8901681947256506,1.1123988335614443,0.0,0.09238553559541966,0.006061694492127182,0.24083103417586332,0.3282436428082422,0.2930700452589898,0.29475510077470835,-0.00913485492972059
cpsc,ptbxl,resnet1d,43,raw,2120,,,,,0.0,0.09218679233623574,0.007501234488448525,0.23739676041295832,0.321568200908918,0.2880747765864966,0.2892743894181852,0.0
cpsc,ptbxl,resnet1d,43,stage1_ts,2120,0.980126128311878,,,,0.0,0.09617488042581261,0.007695090220280751,0.23739676041295832,0.3249258946057238,0.293171503294706,0.29423873597566813,0.0039880880895768744
cpsc,ptbxl,resnet1d,43,stage2_ts_binned,2120,0.980126128311878,1.0014921099068927,0.8252244111819178,1.1515980717460566,0.0,0.09449598342386564,0.010038903035112423,0.23739676041295832,0.3221340782146923,0.28925077518130615,0.28976131886410517,0.0023091910876299054
cpsc,ptbxl,resnet1d,43,stage3_ts_binned_threshold,2120,0.980126128311878,1.0014921099068927,0.8252244111819178,1.1515980717460566,0.0,0.09449598342386564,0.010038903035112423,0.23739676041295832,0.3221340782146923,0.28925077518130615,0.28976131886410517,0.0023091910876299054
cpsc,ptbxl,resnet1d,44,raw,2120,,,,,0.0,0.10962610157037044,0.005186399443006792,0.23853484336062658,0.343077377429987,0.3176246518796345,0.3212636477317486,0.0
cpsc,ptbxl,resnet1d,44,stage1_ts,2120,0.9812327566340562,,,,0.0,0.11303482857627806,0.005184360023723635,0.23853484336062658,0.3465857860128329,0.3225765257438891,0.3261181880144024,0.003408727005907622
cpsc,ptbxl,resnet1d,44,stage2_ts_binned,2120,0.9812327566340562,0.9825865210509328,0.720238642767008,1.1288492345956684,0.0,0.10922258668747871,0.005768678506994193,0.23853484336062658,0.3429153464785686,0.3186604004743131,0.31765042264556487,-0.00040351488289172566
cpsc,ptbxl,resnet1d,44,stage3_ts_binned_threshold,2120,0.9812327566340562,0.9825865210509328,0.720238642767008,1.1288492345956684,0.0,0.10922258668747871,0.005768678506994193,0.23853484336062658,0.3429153464785686,0.3186604004743131,0.31765042264556487,-0.00040351488289172566
cpsc,ptbxl,resnet1d,45,raw,2120,,,,,0.0,0.08214710722897862,0.008317967447187513,0.24715890886436453,0.32090148297683024,0.2663770108431015,0.26879038523311594,0.0
cpsc,ptbxl,resnet1d,45,stage1_ts,2120,1.074884696504344,,,,0.0,0.07167327170082573,0.00825075435314506,0.24715890886436453,0.3101687093107485,0.24836859233760467,0.2511540577555922,-0.010473835528152897
cpsc,ptbxl,resnet1d,45,stage2_ts_binned,2120,1.074884696504344,1.0124245559424965,0.8363360476419778,1.1592306480302852,0.0,0.06884664366022332,0.010646974704461824,0.24715890886436453,0.30541988797744773,0.23861232473520635,0.23776199193576017,-0.013300463568755305
cpsc,ptbxl,resnet1d,45,stage3_ts_binned_threshold,2120,1.074884696504344,1.0124245559424965,0.8363360476419778,1.1592306480302852,0.0,0.06884664366022332,0.010646974704461824,0.24715890886436453,0.30541988797744773,0.23861232473520635,0.23776199193576017,-0.013300463568755305
cpsc,ptbxl,resnet1d,46,raw,2120,,,,,0.0,0.11131475202577054,0.007796942335146483,0.24532195621217515,0.34806736809777206,0.3138616374500518,0.3150975721650447,0.0
cpsc,ptbxl,resnet1d,46,stage1_ts,2120,1.142722566904885,,,,0.0,0.09041010897365148,0.008328151128181673,0.24532195621217515,0.32648740377040003,0.28240555382082244,0.2848830383109663,-0.02090464305211906
cpsc,ptbxl,resnet1d,46,stage2_ts_binned,2120,1.142722566904885,0.9977759797000207,0.8178350874909814,1.26693461772487,0.0,0.08953029193679168,0.007699435575933538,0.24532195621217515,0.3269370365659242,0.2762909415554662,0.276069381030861,-0.021784460088978858
cpsc,ptbxl,resnet1d,46,stage3_ts_binned_threshold,2120,1.142722566904885,0.9977759797000207,0.8178350874909814,1.26693461772487,0.0,0.08953029193679168,0.007699435575933538,0.24532195621217515,0.3269370365659242,0.2762909415554662,0.276069381030861,-0.021784460088978858
ptbxl,chapman,inceptiontime,42,raw,4050,,,,,0.0,0.019831506581909915,0.00993540918306186,0.2282710562414266,0.23965058254876972,0.12112495777783572,0.12200844941019408,0.0
ptbxl,chapman,inceptiontime,42,stage1_ts,4050,1.137414233816701,,,,0.0,0.016088589193649208,0.01167992129142683,0.2282710562414266,0.23289157162128468,0.09183214284497468,0.09118878060047676,-0.0037429173882607067
ptbxl,chapman,inceptiontime,42,stage2_ts_binned,4050,1.137414233816701,0.9932553219268989,0.9398991058483757,1.0473815811015288,0.0,0.015254694902212476,0.011061836344980033,0.2282710562414266,0.232861268972161,0.08986237761019938,0.08960185921780787,-0.004576811679697439
ptbxl,chapman,inceptiontime,42,stage3_ts_binned_threshold,4050,1.137414233816701,0.9932553219268989,0.9398991058483757,1.0473815811015288,0.0,0.015254694902212476,0.011061836344980033,0.2282710562414266,0.232861268972161,0.08986237761019938,0.08960185921780787,-0.004576811679697439
ptbxl,chapman,inceptiontime,43,raw,4050,,,,,0.0,0.041385721213812975,0.007972759383613439,0.23970150891632372,0.2767383691883616,0.16022376667570185,0.15515207914339815,0.0
ptbxl,chapman,inceptiontime,43,stage1_ts,4050,1.1058476761558191,,,,0.0,0.046818277433728586,0.01733344196377229,0.23970150891632372,0.26963502789806604,0.13307771046589806,0.1297315046903616,0.005432556219915612
ptbxl,chapman,inceptiontime,43,stage2_ts_binned,4050,1.1058476761558191,0.9840266321469471,0.8375617992619554,1.1088402454348794,0.0,0.038239013834654015,0.00888205068005763,0.23970150891632372,0.2723250215193283,0.1309417293400763,0.12987425274277917,-0.0031467073791589598
ptbxl,chapman,inceptiontime,43,stage3_ts_binned_threshold,4050,1.1058476761558191,0.9840266321469471,0.8375617992619554,1.1088402454348794,0.0,0.038239013834654015,0.00888205068005763,0.23970150891632372,0.2723250215193283,0.1309417293400763,0.12987425274277917,-0.0031467073791589598
ptbxl,chapman,inceptiontime,44,raw,4050,,,,,0.0,0.039637872236929425,0.009775068109528953,0.2464883401920439,0.2769510737222026,0.182217486684705,0.1752614198937105,0.0
ptbxl,chapman,inceptiontime,44,stage1_ts,4050,1.0737596178986828,,,,0.0,0.034523028713185584,0.011640466378695502,0.2464883401920439,0.2699591754311106,0.16113676284373157,0.15498719184182624,-0.005114843523743841
ptbxl,chapman,inceptiontime,44,stage2_ts_binned,4050,1.0737596178986828,0.982695347214133,0.8643513087112985,1.142332625123391,0.0,0.03361961928240261,0.010074808739979364,0.2464883401920439,0.27073104600800296,0.1620111001381587,0.1574515752811958,-0.0060182529545268135
ptbxl,chapman,inceptiontime,44,stage3_ts_binned_threshold,4050,1.0737596178986828,0.982695347214133,0.8643513087112985,1.142332625123391,0.0,0.03361961928240261,0.010074808739979364,0.2464883401920439,0.27073104600800296,0.1620111001381587,0.1574515752811958,-0.0060182529545268135
ptbxl,chapman,inceptiontime,45,raw,4050,,,,,0.0,0.02486601976417291,0.01020247525176004,0.23721146166742874,0.2522689559600474,0.12773633595602013,0.12628050667247356,0.0
ptbxl,chapman,inceptiontime,45,stage1_ts,4050,1.0935977150684193,,,,0.0,0.020665181205869014,0.011047325696981346,0.23721146166742874,0.24663409188568852,0.10313275016602028,0.103692412181609,-0.004200838558303895
ptbxl,chapman,inceptiontime,45,stage2_ts_binned,4050,1.0935977150684193,0.9802335799063513,0.8194643770548595,1.178707542512098,0.0,0.0208020497304641,0.009727490427503552,0.23721146166742874,0.24808311373836758,0.10218257316413802,0.0998002657977801,-0.00406397003370881
ptbxl,chapman,inceptiontime,45,stage3_ts_binned_threshold,4050,1.0935977150684193,0.9802335799063513,0.8194643770548595,1.178707542512098,0.00025,0.0208020497304641,0.009727490427503552,0.23721146166742874,0.24808311373836758,0.10218257316413802,0.0998002657977801,-0.00406397003370881
ptbxl,chapman,inceptiontime,46,raw,4050,,,,,0.0,0.07202596504457055,0.018179191980679438,0.24999701265051058,0.3042190886127938,0.1617591470553551,0.16125567576637617,0.0
ptbxl,chapman,inceptiontime,46,stage1_ts,4050,0.9896139822060166,,,,0.0,0.07292204359533361,0.01799954284742458,0.24999701265051058,0.30525464989485035,0.16486821677490626,0.16386085710825296,0.0008960785507630548
ptbxl,chapman,inceptiontime,46,stage2_ts_binned,4050,0.9896139822060166,0.9894306275160254,0.8297131232060012,1.125437936044617,0.0,0.07068999608475526,0.015115219382347077,0.24999701265051058,0.30600126819134343,0.16470389043580652,0.16178673943725125,-0.0013359689598152896
ptbxl,chapman,inceptiontime,46,stage3_ts_binned_threshold,4050,0.9896139822060166,0.9894306275160254,0.8297131232060012,1.125437936044617,0.0,0.07068999608475526,0.015115219382347077,0.24999701265051058,0.30600126819134343,0.16470389043580652,0.16178673943725125,-0.0013359689598152896
ptbxl,chapman,mamba,42,raw,4050,,,,,0.0,0.009358235409206151,0.006075333386895649,0.18304045115073922,0.18526460083829294,0.08194821253602885,0.07784246262299177,0.0
ptbxl,chapman,mamba,42,stage1_ts,4050,0.6056905696123951,,,,0.0,0.03298789023890084,0.007453989702953527,0.18304045115073922,0.20747952169285455,0.17565185964637356,0.1696927221790497,0.02362965482969469
ptbxl,chapman,mamba,42,stage2_ts_binned,4050,0.6056905696123951,19.37876978040491,0.7817928056327171,93.21170409233815,0.0,0.03387646782764067,0.00810230871923829,0.18304045115073922,0.20880227025138232,0.18137066886586858,0.17470104686689295,0.02451823241843452
ptbxl,chapman,mamba,42,stage3_ts_binned_threshold,4050,0.6056905696123951,19.37876978040491,0.7817928056327171,93.21170409233815,0.0018072307617755942,0.03387646782764067,0.00810230871923829,0.18304045115073922,0.20880227025138232,0.18137066886586858,0.17470104686689295,0.02451823241843452
ptbxl,chapman,mamba,43,raw,4050,,,,,0.0,0.0018955949744481027,0.0011919064718228112,0.19180588324950465,0.1914255445888278,0.03713750569908708,0.035666873338767544,0.0
ptbxl,chapman,mamba,43,stage1_ts,4050,0.5230027874118076,,,,0.0,0.017939893259403587,0.0015992121349375896,0.19180588324950465,0.20738949824585404,0.13277923675970874,0.12836953296874803,0.016044298284955485
ptbxl,chapman,mamba,43,stage2_ts_binned,4050,0.5230027874118076,2.234855342886525,0.7102181513267777,7.4001842211161755,0.0,0.0182498713570203,0.007880771780541447,0.19180588324950465,0.20230204668202845,0.13338297895986095,0.12705978479433203,0.016354276382572197
ptbxl,chapman,mamba,43,stage3_ts_binned_threshold,4050,0.5230027874118076,2.234855342886525,0.7102181513267777,7.4001842211161755,0.00025,0.0182498713570203,0.007880771780541447,0.19180588324950465,0.20230204668202845,0.13338297895986095,0.12705978479433203,0.016354276382572197
ptbxl,chapman,resnet1d,42,raw,4050,,,,,0.0,0.01376702391471689,0.017205553241081306,0.21986989788142053,0.21661750924543552,0.1077042520230199,0.10353008964954681,0.0
ptbxl,chapman,resnet1d,42,stage1_ts,4050,1.108266135223491,,,,0.0,0.009379877419818465,0.01714564799428246,0.21986989788142053,0.21193373877249314,0.08717601848067878,0.07859884600846612,-0.004387146494898426
ptbxl,chapman,resnet1d,42,stage2_ts_binned,4050,1.108266135223491,0.9799645371113337,0.7759709437867527,1.1670086038522136,0.0,0.009534710922443287,0.01600930626141942,0.21986989788142053,0.21266825555500277,0.0811301730567891,0.0770775717644828,-0.004232312992273604
ptbxl,chapman,resnet1d,42,stage3_ts_binned_threshold,4050,1.108266135223491,0.9799645371113337,0.7759709437867527,1.1670086038522136,0.0,0.009534710922443287,0.01600930626141942,0.21986989788142053,0.21266825555500277,0.0811301730567891,0.0770775717644828,-0.004232312992273604
ptbxl,chapman,resnet1d,43,raw,4050,,,,,0.0,0.02235696236093776,0.00880535838260582,0.22004109129705834,0.23474598695252827,0.13159173469484586,0.1284177491621718,0.0
ptbxl,chapman,resnet1d,43,stage1_ts,4050,1.1905984840602915,,,,0.0,0.015467171381215328,0.009704121863146932,0.22004109129705834,0.2271478928490416,0.08875884109036394,0.08994912309842198,-0.0068897909797224315
ptbxl,chapman,resnet1d,43,stage2_ts_binned,4050,1.1905984840602915,0.9884098377857441,0.8569352726858894,1.0604123457463106,0.0,0.01676507112148768,0.010160714970608994,0.22004109129705834,0.22721076369974982,0.08920861169681092,0.08701615802496829,-0.005591891239450079
ptbxl,chapman,resnet1d,43,stage3_ts_binned_threshold,4050,1.1905984840602915,0.9884098377857441,0.8569352726858894,1.0604123457463106,0.0,0.01676507112148768,0.010160714970608994,0.22004109129705834,0.22721076369974982,0.08920861169681092,0.08701615802496829,-0.005591891239450079
ptbxl,chapman,resnet1d,44,raw,4050,,,,,0.0,0.02592918145668956,0.008404380837818089,0.22701594269166286,0.2470900529130811,0.14229447142577467,0.13503781106323084,0.0
ptbxl,chapman,resnet1d,44,stage1_ts,4050,1.1033856277718945,,,,0.0,0.023275822630911394,0.010004885282269642,0.22701594269166286,0.2417062722467355,0.11930395772643618,0.11000680560412797,-0.002653358825778166
ptbxl,chapman,resnet1d,44,stage2_ts_binned,4050,1.1033856277718945,0.992160822944704,0.8520424177190197,1.1443994824603172,0.0,0.024211358138885534,0.012610318310090499,0.22701594269166286,0.23948315013195765,0.11438714168094255,0.10275301777553236,-0.0017178233178040264
ptbxl,chapman,resnet1d,44,stage3_ts_binned_threshold,4050,1.1033856277718945,0.992160822944704,0.8520424177190197,1.1443994824603172,0.0,0.024211358138885534,0.012610318310090499,0.22701594269166286,0.23948315013195765,0.11438714168094255,0.10275301777553236,-0.0017178233178040264
ptbxl,chapman,resnet1d,45,raw,4050,,,,,0.0,0.03177993433727279,0.008749232146130515,0.23530217954580096,0.2598654062939966,0.15201297381041962,0.1441323239438332,0.0
ptbxl,chapman,resnet1d,45,stage1_ts,4050,1.1074875816050354,,,,0.0,0.02794552959073126,0.010717932242429982,0.23530217954580096,0.2534477638810835,0.12697677454518322,0.11789607612338628,-0.0038344047465415296
ptbxl,chapman,resnet1d,45,stage2_ts_binned,4050,1.1074875816050354,0.9908916259102523,0.8568020002514665,1.0851094585167695,0.0,0.028352294940652695,0.010314741072685523,0.23530217954580096,0.2542791015359202,0.12458031416439873,0.11726880928700899,-0.003427639396620094
ptbxl,chapman,resnet1d,45,stage3_ts_binned_threshold,4050,1.1074875816050354,0.9908916259102523,0.8568020002514665,1.0851094585167695,0.0,0.028352294940652695,0.010314741072685523,0.23530217954580096,0.2542791015359202,0.12458031416439873,0.11726880928700899,-0.003427639396620094
ptbxl,chapman,resnet1d,46,raw,4050,,,,,0.0,0.024622403621091672,0.007059388888901493,0.22271385459533607,0.24098945818379514,0.1274000198311276,0.13023295262555162,0.0
ptbxl,chapman,resnet1d,46,stage1_ts,4050,1.1729085939085804,,,,0.0,0.018259407641411568,0.008188593495310825,0.22271385459533607,0.23414361085038923,0.09175222313219084,0.10167329496057687,-0.006362995979680104
ptbxl,chapman,resnet1d,46,stage2_ts_binned,4050,1.1729085939085804,0.9864386878089355,0.8318094935399518,1.0742977358904868,0.0,0.019248379830992188,0.00802754557700054,0.22271385459533607,0.23402302164912125,0.08856432020441812,0.09609193881622514,-0.0053740237900994844
ptbxl,chapman,resnet1d,46,stage3_ts_binned_threshold,4050,1.1729085939085804,0.9864386878089355,0.8318094935399518,1.0742977358904868,0.0,0.019248379830992188,0.00802754557700054,0.22271385459533607,0.23402302164912125,0.08856432020441812,0.09609193881622514,-0.0053740237900994844
ptbxl,cpsc,inceptiontime,42,raw,2057,,,,,0.0,0.05772062565291651,0.0047185437050728226,0.24736951193371035,0.30070961367557963,0.21198082010781932,0.21170737411285462,0.0
ptbxl,cpsc,inceptiontime,42,stage1_ts,2057,1.1346008920883541,,,,0.0,0.04623468712223833,0.004709276152298847,0.24736951193371035,0.28905748731434333,0.18288861598062522,0.18458571525651604,-0.011485938530678183
ptbxl,cpsc,inceptiontime,42,stage2_ts_binned,2057,1.1346008920883541,0.9842250811724289,0.8216807510906291,1.0686321827739844,0.0,0.04605795686629242,0.005544063585226431,0.24736951193371035,0.28926608691599365,0.18367078806766088,0.1847876673239075,-0.011662668786624093
ptbxl,cpsc,inceptiontime,42,stage3_ts_binned_threshold,2057,1.1346008920883541,0.9842250811724289,0.8216807510906291,1.0686321827739844,0.0,0.04605795686629242,0.005544063585226431,0.24736951193371035,0.28926608691599365,0.18367078806766088,0.1847876673239075,-0.011662668786624093
ptbxl,cpsc,inceptiontime,43,raw,2057,,,,,0.0,0.04189561164942515,0.005809258070046647,0.24255391256813294,0.2794142708249548,0.18570414200012234,0.18889518931044819,0.0
ptbxl,cpsc,inceptiontime,43,stage1_ts,2057,1.1150736952852929,,,,0.0,0.03364901026629942,0.005325225539145314,0.24255391256813294,0.269971537242636,0.16256414052419393,0.16434882991054803,-0.008246601383125732
ptbxl,cpsc,inceptiontime,43,stage2_ts_binned,2057,1.1150736952852929,0.9833955487823263,0.8762756314557535,1.1067793942542692,0.0,0.03163420714586401,0.0056923417272411545,0.24255391256813294,0.26893098875458427,0.15737488477393663,0.16105457618498267,-0.010261404503561139
ptbxl,cpsc,inceptiontime,43,stage3_ts_binned_threshold,2057,1.1150736952852929,0.9833955487823263,0.8762756314557535,1.1067793942542692,0.0,0.03163420714586401,0.0056923417272411545,0.24255391256813294,0.26893098875458427,0.15737488477393663,0.16105457618498267,-0.010261404503561139
ptbxl,cpsc,inceptiontime,44,raw,2057,,,,,0.0,0.05948004140856822,0.0056947443066994105,0.24806434223086374,0.3030793199604426,0.22690926655206972,0.22739367446331776,0.0
ptbxl,cpsc,inceptiontime,44,stage1_ts,2057,1.1488741921299972,,,,0.0,0.046319108746502954,0.005131894082079121,0.24806434223086374,0.28857488031578893,0.19429517470023389,0.1953875202777934,-0.013160932662065264
ptbxl,cpsc,inceptiontime,44,stage2_ts_binned,2057,1.1488741921299972,0.9904407826349855,0.8831733284904965,1.1906290960159103,0.0,0.04487547210241663,0.005189872579093955,0.24806434223086374,0.28796226380586454,0.19093627265317814,0.1914824072500884,-0.014604569306151588
ptbxl,cpsc,inceptiontime,44,stage3_ts_binned_threshold,2057,1.1488741921299972,0.9904407826349855,0.8831733284904965,1.1906290960159103,0.0,0.04487547210241663,0.005189872579093955,0.24806434223086374,0.28796226380586454,0.19093627265317814,0.1914824072500884,-0.014604569306151588
ptbxl,cpsc,inceptiontime,45,raw,2057,,,,,0.0,0.062001119642208946,0.004196197656119256,0.24831249590841853,0.30594091426102216,0.20057638159757923,0.19968957659546124,0.0
ptbxl,cpsc,inceptiontime,45,stage1_ts,2057,1.0638407856035932,,,,0.0,0.05582100292101244,0.004116077369709787,0.24831249590841853,0.30005230903250624,0.1850027721610937,0.18663471169088797,-0.006180116721196505
ptbxl,cpsc,inceptiontime,45,stage2_ts_binned,2057,1.0638407856035932,0.9775365096363444,0.811300677356825,1.067855718074988,0.0,0.05259297608619383,0.004230857648393552,0.24831249590841853,0.2975349453517717,0.19097607480691015,0.18736687929774676,-0.009408143556015117
ptbxl,cpsc,inceptiontime,45,stage3_ts_binned_threshold,2057,1.0638407856035932,0.9775365096363444,0.811300677356825,1.067855718074988,0.0,0.05259297608619383,0.004230857648393552,0.24831249590841853,0.2975349453517717,0.19097607480691015,0.18736687929774676,-0.009408143556015117
ptbxl,cpsc,inceptiontime,46,raw,2057,,,,,0.0,0.04389772751877761,0.008416736302414681,0.247565198833725,0.28328043025258776,0.16717097024113214,0.16662878922514385,0.0
ptbxl,cpsc,inceptiontime,46,stage1_ts,2057,1.0594855432614052,,,,0.0,0.03835355976020753,0.008236219089531637,0.247565198833725,0.27815224618666023,0.15174792637848641,0.152022769946301,-0.005544167758570077
ptbxl,cpsc,inceptiontime,46,stage2_ts_binned,2057,1.0594855432614052,0.9852872348559218,0.9048143736494751,1.0965743783346744,0.0,0.03724596506164839,0.007698506070575473,0.247565198833725,0.27743957532902397,0.151061903024827,0.1481025157469443,-0.006651762457129222
ptbxl,cpsc,inceptiontime,46,stage3_ts_binned_threshold,2057,1.0594855432614052,0.9852872348559218,0.9048143736494751,1.0965743783346744,0.0,0.03724596506164839,0.007698506070575473,0.247565198833725,0.27743957532902397,0.151061903024827,0.1481025157469443,-0.006651762457129222
ptbxl,cpsc,resnet1d,42,raw,2057,,,,,0.0,0.0785172071564217,0.0018192194508359892,0.24982127026795165,0.32575523306668447,0.23879177159166595,0.2417826688501441,0.0
ptbxl,cpsc,resnet1d,42,stage1_ts,2057,1.0107273300876782,,,,0.0,0.07715417331043795,0.001835724024644776,0.24982127026795165,0.3245027770582405,0.23704420433461437,0.23932365590776505,-0.0013630338459837549
ptbxl,cpsc,resnet1d,42,stage2_ts_binned,2057,1.0107273300876782,0.9623448898932269,0.773412947423039,1.1486874439037318,0.0,0.07251860727766613,0.003101624280930846,0.24982127026795165,0.31944624599954663,0.23743394216703945,0.23476929666280588,-0.0059985998787555755
ptbxl,cpsc,resnet1d,42,stage3_ts_binned_threshold,2057,1.0107273300876782,0.9623448898932269,0.773412947423039,1.1486874439037318,0.0,0.07251860727766613,0.003101624280930846,0.24982127026795165,0.31944624599954663,0.23743394216703945,0.23476929666280588,-0.0059985998787555755
ptbxl,cpsc,resnet1d,43,raw,2057,,,,,0.0,0.03590286869590782,0.004844477571207251,0.24320998362422064,0.27372027868835086,0.1570871924826632,0.15706006509171225,0.0
ptbxl,cpsc,resnet1d,43,stage1_ts,2057,1.0766749510644071,,,,0.0,0.0316999878351016,0.006724013926697012,0.24320998362422064,0.26757739520858614,0.13430919831970553,0.13847921334883762,-0.004202880860806224
ptbxl,cpsc,resnet1d,43,stage2_ts_binned,2057,1.0766749510644071,1.0025822332665204,0.9440161626913847,1.0897673348292305,0.0,0.03298038955381847,0.006814397438524827,0.24320998362422064,0.26872452255458074,0.13208398000272195,0.13768860724039864,-0.002922479142089353
ptbxl,cpsc,resnet1d,43,stage3_ts_binned_threshold,2057,1.0766749510644071,1.0025822332665204,0.9440161626913847,1.0897673348292305,0.0,0.03298038955381847,0.006814397438524827,0.24320998362422064,0.26872452255458074,0.13208398000272195,0.13768860724039864,-0.002922479142089353
ptbxl,cpsc,resnet1d,44,raw,2057,,,,,0.0,0.08046068556925409,0.00679053992969691,0.24391190402644705,0.31638953287496807,0.26934109068229817,0.2670787106066023,0.0
ptbxl,cpsc,resnet1d,44,stage1_ts,2057,1.4982147666932033,,,,0.0,0.041117440782347484,0.006077121444166736,0.24391190402644705,0.278823599228718,0.18530846960013453,0.18448581573533976,-0.03934324478690661
ptbxl,cpsc,resnet1d,44,stage2_ts_binned,2057,1.4982147666932033,0.9961232470299223,0.9352418820369431,1.069504777964876,0.0,0.040244562587492275,0.006516372641588851,0.24391190402644705,0.2780102242803158,0.1824834287762057,0.1813933535401004,-0.04021612298176182
ptbxl,cpsc,resnet1d,44,stage3_ts_binned_threshold,2057,1.4982147666932033,0.9961232470299223,0.9352418820369431,1.069504777964876,0.0,0.040244562587492275,0.006516372641588851,0.24391190402644705,0.2780102242803158,0.1824834287762057,0.1813933535401004,-0.04021612298176182
ptbxl,cpsc,resnet1d,45,raw,2057,,,,,0.0,0.04085408169723823,0.00754047148980657,0.2437592304305419,0.2770873021052324,0.18529424195910865,0.18311072811977672,0.0
ptbxl,cpsc,resnet1d,45,stage1_ts,2057,1.0072301952341813,,,,0.0,0.04044802788023792,0.0076261548806712985,0.2437592304305419,0.27648471079087006,0.18364786803045902,0.18149697884411123,-0.0004060538170003111
ptbxl,cpsc,resnet1d,45,stage2_ts_binned,2057,1.0072301952341813,0.997689731676411,0.9241641105114976,1.0437577667485156,0.0,0.04042163179922306,0.007101209398618625,0.2437592304305419,0.2760554446856074,0.18484067655233938,0.1822146294499562,-0.0004324498980151706
ptbxl,cpsc,resnet1d,45,stage3_ts_binned_threshold,2057,1.0072301952341813,0.997689731676411,0.9241641105114976,1.0437577667485156,0.0,0.04042163179922306,0.007101209398618625,0.2437592304305419,0.2760554446856074,0.18484067655233938,0.1822146294499562,-0.0004324498980151706
ptbxl,cpsc,resnet1d,46,raw,2057,,,,,0.0,0.06483485742907741,0.003260662310830657,0.24898605589035294,0.3113552115236525,0.21986824013274678,0.22118976004527374,0.0
ptbxl,cpsc,resnet1d,46,stage1_ts,2057,1.092045220844279,,,,0.0,0.05597789381285709,0.003498165180874067,0.24898605589035294,0.3021514658651074,0.19747426620320338,0.20026362984783727,-0.00885696361622032
ptbxl,cpsc,resnet1d,46,stage2_ts_binned,2057,1.092045220844279,0.9811957006323411,0.8720017106871512,1.1065615948387217,0.0,0.05602372057796086,0.003930412055433882,0.24898605589035294,0.3017697497174988,0.19636593788063866,0.20057358493892544,-0.00881113685111655
ptbxl,cpsc,resnet1d,46,stage3_ts_binned_threshold,2057,1.092045220844279,0.9811957006323411,0.8720017106871512,1.1065615948387217,0.00025,0.05602372057796086,0.003930412055433882,0.24898605589035294,0.3017697497174988,0.19636593788063866,0.20057358493892544,-0.00881113685111655
