pair,arch,seed,method,ood_deltaECE,ood_ci_lo,ood_ci_hi,ood_ci_width,is_narrow,narrow_threshold,n_cal_est,n_test_est,n_patients_cal_est,n_patients_test_est,bootstrap_converged,cluster_sufficient,decay,diagnosis_reasons
chapman_cpsc,inceptiontime,42,ts,0.01389545635114825,0.013511645870006275,0.014290309520949911,0.0007786636509436364,1,0.005,1000,2057,200,411,1,1,0.006443391225650635,extremely_narrow_ci
chapman_cpsc,inceptiontime,42,platt,0.02606911978472054,0.02379384683643271,0.028476397938553392,0.00468255110212068,1,0.005,1020,2077,200,411,1,1,0.024573537777759075,extremely_narrow_ci
chapman_cpsc,inceptiontime,42,isotonic,0.019934087955071678,0.01723166256425592,0.02324509588334857,0.00601343331909265,0,0.005,1040,2097,200,411,1,1,0.017492737556812726,
chapman_cpsc,inceptiontime,42,vector,0.028795591275193766,0.026126628054016204,0.031186000782819433,0.005059372728803229,0,0.005,1060,2117,200,411,1,1,0.02750730088364572,
chapman_cpsc,inceptiontime,42,matrix,0.024116445662685504,0.019848432230572505,0.028388315671054404,0.008539883440481899,0,0.005,1080,2137,200,411,1,1,0.02154504760496766,
chapman_cpsc,inceptiontime,42,dirichlet,0.024222102885766872,0.02095651280816829,0.02785838527603221,0.006901872467863921,0,0.005,1100,2157,200,411,1,1,0.02194478877570693,
chapman_cpsc,inceptiontime,42,em_prior,-0.06671261286021807,-0.07629090481023561,-0.05861534853461056,0.017675556275625046,0,0.005,1120,2177,200,411,1,1,-0.04902925986677115,
chapman_cpsc,inceptiontime,42,bbse_prior,-0.06326914243867066,-0.07196990804226176,-0.05301006081380187,0.018959847228459892,0,0.005,1140,2197,200,411,1,1,-0.06251042590951672,
chapman_cpsc,inceptiontime,43,ts,0.010136671399966268,0.00993983300610222,0.010323968024156992,0.00038413501805477195,1,0.005,1000,2057,200,411,1,1,0.00890760463469406,extremely_narrow_ci
chapman_cpsc,inceptiontime,43,platt,0.005322274204550281,0.0016583883949999336,0.009005499073953054,0.00734711067895312,0,0.005,1020,2077,200,411,1,1,-0.01056780347464378,
chapman_cpsc,inceptiontime,43,isotonic,0.010306685873632815,0.005975067174594236,0.014957451185985125,0.008982384011390888,0,0.005,1040,2097,200,411,1,1,-0.008805828438339432,
chapman_cpsc,inceptiontime,43,vector,0.018749633970301494,0.015325149941152366,0.022673986384785273,0.007348836443632907,0,0.005,1060,2117,200,411,1,1,0.0008816965449725961,
chapman_cpsc,inceptiontime,43,matrix,0.019391375926541388,0.014347413173105034,0.024575579521508142,0.010228166348403109,0,0.005,1080,2137,200,411,1,1,-0.0032732831500847555,
chapman_cpsc,inceptiontime,43,dirichlet,0.019578769997957657,0.014505054877630194,0.0240348150829122,0.009529760205282005,0,0.005,1100,2157,200,411,1,1,-0.0028387745333651113,
chapman_cpsc,inceptiontime,43,em_prior,-0.024610633333801313,-0.03412236273062805,-0.016491658180972025,0.017630704549656023,0,0.005,1120,2177,200,411,1,1,-0.0038989929275435875,
chapman_cpsc,inceptiontime,43,bbse_prior,0.057341841808237315,0.04863072106305522,0.06675939121299466,0.018128670149939442,0,0.005,1140,2197,200,411,1,1,-0.0027850637788240096,
chapman_cpsc,inceptiontime,44,ts,0.018616387609701857,0.01811185750797351,0.019126106778188205,0.0010142492702146962,1,0.005,1000,2057,200,411,1,1,0.00820724917277601,extremely_narrow_ci
chapman_cpsc,inceptiontime,44,platt,0.01723819968041984,0.012099743112195421,0.023491664487985914,0.011391921375790494,0,0.005,1020,2077,200,411,1,1,0.020408745288135213,
chapman_cpsc,inceptiontime,44,isotonic,0.00035631845090711156,-0.004956194720813787,0.007526913085891177,0.012483107806704963,0,0.005,1040,2097,200,411,1,1,-0.014851588093557872,delta_ece_near_zero
chapman_cpsc,inceptiontime,44,vector,0.008536799104724824,0.002958730739845385,0.014416669941425141,0.011457939201579757,0,0.005,1060,2117,200,411,1,1,0.007839788886596574,
chapman_cpsc,inceptiontime,44,matrix,0.00493956424674058,-0.0018964950981486231,0.013421215970754562,0.015317711068903185,0,0.005,1080,2137,200,411,1,1,-0.005593347927400169,
chapman_cpsc,inceptiontime,44,dirichlet,0.004907305099388026,-0.0018506886109078532,0.013472922077106887,0.01532361068801474,0,0.005,1100,2157,200,411,1,1,-0.005629828587073777,
chapman_cpsc,inceptiontime,44,em_prior,0.04666267016964337,0.03832538132383574,0.05526419651578001,0.01693881519194427,0,0.005,1120,2177,200,411,1,1,-0.022587731841870587,
chapman_cpsc,inceptiontime,44,bbse_prior,0.04361138045005947,0.03642763519046244,0.05073927890139521,0.01431164371093277,0,0.005,1140,2197,200,411,1,1,-0.007976238144001363,
chapman_cpsc,inceptiontime,45,ts,-0.005650213260863901,-0.005818864089738007,-0.005468417696949601,0.0003504463927884059,1,0.005,1000,2057,200,411,1,1,-0.007533898559768366,extremely_narrow_ci
chapman_cpsc,inceptiontime,45,platt,-0.009821063697487142,-0.012454773805832153,-0.007781822172893276,0.004672951632938877,1,0.005,1020,2077,200,411,1,1,-0.014292538300286825,extremely_narrow_ci
chapman_cpsc,inceptiontime,45,isotonic,-0.018014936898250955,-0.02163158462123364,-0.015030089864722485,0.006601494756511155,0,0.005,1040,2097,200,411,1,1,-0.017785799619855137,
chapman_cpsc,inceptiontime,45,vector,-0.010955648977670429,-0.01342891546407269,-0.008939701233641779,0.0044892142304309105,1,0.005,1060,2117,200,411,1,1,-0.014874631854730997,extremely_narrow_ci
chapman_cpsc,inceptiontime,45,matrix,-0.02904843741020019,-0.034527777996334434,-0.022086627281629224,0.01244115071470521,0,0.005,1080,2137,200,411,1,1,-0.03913845255406307,
chapman_cpsc,inceptiontime,45,dirichlet,-0.029393460951458505,-0.03500737779509633,-0.022438262782823095,0.012569115012273233,0,0.005,1100,2157,200,411,1,1,-0.039730670696709484,
chapman_cpsc,inceptiontime,45,em_prior,0.059822172086148984,0.04811436182444461,0.07214468204741106,0.02403032022296645,0,0.005,1120,2177,200,411,1,1,-0.02775440005734181,
chapman_cpsc,inceptiontime,45,bbse_prior,0.11551073200296932,0.1028718319103809,0.126746072568999,0.023874240658618096,0,0.005,1140,2197,200,411,1,1,0.034392049949897155,
chapman_cpsc,inceptiontime,46,ts,0.012965948695013219,0.012596737732669179,0.013327427326122654,0.0007306895934534752,1,0.005,1000,2057,200,411,1,1,0.008558438928755114,extremely_narrow_ci
chapman_cpsc,inceptiontime,46,platt,0.013839401069015933,0.012149253889286464,0.016943914798644273,0.004794660909357809,1,0.005,1020,2077,200,411,1,1,0.008134108020384534,extremely_narrow_ci
chapman_cpsc,inceptiontime,46,isotonic,0.014316913789641672,0.01053713269337484,0.01938336532066405,0.008846232627289211,0,0.005,1040,2097,200,411,1,1,0.016175612677910216,
chapman_cpsc,inceptiontime,46,vector,0.012055504633485925,0.008297535278469713,0.017413511017862017,0.009115975739392304,0,0.005,1060,2117,200,411,1,1,0.008867416954435374,
chapman_cpsc,inceptiontime,46,matrix,0.009621054230000925,0.006457776053577741,0.014407481567381922,0.007949705513804181,0,0.005,1080,2137,200,411,1,1,0.007799266398949758,
chapman_cpsc,inceptiontime,46,dirichlet,0.009749789138737308,0.0065322007152439346,0.014389851068263872,0.007857650353019937,0,0.005,1100,2157,200,411,1,1,0.007951158140371943,
chapman_cpsc,inceptiontime,46,em_prior,0.0038811255855829008,-0.000663027594152473,0.008678471802923993,0.009341499397076467,0,0.005,1120,2177,200,411,1,1,0.006551635004374851,
chapman_cpsc,inceptiontime,46,bbse_prior,0.05951664840047605,0.05224190955959454,0.066884539896039,0.01464263033644446,0,0.005,1140,2197,200,411,1,1,0.05661693058517252,
chapman_cpsc,resnet1d,42,ts,0.02053640820981295,0.019987466160863332,0.02106460760614798,0.0010771414452846496,1,0.005,1000,2057,200,411,1,1,0.02033973882444809,extremely_narrow_ci
chapman_cpsc,resnet1d,42,platt,0.018624673541250747,0.01712634297649304,0.021970964131158604,0.004844621154665565,1,0.005,1020,2077,200,411,1,1,0.018555101769494455,extremely_narrow_ci
chapman_cpsc,resnet1d,42,isotonic,0.02487760065271294,0.022862099388080287,0.0284292941840059,0.005567194795925615,0,0.005,1040,2097,200,411,1,1,0.031537885698798514,
chapman_cpsc,resnet1d,42,vector,0.019045099461456272,0.014448934512117683,0.025399673546132262,0.010950739034014579,0,0.005,1060,2117,200,411,1,1,0.0182607225077365,
chapman_cpsc,resnet1d,42,matrix,0.01435278803551987,0.010916269247616359,0.018904438282864443,0.007988169035248084,0,0.005,1080,2137,200,411,1,1,0.010221606573191192,
chapman_cpsc,resnet1d,42,dirichlet,0.01431433676060484,0.011222637117432429,0.018462556185482315,0.007239919068049886,0,0.005,1100,2157,200,411,1,1,0.010117213624273027,
chapman_cpsc,resnet1d,42,em_prior,0.007307099127933481,0.002579754503656702,0.01188064511713028,0.009300890613473578,0,0.005,1120,2177,200,411,1,1,0.009246592522458246,
chapman_cpsc,resnet1d,42,bbse_prior,0.030892370980432904,0.026213197389031117,0.03719596570221621,0.010982768313185096,0,0.005,1140,2197,200,411,1,1,0.042332399064127,
chapman_cpsc,resnet1d,43,ts,-0.0005998975836566944,-0.0006137571893797822,-0.0005856921373880164,2.8065051991765788e-05,1,0.005,1000,2057,200,411,1,1,-0.000856407400801347,delta_ece_near_zero;extremely_narrow_ci;low_decay_variance
chapman_cpsc,resnet1d,43,platt,0.00851288519861021,0.0046457267435155184,0.013618003901348805,0.008972277157833285,0,0.005,1020,2077,200,411,1,1,0.01069066489858404,
chapman_cpsc,resnet1d,43,isotonic,0.01006411436101462,0.0034634987047610566,0.01799862813897644,0.014535129434215383,0,0.005,1040,2097,200,411,1,1,0.008141377222240165,
chapman_cpsc,resnet1d,43,vector,0.0064988671693761435,0.002088965937416079,0.01152373730469034,0.009434771367274261,0,0.005,1060,2117,200,411,1,1,0.00812812714004088,
chapman_cpsc,resnet1d,43,matrix,-0.0015204303063484637,-0.008724368823075094,0.005231283300314125,0.013955652123389218,0,0.005,1080,2137,200,411,1,1,-0.00308035683977252,
chapman_cpsc,resnet1d,43,dirichlet,-0.0009955640446152048,-0.006959037130429904,0.006132653369447773,0.013091690499877677,0,0.005,1100,2157,200,411,1,1,-0.0023224766196913056,delta_ece_near_zero
chapman_cpsc,resnet1d,43,em_prior,-0.047543421303588795,-0.05111751115251836,-0.044261578788406315,0.006855932364112048,0,0.005,1120,2177,200,411,1,1,-0.006108378634735012,
chapman_cpsc,resnet1d,43,bbse_prior,-0.0019310422802417682,-0.0058230417499400685,0.0019547525714873476,0.007777794321427416,0,0.005,1140,2197,200,411,1,1,0.00338425213883764,
chapman_cpsc,resnet1d,44,ts,0.007779057570527825,0.007525345124130086,0.008006187167092704,0.00048084204296261826,1,0.005,1000,2057,200,411,1,1,0.008468950932644098,extremely_narrow_ci
chapman_cpsc,resnet1d,44,platt,0.006010828661807799,0.003373363743631694,0.00785085378018679,0.004477490036555096,1,0.005,1020,2077,200,411,1,1,0.0012092282203071455,extremely_narrow_ci
chapman_cpsc,resnet1d,44,isotonic,-0.0038952164338508233,-0.006458703523864636,-0.0014878879652234737,0.004970815558641163,1,0.005,1040,2097,200,411,1,1,-0.0067312668965217246,extremely_narrow_ci
chapman_cpsc,resnet1d,44,vector,0.00704711933160429,0.004285760174073488,0.009093657223980032,0.004807897049906544,1,0.005,1060,2117,200,411,1,1,0.0006296924009153073,extremely_narrow_ci
chapman_cpsc,resnet1d,44,matrix,-0.007745690678351791,-0.010433685423647143,-0.004877853804488658,0.0055558316191584856,0,0.005,1080,2137,200,411,1,1,-0.018131313085292478,
chapman_cpsc,resnet1d,44,dirichlet,-0.007933640590053748,-0.010630451013161341,-0.005061700793724134,0.005568750219437207,0,0.005,1100,2157,200,411,1,1,-0.018055441999323577,
chapman_cpsc,resnet1d,44,em_prior,0.04295727785838588,0.03574438261866904,0.05075330311303458,0.015008920494365544,0,0.005,1120,2177,200,411,1,1,0.01610412343557912,
chapman_cpsc,resnet1d,44,bbse_prior,0.027508027692304565,0.021681874801409887,0.03371403501230039,0.012032160210890507,0,0.005,1140,2197,200,411,1,1,0.02113157081738135,
chapman_cpsc,resnet1d,45,ts,0.02713105503504387,0.02634834237540046,0.02793722422295097,0.0015888818475505093,1,0.005,1000,2057,200,411,1,1,0.028690602915149382,extremely_narrow_ci
chapman_cpsc,resnet1d,45,platt,0.0074678700151526445,0.004072106785829058,0.010854753920555292,0.006782647134726234,0,0.005,1020,2077,200,411,1,1,0.003560208727750227,
chapman_cpsc,resnet1d,45,isotonic,0.005095554279684222,0.0014340198538477984,0.008779946440489454,0.007345926586641656,0,0.005,1040,2097,200,411,1,1,0.0009331754354541229,
chapman_cpsc,resnet1d,45,vector,0.006933396040571416,0.003780732601559098,0.010114520451455753,0.006333787849896655,0,0.005,1060,2117,200,411,1,1,0.002366605142488548,
chapman_cpsc,resnet1d,45,matrix,0.01014517285954225,0.005674106792107633,0.01437113228350868,0.008697025491401047,0,0.005,1080,2137,200,411,1,1,0.005308181971719542,
chapman_cpsc,resnet1d,45,dirichlet,0.01043711896971522,0.0058873082785049395,0.014772016419575486,0.008884708141070546,0,0.005,1100,2157,200,411,1,1,0.005610574970832364,
chapman_cpsc,resnet1d,45,em_prior,-0.009534013694185661,-0.014123380876572606,-0.005021465437012235,0.009101915439560371,0,0.005,1120,2177,200,411,1,1,-0.01582249208098329,
chapman_cpsc,resnet1d,45,bbse_prior,0.03246707250962527,0.024621047460785597,0.039803098643696494,0.015182051182910897,0,0.005,1140,2197,200,411,1,1,0.04302595737744114,
chapman_cpsc,resnet1d,46,ts,0.016865409946776877,0.016249719321714616,0.017390216261683793,0.0011404969399691767,1,0.005,1000,2057,200,411,1,1,0.01927461009559354,extremely_narrow_ci
chapman_cpsc,resnet1d,46,platt,0.013624763487485814,0.009030677899822802,0.01911595526176866,0.010085277361945857,0,0.005,1020,2077,200,411,1,1,0.011982496076577188,
chapman_cpsc,resnet1d,46,isotonic,0.015033707333565682,0.009887886317923675,0.021017105655958438,0.011129219338034763,0,0.005,1040,2097,200,411,1,1,0.014966278721548843,
chapman_cpsc,resnet1d,46,vector,0.004812372550143995,-0.0014051743338301746,0.012008057028961638,0.013413231362791812,0,0.005,1060,2117,200,411,1,1,0.0029749928365154898,
chapman_cpsc,resnet1d,46,matrix,0.016633024657215223,0.010206441120533167,0.023297499146297737,0.01309105802576457,0,0.005,1080,2137,200,411,1,1,0.01375203338956324,
chapman_cpsc,resnet1d,46,dirichlet,0.015562430083222611,0.0092501673914224,0.022862227726610774,0.013612060335188374,0,0.005,1100,2157,200,411,1,1,0.012642199608898803,
chapman_cpsc,resnet1d,46,em_prior,-0.026137471207943352,-0.03186821748779812,-0.020097692176196107,0.011770525311602012,0,0.005,1120,2177,200,411,1,1,-0.010434689993930317,
chapman_cpsc,resnet1d,46,bbse_prior,0.05364777066940296,0.045222424344882,0.062053866058279304,0.016831441713397302,0,0.005,1140,2197,200,411,1,1,0.10427400444506374,
chapman_ptbxl,inceptiontime,42,ts,-0.0024785800180826545,-0.0034660615225613725,-0.0016095938282181558,0.0018564676943432167,1,0.005,1012,2172,202,434,1,1,-0.0028420137825345103,extremely_narrow_ci;low_decay_variance
chapman_ptbxl,inceptiontime,42,platt,0.016407825941647802,0.007703501468193423,0.023087991810645213,0.01538449034245179,0,0.005,1032,2192,202,434,1,1,0.010500143662176508,
chapman_ptbxl,inceptiontime,42,isotonic,-0.007975598490457314,-0.010552114831773133,0.003991094583848134,0.014543209415621266,0,0.005,1052,2212,202,434,1,1,-0.014926392792487508,
chapman_ptbxl,inceptiontime,42,vector,0.030621585208637225,0.020950854895582603,0.0384434828230952,0.017492627927512595,0,0.005,1072,2232,202,434,1,1,0.02369245627477849,
chapman_ptbxl,inceptiontime,42,matrix,0.0,0.0,0.0,0.0,1,0.005,1092,2252,202,434,1,1,0.0,delta_ece_near_zero;extremely_narrow_ci
chapman_ptbxl,inceptiontime,42,dirichlet,0.020440848344569995,0.009758868541309643,0.02904870334475613,0.019289834803446485,0,0.005,1112,2272,202,434,1,1,0.013492466910869666,
chapman_ptbxl,inceptiontime,42,em_prior,-0.1451088552558394,-0.15424866757711553,-0.136185817956193,0.018062849620922528,0,0.005,1132,2292,202,434,1,1,-0.04574173944271798,
chapman_ptbxl,inceptiontime,42,bbse_prior,0.06688180458465193,0.056870200135847364,0.0756460306891398,0.01877583055329244,0,0.005,1152,2312,202,434,1,1,0.009245613054695623,
chapman_ptbxl,inceptiontime,43,ts,0.00952913458002616,0.006648447047837491,0.010756423151752766,0.004107976103915275,1,0.005,1012,2172,202,434,1,1,0.008983874662318383,extremely_narrow_ci
chapman_ptbxl,inceptiontime,43,platt,0.01690086720446954,0.012838952706995069,0.021284303644210807,0.008445350937215738,0,0.005,1032,2192,202,434,1,1,0.013669073381699062,
chapman_ptbxl,inceptiontime,43,isotonic,0.020803659626597887,0.014851702377061562,0.029002672442065836,0.014150970065004273,0,0.005,1052,2212,202,434,1,1,0.01703336689347422,
chapman_ptbxl,inceptiontime,43,vector,0.031192351278176683,0.024173489998657937,0.03737050630487982,0.013197016306221884,0,0.005,1072,2232,202,434,1,1,0.028266551958923577,
chapman_ptbxl,inceptiontime,43,matrix,0.0,0.0,0.0,0.0,1,0.005,1092,2252,202,434,1,1,0.0,delta_ece_near_zero;extremely_narrow_ci
chapman_ptbxl,inceptiontime,43,dirichlet,0.017913899641885667,0.009970195423371398,0.029683935571276927,0.01971374014790553,0,0.005,1112,2272,202,434,1,1,0.01545127518701837,
chapman_ptbxl,inceptiontime,43,em_prior,-0.13402474175305779,-0.14308573793306945,-0.12352433920826983,0.019561398724799617,0,0.005,1132,2292,202,434,1,1,-0.05738322783188232,
chapman_ptbxl,inceptiontime,43,bbse_prior,0.09955433074768585,0.09328927068468147,0.10452953884328192,0.01124026815860045,0,0.005,1152,2312,202,434,1,1,0.08572952272363679,
chapman_ptbxl,inceptiontime,44,ts,0.013586648261442708,0.01071109233888608,0.015200599365829102,0.004489507026943021,1,0.005,1012,2172,202,434,1,1,0.008120790779120562,extremely_narrow_ci
chapman_ptbxl,inceptiontime,44,platt,0.02247922653232559,0.01512249927950944,0.028818444733122024,0.013695945453612584,0,0.005,1032,2192,202,434,1,1,0.01523033720762927,
chapman_ptbxl,inceptiontime,44,isotonic,0.013463908917129008,0.007041796677439776,0.019869907646105595,0.01282811096866582,0,0.005,1052,2212,202,434,1,1,0.007575168387429571,
chapman_ptbxl,inceptiontime,44,vector,0.02056316630363264,0.013121928152773904,0.027742902264833644,0.01462097411205974,0,0.005,1072,2232,202,434,1,1,0.01350778349120588,
chapman_ptbxl,inceptiontime,44,matrix,0.0,0.0,0.0,0.0,1,0.005,1092,2252,202,434,1,1,0.0,delta_ece_near_zero;extremely_narrow_ci
chapman_ptbxl,inceptiontime,44,dirichlet,0.013661717231402914,0.004750268540409303,0.022157795557212603,0.0174075270168033,0,0.005,1112,2272,202,434,1,1,0.0031317951039914454,
chapman_ptbxl,inceptiontime,44,em_prior,-0.09557128501444201,-0.11116639857618323,-0.07937470678100028,0.031791691795182944,0,0.005,1132,2292,202,434,1,1,-0.15013810866552696,
chapman_ptbxl,inceptiontime,44,bbse_prior,0.18465097311879516,0.15837436301363936,0.208608660281767,0.05023429726812764,0,0.005,1152,2312,202,434,1,1,0.2558342185722954,
chapman_ptbxl,inceptiontime,45,ts,0.02380605634913141,0.020680592231238467,0.024970369410787667,0.0042897771795492,1,0.005,1012,2172,202,434,1,1,0.036600440798357725,extremely_narrow_ci
chapman_ptbxl,inceptiontime,45,platt,0.02408166080779428,0.021296392763424973,0.02799578736532784,0.006699394601902865,0,0.005,1032,2192,202,434,1,1,0.030113662313980334,
chapman_ptbxl,inceptiontime,45,isotonic,0.009210567434267347,0.006432935030249257,0.011866951397053687,0.00543401636680443,0,0.005,1052,2212,202,434,1,1,0.010525813063903731,
chapman_ptbxl,inceptiontime,45,vector,0.00013571052145239237,-0.0029414416607710025,0.0024554945959211543,0.005396936256692157,0,0.005,1072,2232,202,434,1,1,-0.0024797878350875137,delta_ece_near_zero
chapman_ptbxl,inceptiontime,45,matrix,0.0,0.0,0.0,0.0,1,0.005,1092,2252,202,434,1,1,0.0,delta_ece_near_zero;extremely_narrow_ci
chapman_ptbxl,inceptiontime,45,dirichlet,0.007974429939913041,0.003678892819162791,0.012150560779472868,0.008471667960310077,0,0.005,1112,2272,202,434,1,1,0.011526734814478409,
chapman_ptbxl,inceptiontime,45,em_prior,-0.1389102700247727,-0.14949846267702369,-0.1261427552924483,0.023355707384575375,0,0.005,1132,2292,202,434,1,1,-0.033077683793549084,
chapman_ptbxl,inceptiontime,45,bbse_prior,0.15657489961451415,0.14839001753776418,0.16470241840422198,0.0163124008664578,0,0.005,1152,2312,202,434,1,1,-0.1318128229059311,
chapman_ptbxl,inceptiontime,46,ts,0.016181346829211157,0.014185151534727955,0.01767190819995134,0.0034867566652233856,1,0.005,1012,2172,202,434,1,1,0.011355029451268915,extremely_narrow_ci
chapman_ptbxl,inceptiontime,46,platt,0.016151440602977768,0.010727730454675032,0.021841303600682663,0.011113573146007631,0,0.005,1032,2192,202,434,1,1,0.011519932864745027,
chapman_ptbxl,inceptiontime,46,isotonic,0.007935154251174081,0.0015816356612068415,0.013230967438833372,0.011649331777626531,0,0.005,1052,2212,202,434,1,1,0.003820072862898854,
chapman_ptbxl,inceptiontime,46,vector,-0.0006660556926257333,-0.006453804599779949,0.006093454911158931,0.01254725951093888,0,0.005,1072,2232,202,434,1,1,-0.007480750578049063,delta_ece_near_zero
chapman_ptbxl,inceptiontime,46,matrix,-0.016614820590345303,-0.020612797433849642,-0.011392628931498616,0.009220168502351026,0,0.005,1092,2252,202,434,1,1,-0.02114193603015477,
chapman_ptbxl,inceptiontime,46,dirichlet,-0.016675444673028672,-0.020855429731376794,-0.01115505424833802,0.009700375483038775,0,0.005,1112,2272,202,434,1,1,-0.02112748676589306,
chapman_ptbxl,inceptiontime,46,em_prior,0.15672429772657737,0.1464676678711862,0.16608614652026238,0.019618478649076176,0,0.005,1132,2292,202,434,1,1,0.06262650791074867,
chapman_ptbxl,inceptiontime,46,bbse_prior,0.07079513015297295,0.06451873822614378,0.07668598784424485,0.012167249618101075,0,0.005,1152,2312,202,434,1,1,0.053929943355068115,
chapman_ptbxl,resnet1d,42,ts,0.030877642434468888,0.028475623480934496,0.03173551302714954,0.003259889546215044,1,0.005,1012,2172,202,434,1,1,0.033996089872279166,extremely_narrow_ci
chapman_ptbxl,resnet1d,42,platt,0.027163321118839207,0.025943231697885094,0.028987375818537355,0.003044144120652261,1,0.005,1032,2192,202,434,1,1,0.02522458444255466,extremely_narrow_ci
chapman_ptbxl,resnet1d,42,isotonic,0.01668963419633329,0.012803817034792964,0.019663962118246708,0.006860145083453744,0,0.005,1052,2212,202,434,1,1,0.015383119318348628,
chapman_ptbxl,resnet1d,42,vector,0.025315384611975078,0.02400350289600276,0.02712038833628778,0.00311688544028502,1,0.005,1072,2232,202,434,1,1,0.02298235557361982,extremely_narrow_ci
chapman_ptbxl,resnet1d,42,matrix,0.024648673932042786,0.022221301115342783,0.028154849744529937,0.005933548629187154,0,0.005,1092,2252,202,434,1,1,0.02342323096049922,
chapman_ptbxl,resnet1d,42,dirichlet,0.024993251210719547,0.02261040888616101,0.028531992136010167,0.005921583249849156,0,0.005,1112,2272,202,434,1,1,0.023929249670548963,
chapman_ptbxl,resnet1d,42,em_prior,0.04348874556265164,0.034490950090748984,0.05404429172133924,0.019553341630590255,0,0.005,1132,2292,202,434,1,1,-0.013568493716823865,
chapman_ptbxl,resnet1d,42,bbse_prior,0.0468444394464928,0.03749232776389392,0.05550794230216825,0.018015614538274334,0,0.005,1152,2312,202,434,1,1,-0.0901826574972473,
chapman_ptbxl,resnet1d,43,ts,0.029094920575351985,0.028494207741659998,0.02976582648127743,0.001271618739617432,1,0.005,1012,2172,202,434,1,1,0.016293970223804646,extremely_narrow_ci
chapman_ptbxl,resnet1d,43,platt,0.032121051920980914,0.030630611432157506,0.03351567150605985,0.0028850600739023444,1,0.005,1032,2192,202,434,1,1,0.01988067141231504,extremely_narrow_ci
chapman_ptbxl,resnet1d,43,isotonic,0.01846683442858499,0.01589923347949299,0.020748398319520148,0.0048491648400271585,1,0.005,1052,2212,202,434,1,1,0.0054561276020880164,extremely_narrow_ci
chapman_ptbxl,resnet1d,43,vector,0.034426212470142215,0.03293691963205352,0.03626583411030015,0.003328914478246625,1,0.005,1072,2232,202,434,1,1,0.02293097153052543,extremely_narrow_ci
chapman_ptbxl,resnet1d,43,matrix,0.0,0.0,0.0,0.0,1,0.005,1092,2252,202,434,1,1,0.0,delta_ece_near_zero;extremely_narrow_ci
chapman_ptbxl,resnet1d,43,dirichlet,0.01092988483696461,0.007036799106137923,0.014619612290582486,0.007582813184444563,0,0.005,1112,2272,202,434,1,1,-0.00277981413571661,
chapman_ptbxl,resnet1d,43,em_prior,-0.003219725580360988,-0.011900207549595641,0.004842918862169772,0.016743126411765414,0,0.005,1132,2292,202,434,1,1,-0.03799189835969301,
chapman_ptbxl,resnet1d,43,bbse_prior,-0.025245052661082817,-0.03507116489393715,-0.018095655137018527,0.01697550975691862,0,0.005,1152,2312,202,434,1,1,-0.05039373051344051,
chapman_ptbxl,resnet1d,44,ts,0.017220026296650676,0.01681493266542008,0.017612390557254665,0.0007974578918345833,1,0.005,1012,2172,202,434,1,1,0.011321683594409873,extremely_narrow_ci
chapman_ptbxl,resnet1d,44,platt,0.01602884544642566,0.014656509177001738,0.01776078327295498,0.0031042740959532425,1,0.005,1032,2192,202,434,1,1,0.010485699522623277,extremely_narrow_ci
chapman_ptbxl,resnet1d,44,isotonic,0.015606441422547801,0.01320395683103632,0.01789271678287256,0.004688759951836241,1,0.005,1052,2212,202,434,1,1,0.012720627280938143,extremely_narrow_ci
chapman_ptbxl,resnet1d,44,vector,0.02076139684694933,0.018387609989178436,0.023656751366515485,0.0052691413773370485,0,0.005,1072,2232,202,434,1,1,0.01432877927146342,
chapman_ptbxl,resnet1d,44,matrix,0.0,0.0,0.0,0.0,1,0.005,1092,2252,202,434,1,1,0.0,delta_ece_near_zero;extremely_narrow_ci
chapman_ptbxl,resnet1d,44,dirichlet,0.008580310309615174,0.006009684455470013,0.011133435692162227,0.005123751236692215,0,0.005,1112,2272,202,434,1,1,0.0019031213857447025,
chapman_ptbxl,resnet1d,44,em_prior,-0.04558853315997746,-0.057611511776318465,-0.03305411500568443,0.024557396770634038,0,0.005,1132,2292,202,434,1,1,-0.15166592359041933,
chapman_ptbxl,resnet1d,44,bbse_prior,-0.0093313209376224,-0.019872023354088088,0.0015586893528236785,0.021430712706911766,0,0.005,1152,2312,202,434,1,1,-0.03732417837902843,
chapman_ptbxl,resnet1d,45,ts,-0.0035668879401379583,-0.0036401453848104942,-0.0034776032425225373,0.00016254214228795692,1,0.005,1012,2172,202,434,1,1,-0.00253272020050036,extremely_narrow_ci;low_decay_variance
chapman_ptbxl,resnet1d,45,platt,0.007082961881811511,0.001311099996147981,0.009643440318178974,0.008332340322030993,0,0.005,1032,2192,202,434,1,1,0.0012468408145250402,
chapman_ptbxl,resnet1d,45,isotonic,-0.0041297849412072485,-0.00791713554763034,-0.0003461528261861976,0.007570982721444142,0,0.005,1052,2212,202,434,1,1,-0.005032357624351516,
chapman_ptbxl,resnet1d,45,vector,-0.0025954804814621313,-0.006864670585264371,0.0006794047110702121,0.007544075296334583,0,0.005,1072,2232,202,434,1,1,-0.004140336780171852,
chapman_ptbxl,resnet1d,45,matrix,0.0,0.0,0.0,0.0,1,0.005,1092,2252,202,434,1,1,0.0,delta_ece_near_zero;extremely_narrow_ci
chapman_ptbxl,resnet1d,45,dirichlet,-0.005014314322374869,-0.012794745170078238,-0.00040519824549629994,0.012389546924581938,0,0.005,1112,2272,202,434,1,1,-0.005994744655245691,
chapman_ptbxl,resnet1d,45,em_prior,0.018888493560699993,0.0036022830235347943,0.03440010961212161,0.030797826588586815,0,0.005,1132,2292,202,434,1,1,-0.08486293788205229,
chapman_ptbxl,resnet1d,45,bbse_prior,-0.01447275490260258,-0.02706956502306757,-0.002316317824141834,0.024753247198925736,0,0.005,1152,2312,202,434,1,1,-0.08324598988546322,
chapman_ptbxl,resnet1d,46,ts,0.014890968848598418,0.013890797753952949,0.015356177903984773,0.0014653801500318243,1,0.005,1012,2172,202,434,1,1,0.019140194775311193,extremely_narrow_ci
chapman_ptbxl,resnet1d,46,platt,0.01126020315316234,0.00871074990776479,0.014046557236359336,0.005335807328594545,0,0.005,1032,2192,202,434,1,1,0.011326781820155823,
chapman_ptbxl,resnet1d,46,isotonic,-0.003895413114349683,-0.007487040727634509,-0.00016992110409717886,0.007317119623537331,0,0.005,1052,2212,202,434,1,1,-0.0035861445809666527,
chapman_ptbxl,resnet1d,46,vector,0.001008014988663819,-0.002308926785242079,0.005261002601265616,0.007569929386507695,0,0.005,1072,2232,202,434,1,1,-0.0018129558570526352,
chapman_ptbxl,resnet1d,46,matrix,0.0,0.0,0.0,0.0,1,0.005,1092,2252,202,434,1,1,0.0,delta_ece_near_zero;extremely_narrow_ci
chapman_ptbxl,resnet1d,46,dirichlet,-0.005732792911304879,-0.009899298537611784,-0.0016605402458931657,0.008238758291718619,0,0.005,1112,2272,202,434,1,1,-0.008551395905299762,
chapman_ptbxl,resnet1d,46,em_prior,0.07101628373782992,0.06329928463628082,0.07873966042014457,0.015440375783863758,0,0.005,1132,2292,202,434,1,1,-0.001559372064797046,
chapman_ptbxl,resnet1d,46,bbse_prior,-0.10163505500584308,-0.11023894199440244,-0.09252377192687855,0.01771517006752389,0,0.005,1152,2312,202,434,1,1,-0.05433510941365277,
cpsc_chapman,inceptiontime,42,ts,0.0064997659602444025,0.0061819065200056905,0.006673282155446612,0.0004913756354409217,1,0.005,1000,3958,200,791,1,1,0.003574899788059187,extremely_narrow_ci;low_decay_variance
cpsc_chapman,inceptiontime,42,platt,0.013794309525890114,0.009493181400398863,0.0154347486138218,0.005941567213422937,0,0.005,1020,3978,200,791,1,1,0.013855067996343725,
cpsc_chapman,inceptiontime,42,isotonic,-0.0056897841124845805,-0.007253697787588998,-0.0040709419201588925,0.003182755867430106,1,0.005,1040,3998,200,791,1,1,-0.0005970694800619229,extremely_narrow_ci
cpsc_chapman,inceptiontime,42,vector,0.01360790983375891,0.011449968927146217,0.014909470700875085,0.0034595017737288677,1,0.005,1060,4018,200,791,1,1,0.015767847942896998,extremely_narrow_ci
cpsc_chapman,inceptiontime,42,matrix,-0.0006760406716493361,-0.003014312007398823,0.0010454251981917388,0.004059737205590562,1,0.005,1080,4038,200,791,1,1,-0.007665855329353068,delta_ece_near_zero;extremely_narrow_ci
cpsc_chapman,inceptiontime,42,dirichlet,-0.0006829460577620627,-0.0029163113795176443,0.00123451085447985,0.004150822233997494,1,0.005,1100,4058,200,791,1,1,-0.007620389389892256,delta_ece_near_zero;extremely_narrow_ci
cpsc_chapman,inceptiontime,42,em_prior,-0.23480217449607055,-0.2469510856186962,-0.20984655424534843,0.037104531373347766,0,0.005,1120,4078,200,791,1,1,-0.03372641584083291,
cpsc_chapman,inceptiontime,42,bbse_prior,-0.11590479501511611,-0.12675993964435722,-0.09720378377887312,0.0295561558654841,0,0.005,1140,4098,200,791,1,1,-0.04795648078282792,
cpsc_chapman,inceptiontime,43,ts,0.020904821379457997,0.01995585387022902,0.02124414081830988,0.00128828694808086,1,0.005,1000,3958,200,791,1,1,0.022110950265837103,extremely_narrow_ci
cpsc_chapman,inceptiontime,43,platt,-0.011329515509690163,-0.015203092201399824,-0.00784092181804041,0.007362170383359413,0,0.005,1020,3978,200,791,1,1,-0.020039796926156102,
cpsc_chapman,inceptiontime,43,isotonic,-0.01566243252566832,-0.019207615130500323,-0.011907013307701933,0.0073006018227983905,0,0.005,1040,3998,200,791,1,1,-0.013638198265952257,
cpsc_chapman,inceptiontime,43,vector,-0.022776524450540084,-0.026225364307978186,-0.015866554189802116,0.01035881011817607,0,0.005,1060,4018,200,791,1,1,-0.03244881793421255,
cpsc_chapman,inceptiontime,43,matrix,-0.026809645185993713,-0.03086536756711053,-0.02115364888291931,0.009711718684191219,0,0.005,1080,4038,200,791,1,1,-0.03256579777055321,
cpsc_chapman,inceptiontime,43,dirichlet,-0.02733896645641455,-0.030942322296335905,-0.02247962553806258,0.008462696758273325,0,0.005,1100,4058,200,791,1,1,-0.032864222682473715,
cpsc_chapman,inceptiontime,43,em_prior,-0.04925895733209115,-0.052771697617545826,-0.0448801642956248,0.007891533321921024,0,0.005,1120,4078,200,791,1,1,0.008269069774500842,
cpsc_chapman,inceptiontime,43,bbse_prior,-0.013042872251808418,-0.025823273457874985,-0.0003715502503362725,0.025451723207538714,0,0.005,1140,4098,200,791,1,1,0.042323838581275176,
cpsc_chapman,inceptiontime,44,ts,0.01818115292649327,0.01603221275275804,0.01856039844276715,0.002528185690009111,1,0.005,1000,3958,200,791,1,1,0.0018293044227445793,extremely_narrow_ci;low_decay_variance
cpsc_chapman,inceptiontime,44,platt,0.00014959867859564574,-0.008881886898497832,0.00765043623102997,0.016532323129527803,0,0.005,1020,3978,200,791,1,1,-0.011303036742450496,delta_ece_near_zero
cpsc_chapman,inceptiontime,44,isotonic,-0.007319759463773438,-0.013526560085932946,-0.0004138897963450135,0.013112670289587933,0,0.005,1040,3998,200,791,1,1,-0.009203414943645776,
cpsc_chapman,inceptiontime,44,vector,-0.0031330748845592032,-0.012492253853613558,0.006210833013341966,0.018703086866955525,0,0.005,1060,4018,200,791,1,1,-0.011266207621312762,
cpsc_chapman,inceptiontime,44,matrix,0.0017826418986848572,-0.005863960427022295,0.008888632302689606,0.0147525927297119,0,0.005,1080,4038,200,791,1,1,-0.0060827089582026,
cpsc_chapman,inceptiontime,44,dirichlet,0.0016145582590243734,-0.005931232888765602,0.008949734589070977,0.014880967477836578,0,0.005,1100,4058,200,791,1,1,-0.006596770649142401,
cpsc_chapman,inceptiontime,44,em_prior,-0.12251236777811765,-0.12692758977459906,-0.11641720921519996,0.010510380559399096,0,0.005,1120,4078,200,791,1,1,-0.0020521650702795963,
cpsc_chapman,inceptiontime,44,bbse_prior,-0.14219901391035245,-0.1603453451172855,-0.12341206132658195,0.03693328379070354,0,0.005,1140,4098,200,791,1,1,-0.018554714739494466,
cpsc_chapman,inceptiontime,45,ts,0.024547169720729428,0.02413735831460585,0.024893629357918674,0.0007562710433128249,1,0.005,1000,3958,200,791,1,1,0.015467464459233537,extremely_narrow_ci
cpsc_chapman,inceptiontime,45,platt,0.02313630736690571,0.018793129349909954,0.02801894005024412,0.009225810700334167,0,0.005,1020,3978,200,791,1,1,0.010175505918962807,
cpsc_chapman,inceptiontime,45,isotonic,0.014387093386271893,0.01098378631131858,0.018940907024982495,0.007957120713663916,0,0.005,1040,3998,200,791,1,1,8.829820758007173e-05,
cpsc_chapman,inceptiontime,45,vector,0.03334133382472314,0.02514504673548645,0.04137367583188664,0.01622862909640019,0,0.005,1060,4018,200,791,1,1,0.017346707955418064,
cpsc_chapman,inceptiontime,45,matrix,0.06037837694738597,0.05306193475446844,0.0673329796355476,0.014271044881079165,0,0.005,1080,4038,200,791,1,1,0.053841205189395475,
cpsc_chapman,inceptiontime,45,dirichlet,0.060324029890781214,0.052855381182695046,0.06707365363560323,0.014218272452908187,0,0.005,1100,4058,200,791,1,1,0.053817006911312554,
cpsc_chapman,inceptiontime,45,em_prior,-0.07896073979224975,-0.09406266408236437,-0.06591177081115011,0.028150893271214256,0,0.005,1120,4078,200,791,1,1,-0.025331552739106297,
cpsc_chapman,inceptiontime,45,bbse_prior,-0.12323790051808725,-0.13683663688085634,-0.1090405568963692,0.027796079984487146,0,0.005,1140,4098,200,791,1,1,0.017582900985460864,
cpsc_chapman,inceptiontime,46,ts,0.002403796376480055,0.0023040852428724418,0.002437312454679351,0.00013322721180690934,1,0.005,1000,3958,200,791,1,1,0.0010318017551448969,extremely_narrow_ci;low_decay_variance
cpsc_chapman,inceptiontime,46,platt,0.010811905047380777,-0.004492721244184549,0.026128851380321786,0.030621572624506335,0,0.005,1020,3978,200,791,1,1,-0.0313235097523209,
cpsc_chapman,inceptiontime,46,isotonic,-0.0005280153043508706,-0.015834089084615734,0.015639674843922424,0.03147376392853816,0,0.005,1040,3998,200,791,1,1,-0.032851605045645216,delta_ece_near_zero
cpsc_chapman,inceptiontime,46,vector,0.026460941379874425,0.009272491314766582,0.04483216861995103,0.035559677305184445,0,0.005,1060,4018,200,791,1,1,-0.004895471886315977,
cpsc_chapman,inceptiontime,46,matrix,0.055328508602001156,0.03808328842864758,0.07168893684194498,0.0336056484132974,0,0.005,1080,4038,200,791,1,1,0.021429804891235416,
cpsc_chapman,inceptiontime,46,dirichlet,0.05522375608831363,0.03806954187472405,0.07159946103619343,0.03352991916146938,0,0.005,1100,4058,200,791,1,1,0.021322108438388228,
cpsc_chapman,inceptiontime,46,em_prior,-0.08384709759133874,-0.09087494827191395,-0.07726009797518757,0.013614850296726377,0,0.005,1120,4078,200,791,1,1,-0.03320498466044294,
cpsc_chapman,inceptiontime,46,bbse_prior,-0.10266256314666483,-0.10672147587540746,-0.09779760670902776,0.008923869166379703,0,0.005,1140,4098,200,791,1,1,-0.054322245618723855,
cpsc_chapman,resnet1d,42,ts,-0.000998351543500281,-0.0012139317694386579,-0.0008097371663174765,0.00040419460312118133,1,0.005,1000,3958,200,791,1,1,-0.0007585477047102399,delta_ece_near_zero;extremely_narrow_ci;low_decay_variance
cpsc_chapman,resnet1d,42,platt,-0.0066901468474414305,-0.011606509351345546,-0.0024286753412285297,0.009177834010117016,0,0.005,1020,3978,200,791,1,1,-0.004258739659269907,
cpsc_chapman,resnet1d,42,isotonic,0.0003814008202777802,-0.004263817220368259,0.0032559510089625997,0.007519768229330859,0,0.005,1040,3998,200,791,1,1,0.004195693298452589,delta_ece_near_zero
cpsc_chapman,resnet1d,42,vector,-0.0019004271160969338,-0.007113073979051635,0.0025701712064169027,0.009683245185468538,0,0.005,1060,4018,200,791,1,1,-0.0071113853416310165,
cpsc_chapman,resnet1d,42,matrix,-0.0004978761702795903,-0.004384192315351681,0.004472362883877602,0.008856555199229283,0,0.005,1080,4038,200,791,1,1,-0.01033548942873358,delta_ece_near_zero
cpsc_chapman,resnet1d,42,dirichlet,-0.0006970066992391111,-0.005726668491337945,0.0036710094227555175,0.009397677914093462,0,0.005,1100,4058,200,791,1,1,-0.010629369564049428,delta_ece_near_zero
cpsc_chapman,resnet1d,42,em_prior,0.06230581203473513,0.052709464701173124,0.06972418682646214,0.017014722125289018,0,0.005,1120,4078,200,791,1,1,0.08880838291137996,
cpsc_chapman,resnet1d,42,bbse_prior,0.042249897122543616,0.03253101906065652,0.04901793868176613,0.016486919621109604,0,0.005,1140,4098,200,791,1,1,0.06495348891034966,
cpsc_chapman,resnet1d,43,ts,0.009638137955253812,0.009412452323405866,0.009783239416690596,0.0003707870932847298,1,0.005,1000,3958,200,791,1,1,0.005865574454737302,extremely_narrow_ci
cpsc_chapman,resnet1d,43,platt,0.016932488160956508,0.013072084722977237,0.01972190857003361,0.006649823847056374,0,0.005,1020,3978,200,791,1,1,0.005880595971076735,
cpsc_chapman,resnet1d,43,isotonic,0.021008671050174274,0.019123458864806438,0.023416249904263022,0.0042927910394565845,1,0.005,1040,3998,200,791,1,1,0.02189348745417858,extremely_narrow_ci
cpsc_chapman,resnet1d,43,vector,0.017390768578248714,0.013059240643352543,0.02113837791013999,0.008079137266787448,0,0.005,1060,4018,200,791,1,1,0.0006237014171002891,
cpsc_chapman,resnet1d,43,matrix,0.014821537125845816,0.011358065792362863,0.019437902177332815,0.008079836384969952,0,0.005,1080,4038,200,791,1,1,-0.002937832451150521,
cpsc_chapman,resnet1d,43,dirichlet,0.014861261468385081,0.011525213514422681,0.019270604163397785,0.007745390648975104,0,0.005,1100,4058,200,791,1,1,-0.0028742762651092317,
cpsc_chapman,resnet1d,43,em_prior,-0.17115533395062416,-0.18119081597167871,-0.1591247753936488,0.02206604057802991,0,0.005,1120,4078,200,791,1,1,0.024761014260747394,
cpsc_chapman,resnet1d,43,bbse_prior,-0.0944542897136757,-0.10698858139416711,-0.08140835060749076,0.02558023078667636,0,0.005,1140,4098,200,791,1,1,-0.06353184870985212,
cpsc_chapman,resnet1d,44,ts,-0.01678764924882012,-0.017011161860696768,-0.016508548749923673,0.0005026131107730945,1,0.005,1000,3958,200,791,1,1,-0.0015763820283817669,extremely_narrow_ci;low_decay_variance
cpsc_chapman,resnet1d,44,platt,-0.012458113887966499,-0.022423788677697096,-0.0020353726026384354,0.02038841607505866,0,0.005,1020,3978,200,791,1,1,-0.02699159440582776,
cpsc_chapman,resnet1d,44,isotonic,-0.005929890494849155,-0.017091795926906208,0.006071714122934701,0.023163510049840907,0,0.005,1040,3998,200,791,1,1,-0.017851004090564306,
cpsc_chapman,resnet1d,44,vector,0.0006344504759986797,-0.011885521522051395,0.013877690911394682,0.025763212433446078,0,0.005,1060,4018,200,791,1,1,-0.017510395375594002,delta_ece_near_zero
cpsc_chapman,resnet1d,44,matrix,0.005877354431602935,-0.006816836761304314,0.019726770810063153,0.026543607571367468,0,0.005,1080,4038,200,791,1,1,-0.012970456173303804,
cpsc_chapman,resnet1d,44,dirichlet,0.005821384613189248,-0.007286351361355299,0.019425082018695555,0.026711433380050855,0,0.005,1100,4058,200,791,1,1,-0.012993353801988922,
cpsc_chapman,resnet1d,44,em_prior,-0.07357620885948446,-0.08073273270725348,-0.06554893782985703,0.015183794877396448,0,0.005,1120,4078,200,791,1,1,-0.022984513917693773,
cpsc_chapman,resnet1d,44,bbse_prior,-0.08232886420512013,-0.10073319264192994,-0.06356969624120537,0.03716349640072457,0,0.005,1140,4098,200,791,1,1,0.004996484999922848,
cpsc_chapman,resnet1d,45,ts,0.01805170062345785,0.014495411428108215,0.020798937758686156,0.00630352633057794,0,0.005,1000,3958,200,791,1,1,0.004327765387371368,low_decay_variance
cpsc_chapman,resnet1d,45,platt,0.01496323578769191,0.0079623408986429,0.019451108163228783,0.011488767264585883,0,0.005,1020,3978,200,791,1,1,-0.0009302579992347543,
cpsc_chapman,resnet1d,45,isotonic,-0.013038331720327923,-0.018508034809961417,-0.006663075929453398,0.01184495888050802,0,0.005,1040,3998,200,791,1,1,-0.020116103235255846,
cpsc_chapman,resnet1d,45,vector,0.009992179288455472,0.004012564814506224,0.013441021531873817,0.009428456717367592,0,0.005,1060,4018,200,791,1,1,-0.004876372715256634,
cpsc_chapman,resnet1d,45,matrix,0.0072881185368367865,0.0018084649208585859,0.012009588647537178,0.010201123726678592,0,0.005,1080,4038,200,791,1,1,-0.008462551439363926,
cpsc_chapman,resnet1d,45,dirichlet,0.007478681028541288,0.0017686261750686977,0.012094749914808346,0.010326123739739648,0,0.005,1100,4058,200,791,1,1,-0.00798885419417298,
cpsc_chapman,resnet1d,45,em_prior,-0.06525460664622983,-0.07972916746355187,-0.050058147122406825,0.029671020341145042,0,0.005,1120,4078,200,791,1,1,-0.01911781981898318,
cpsc_chapman,resnet1d,45,bbse_prior,-0.0902975434720313,-0.09919139403969726,-0.07990158003143541,0.019289814008261852,0,0.005,1140,4098,200,791,1,1,-0.050887418056127634,
cpsc_chapman,resnet1d,46,ts,0.0017085621714996724,0.0016110090040427026,0.0018617752992206894,0.0002507662951779868,1,0.005,1000,3958,200,791,1,1,-2.8822226332395062e-05,extremely_narrow_ci;low_decay_variance
cpsc_chapman,resnet1d,46,platt,-0.0029002267150886746,-0.0063731148242212815,0.0007156763785171985,0.00708879120273848,0,0.005,1020,3978,200,791,1,1,-0.008020841209530376,
cpsc_chapman,resnet1d,46,isotonic,-0.010106590350078604,-0.01542476447328118,-0.004426037343018837,0.010998727130262342,0,0.005,1040,3998,200,791,1,1,-0.006009807957272965,
cpsc_chapman,resnet1d,46,vector,-0.003677215965750935,-0.009537640480972161,0.0018293980439002258,0.011367038524872388,0,0.005,1060,4018,200,791,1,1,-0.008778469670882378,
cpsc_chapman,resnet1d,46,matrix,-0.0057050943953528,-0.012482658272892013,0.0010385638270024903,0.013521222099894504,0,0.005,1080,4038,200,791,1,1,-0.006514607021432337,
cpsc_chapman,resnet1d,46,dirichlet,-0.005577870221220707,-0.012322178755872304,0.0013469883408095604,0.013669167096681863,0,0.005,1100,4058,200,791,1,1,-0.0064583744920723475,
cpsc_chapman,resnet1d,46,em_prior,-0.13632269700785393,-0.14390403731224982,-0.12760449367027496,0.016299543641974862,0,0.005,1120,4078,200,791,1,1,-0.0201045763032002,
cpsc_chapman,resnet1d,46,bbse_prior,-0.17029532895459018,-0.17847083844974834,-0.16087567698206154,0.017595161467686804,0,0.005,1140,4098,200,791,1,1,-0.06319195257016971,
cpsc_ptbxl,inceptiontime,42,ts,0.006763388185642594,0.006611329220753913,0.006906905557888844,0.00029557633713493073,1,0.005,1000,2120,200,424,1,1,0.003838522013457378,extremely_narrow_ci;low_decay_variance
cpsc_ptbxl,inceptiontime,42,platt,0.01961499282458512,0.01514794988965931,0.023496128507201872,0.008348178617542562,0,0.005,1020,2140,200,424,1,1,0.01967575129503873,
cpsc_ptbxl,inceptiontime,42,isotonic,-0.019762218652634417,-0.02239817420351373,-0.015836683854739003,0.0065614903487747275,0,0.005,1040,2160,200,424,1,1,-0.01466950402021176,
cpsc_ptbxl,inceptiontime,42,vector,0.01608695320262854,0.011679876490138241,0.020839121270005298,0.009159244779867057,0,0.005,1060,2180,200,424,1,1,0.018246891311766628,
cpsc_ptbxl,inceptiontime,42,matrix,-0.013524077827257452,-0.016366930580383084,-0.010965651169459275,0.005401279410923809,0,0.005,1080,2200,200,424,1,1,-0.020513892484961185,
cpsc_ptbxl,inceptiontime,42,dirichlet,-0.013448836764464789,-0.016747976953343364,-0.010387537811379431,0.006360439141963933,0,0.005,1100,2220,200,424,1,1,-0.02038628009659498,
cpsc_ptbxl,inceptiontime,42,em_prior,0.07209437518014915,0.05352173257096085,0.09050182612594766,0.03698009355498681,0,0.005,1120,2240,200,424,1,1,0.07913888134289906,
cpsc_ptbxl,inceptiontime,42,bbse_prior,0.10321011858639623,0.08432755447200917,0.11924124259564144,0.03491368812363227,0,0.005,1140,2260,200,424,1,1,0.10088963522537087,
cpsc_ptbxl,inceptiontime,43,ts,0.02028273350373333,0.019843023113803492,0.02072107304248716,0.000878049928683667,1,0.005,1000,2120,200,424,1,1,0.021488862390112436,extremely_narrow_ci
cpsc_ptbxl,inceptiontime,43,platt,-0.00023155085013948362,-0.004003604552622892,0.0035466311012078955,0.007550235653830787,0,0.005,1020,2140,200,424,1,1,-0.008941832266605422,delta_ece_near_zero
cpsc_ptbxl,inceptiontime,43,isotonic,-0.010971105584942742,-0.016265942533791187,-0.006228905212107174,0.010037037321684013,0,0.005,1040,2160,200,424,1,1,-0.008946871325226681,
cpsc_ptbxl,inceptiontime,43,vector,-0.003733850545192763,-0.008228338828402227,0.001088607266854642,0.00931694609525687,0,0.005,1060,2180,200,424,1,1,-0.013406144028865231,
cpsc_ptbxl,inceptiontime,43,matrix,-0.020432233165284475,-0.025529875727822005,-0.01520817303662624,0.010321702691195764,0,0.005,1080,2200,200,424,1,1,-0.026188385749843977,
cpsc_ptbxl,inceptiontime,43,dirichlet,-0.020637556358801934,-0.026182031064785147,-0.015724677900482455,0.010457353164302692,0,0.005,1100,2220,200,424,1,1,-0.026162812584861094,
cpsc_ptbxl,inceptiontime,43,em_prior,-0.16386843270862456,-0.175579614808447,-0.151807202377949,0.02377241243049799,0,0.005,1120,2240,200,424,1,1,-0.1310579059844731,
cpsc_ptbxl,inceptiontime,43,bbse_prior,-0.004123077127448083,-0.010650764447120119,0.0038384551317225046,0.014489219578842624,0,0.005,1140,2260,200,424,1,1,-0.0238143145344015,
cpsc_ptbxl,inceptiontime,44,ts,0.019519161149209208,0.018926889413909742,0.01994102539455196,0.0010141359806422195,1,0.005,1000,2120,200,424,1,1,0.003741036878094694,extremely_narrow_ci;low_decay_variance
cpsc_ptbxl,inceptiontime,44,platt,0.01942386668506399,0.017591488390267765,0.020848264827056092,0.003256776436788327,1,0.005,1020,2140,200,424,1,1,0.002988081288700605,extremely_narrow_ci
cpsc_ptbxl,inceptiontime,44,isotonic,0.012112562735940524,0.00899666235876557,0.015106405247564141,0.006109742888798571,0,0.005,1040,2160,200,424,1,1,-0.0007822263681942741,
cpsc_ptbxl,inceptiontime,44,vector,0.01943865216869778,0.017394745177911,0.02105580880535774,0.0036610636274467395,1,0.005,1060,2180,200,424,1,1,0.003487573209466705,extremely_narrow_ci
cpsc_ptbxl,inceptiontime,44,matrix,0.009276479999426657,0.005367812881906336,0.013200221187887719,0.007832408305981383,0,0.005,1080,2200,200,424,1,1,0.003745411897064725,
cpsc_ptbxl,inceptiontime,44,dirichlet,0.009351461920064807,0.005392500626371893,0.013283501322432225,0.007891000696060331,0,0.005,1100,2220,200,424,1,1,0.0038008534547770145,
cpsc_ptbxl,inceptiontime,44,em_prior,-0.011698037024533675,-0.019269515685221426,-0.002245213225664098,0.017024302459557328,0,0.005,1120,2240,200,424,1,1,-0.013340602363966877,
cpsc_ptbxl,inceptiontime,44,bbse_prior,0.000407327947009678,-0.006052749374014549,0.008260518217224044,0.014313267591238594,0,0.005,1140,2260,200,424,1,1,0.004846325320350835,delta_ece_near_zero
cpsc_ptbxl,inceptiontime,45,ts,0.019702267504113802,0.019288023006662932,0.020123041514648204,0.0008350185079852718,1,0.005,1000,2120,200,424,1,1,0.014501481815431951,extremely_narrow_ci
cpsc_ptbxl,inceptiontime,45,platt,0.014364411934131599,0.010308647443543678,0.019195111491524433,0.008886464047980755,0,0.005,1020,2140,200,424,1,1,0.001569471988773323,
cpsc_ptbxl,inceptiontime,45,isotonic,0.0030302334374394113,-0.0025763245225889253,0.009522691018850431,0.012099015541439356,0,0.005,1040,2160,200,424,1,1,-0.015572740985723164,
cpsc_ptbxl,inceptiontime,45,vector,0.004816613839066203,-0.00033983372505717673,0.010871678023253208,0.011211511748310385,0,0.005,1060,2180,200,424,1,1,-0.006542677374956923,
cpsc_ptbxl,inceptiontime,45,matrix,0.009491926911940868,0.003456406589674098,0.016826507973073935,0.013370101383399837,0,0.005,1080,2200,200,424,1,1,-0.0039573040046696,
cpsc_ptbxl,inceptiontime,45,dirichlet,0.009385539527778153,0.0032278353814255453,0.016969800024358404,0.013741964642932859,0,0.005,1100,2220,200,424,1,1,-0.004080761249634274,
cpsc_ptbxl,inceptiontime,45,em_prior,-0.00929631255486002,-0.014612746337217212,-0.0038203942009506654,0.010792352136266547,0,0.005,1120,2240,200,424,1,1,0.013171847664921358,
cpsc_ptbxl,inceptiontime,45,bbse_prior,0.03513295083496179,0.025631590154753598,0.04588993947872534,0.020258349323971744,0,0.005,1140,2260,200,424,1,1,0.04777433003361829,
cpsc_ptbxl,inceptiontime,46,ts,0.0002152978637234293,0.00020364846796215656,0.0002245084098483896,2.085994188623304e-05,1,0.005,1000,2120,200,424,1,1,3.8954568276839546e-05,delta_ece_near_zero;extremely_narrow_ci;low_decay_variance
cpsc_ptbxl,inceptiontime,46,platt,-0.001901229169014862,-0.005003327547026308,-0.0003536514010167767,0.004649676146009531,1,0.005,1020,2140,200,424,1,1,-0.002302058093628479,extremely_narrow_ci
cpsc_ptbxl,inceptiontime,46,isotonic,0.0002216979892171178,-0.005352476092079338,0.004085394506679003,0.00943787059875834,0,0.005,1040,2160,200,424,1,1,0.008241874511328462,delta_ece_near_zero
cpsc_ptbxl,inceptiontime,46,vector,0.0017619982705245063,-0.0015491706033582844,0.004018924574968082,0.005568095178326366,0,0.005,1060,2180,200,424,1,1,0.0007923724174929009,
cpsc_ptbxl,inceptiontime,46,matrix,-0.015985262379547283,-0.018570216941994934,-0.013511351859520666,0.005058865082474268,0,0.005,1080,2200,200,424,1,1,-0.011622431158063058,
cpsc_ptbxl,inceptiontime,46,dirichlet,-0.01598955325972576,-0.0185508004921982,-0.013578454944637506,0.004972345547560696,1,0.005,1100,2220,200,424,1,1,-0.011665342437368428,extremely_narrow_ci
cpsc_ptbxl,inceptiontime,46,em_prior,0.06432363263343599,0.043180554258582124,0.08576659539089258,0.04258604113231046,0,0.005,1120,2240,200,424,1,1,0.0573233818130881,
cpsc_ptbxl,inceptiontime,46,bbse_prior,0.056790494284626375,0.04216586450698074,0.0715368730026609,0.02937100849568016,0,0.005,1140,2260,200,424,1,1,0.0612521280212026,
cpsc_ptbxl,resnet1d,42,ts,0.015045361650726674,0.014790689186620265,0.015320132130520615,0.00052944294390035,1,0.005,1000,2120,200,424,1,1,0.0036949305920433405,extremely_narrow_ci;low_decay_variance
cpsc_ptbxl,resnet1d,42,platt,0.016785566955999698,0.015407800959564079,0.01846009612630702,0.0030522951667429406,1,0.005,1020,2140,200,424,1,1,0.0025129124426820533,extremely_narrow_ci
cpsc_ptbxl,resnet1d,42,isotonic,0.009167095014907367,0.006314250413826996,0.012364486283357994,0.006050235869530999,0,0.005,1040,2160,200,424,1,1,0.005623718574267987,
cpsc_ptbxl,resnet1d,42,vector,0.019331656311649847,0.017635016277754385,0.021438092104954495,0.00380307582720011,1,0.005,1060,2180,200,424,1,1,0.004097518132744969,extremely_narrow_ci
cpsc_ptbxl,resnet1d,42,matrix,0.00332789478304496,-0.0004765120450642562,0.006391110722631753,0.0068676227676960095,0,0.005,1080,2200,200,424,1,1,-0.014428155797027713,
cpsc_ptbxl,resnet1d,42,dirichlet,0.0034952272754992797,-2.4577546242014222e-05,0.007156141852898462,0.007180719399140476,0,0.005,1100,2220,200,424,1,1,-0.014279463238943683,
cpsc_ptbxl,resnet1d,42,em_prior,0.02668155123654581,0.018242684849539295,0.03551829750985268,0.017275612660313383,0,0.005,1120,2240,200,424,1,1,0.02514398107488104,
cpsc_ptbxl,resnet1d,42,bbse_prior,0.02776722813389551,0.018944635590446283,0.03819691656423536,0.019252280973789074,0,0.005,1140,2260,200,424,1,1,0.025617990927911716,
cpsc_ptbxl,resnet1d,43,ts,-0.004964346557482957,-0.0050567924507493155,-0.004865264837677873,0.00019152761307144293,1,0.005,1000,2120,200,424,1,1,-0.009779381609368983,extremely_narrow_ci
cpsc_ptbxl,resnet1d,43,platt,-0.008800741955779512,-0.010652542437322153,-0.005917799670596055,0.0047347427667260985,1,0.005,1020,2140,200,424,1,1,-0.01561321484761867,extremely_narrow_ci
cpsc_ptbxl,resnet1d,43,isotonic,-0.013268982573063748,-0.016367783664588857,-0.009723133327429733,0.006644650337159124,0,0.005,1040,2160,200,424,1,1,-0.018240612202114915,
cpsc_ptbxl,resnet1d,43,vector,-0.01434315897811067,-0.016647204885607756,-0.010993249213855662,0.005653955671752094,0,0.005,1060,2180,200,424,1,1,-0.02289215213597085,
cpsc_ptbxl,resnet1d,43,matrix,-0.022257760388808057,-0.024337138942236474,-0.01962786553238786,0.004709273409848613,1,0.005,1080,2200,200,424,1,1,-0.03336122744971378,extremely_narrow_ci
cpsc_ptbxl,resnet1d,43,dirichlet,-0.02208715055237298,-0.024146697017107716,-0.019318079533587364,0.0048286174835203526,1,0.005,1100,2220,200,424,1,1,-0.03316521238367265,extremely_narrow_ci
cpsc_ptbxl,resnet1d,43,em_prior,0.018985930409039398,0.009496726952482222,0.027046413555626023,0.0175496866031438,0,0.005,1120,2240,200,424,1,1,0.006201450075973759,
cpsc_ptbxl,resnet1d,43,bbse_prior,0.030177287762947064,0.02422615978446142,0.03811224596937331,0.013886086184911887,0,0.005,1140,2260,200,424,1,1,0.057271816238653704,
cpsc_ptbxl,resnet1d,44,ts,-0.004854540282653919,-0.004946276773129155,-0.004762089569652258,0.0001841872034768965,1,0.005,1000,2120,200,424,1,1,-0.0016958629927062464,extremely_narrow_ci;low_decay_variance
cpsc_ptbxl,resnet1d,44,platt,-0.013692542259563012,-0.016361818339476683,-0.01096666596513037,0.005395152374346313,0,0.005,1020,2140,200,424,1,1,-0.02268263853757185,
cpsc_ptbxl,resnet1d,44,isotonic,-0.0027726288536855104,-0.006085054377461833,0.000411783812949963,0.006496838190411796,0,0.005,1040,2160,200,424,1,1,-0.00756937540324093,
cpsc_ptbxl,resnet1d,44,vector,-0.023923375194675467,-0.027785643184343525,-0.020002585920793226,0.007783057263550299,0,0.005,1060,2180,200,424,1,1,-0.02781011242287431,
cpsc_ptbxl,resnet1d,44,matrix,-0.021358089976748873,-0.025770716845441986,-0.016812659143717847,0.008958057701724139,0,0.005,1080,2200,200,424,1,1,-0.03145575632631528,
cpsc_ptbxl,resnet1d,44,dirichlet,-0.02122052019410714,-0.02565797689704659,-0.01665203025427442,0.00900594664277217,0,0.005,1100,2220,200,424,1,1,-0.03134973927575996,
cpsc_ptbxl,resnet1d,44,em_prior,0.016983649256105016,0.01418650643946527,0.020232093400674656,0.006045586961209387,0,0.005,1120,2240,200,424,1,1,0.02942714757718947,
cpsc_ptbxl,resnet1d,44,bbse_prior,0.004024489700194367,0.0013677778398698988,0.006962725909530701,0.005594948069660802,0,0.005,1140,2260,200,424,1,1,-0.01203716576097209,
cpsc_ptbxl,resnet1d,45,ts,0.01763632747752375,0.017251843107571427,0.017963956314339193,0.0007121132067677664,1,0.005,1000,2120,200,424,1,1,0.004673671264029015,extremely_narrow_ci;low_decay_variance
cpsc_ptbxl,resnet1d,45,platt,0.011940756251480278,0.01052957799270682,0.013287181833550633,0.002757603840843814,1,0.005,1020,2140,200,424,1,1,-0.002841731248346883,extremely_narrow_ci
cpsc_ptbxl,resnet1d,45,isotonic,0.006304011764394046,0.0036170588900589517,0.00889772128855461,0.0052806623984956585,0,0.005,1040,2160,200,424,1,1,-0.00037799915999663786,
cpsc_ptbxl,resnet1d,45,vector,0.01369071699931812,0.011634581595916835,0.015574878111316337,0.003940296515399502,1,0.005,1060,2180,200,424,1,1,-0.00278240122869626,extremely_narrow_ci
cpsc_ptbxl,resnet1d,45,matrix,0.011132386934937899,0.00842071368781767,0.013619762776644537,0.005199049088826867,0,0.005,1080,2200,200,424,1,1,-0.0030220565111062653,
cpsc_ptbxl,resnet1d,45,dirichlet,0.010945220724730698,0.008176703807549505,0.013516740694041057,0.0053400368864915514,0,0.005,1100,2220,200,424,1,1,-0.0029490830390764555,
cpsc_ptbxl,resnet1d,45,em_prior,0.08025576434986645,0.06363519156345568,0.09814269411707452,0.03450750255361884,0,0.005,1120,2240,200,424,1,1,0.05985935744254389,
cpsc_ptbxl,resnet1d,45,bbse_prior,0.05061146336341807,0.038485049195137844,0.06301807246056819,0.024533023265430345,0,0.005,1140,2260,200,424,1,1,0.03994037401558179,
cpsc_ptbxl,resnet1d,46,ts,0.030214533854078407,0.029557576940601512,0.030868238672023224,0.0013106617314217126,1,0.005,1000,2120,200,424,1,1,0.004108323385634563,extremely_narrow_ci;low_decay_variance
cpsc_ptbxl,resnet1d,46,platt,0.032292285443253965,0.030110064963674875,0.03431638107232463,0.0042063161086497575,1,0.005,1020,2140,200,424,1,1,0.0022037144860873603,extremely_narrow_ci
cpsc_ptbxl,resnet1d,46,isotonic,0.04884150107220819,0.04472162809501681,0.052726407733845966,0.008004779638829153,0,0.005,1040,2160,200,424,1,1,0.03547113526411735,
cpsc_ptbxl,resnet1d,46,vector,0.03219014210750232,0.028686625382190627,0.035878211777939574,0.007191586395748947,0,0.005,1060,2180,200,424,1,1,0.004862719496954378,
cpsc_ptbxl,resnet1d,46,matrix,0.022485718565955493,0.018391001531905978,0.026533545185671702,0.008142543653765724,0,0.005,1080,2200,200,424,1,1,-0.0007960190401707923,
cpsc_ptbxl,resnet1d,46,dirichlet,0.022501485824938827,0.01852059045747068,0.026584745757305822,0.008064155299835143,0,0.005,1100,2220,200,424,1,1,-0.0007883650981563087,
cpsc_ptbxl,resnet1d,46,em_prior,0.041945922319138684,0.02969618546634787,0.05566882520600504,0.025972639739657168,0,0.005,1120,2240,200,424,1,1,0.022603415187524165,
cpsc_ptbxl,resnet1d,46,bbse_prior,0.038688394045364505,0.027756806834763836,0.05087324265236076,0.023116435817596925,0,0.005,1140,2260,200,424,1,1,0.024363134226976245,
ptbxl_chapman,inceptiontime,42,ts,0.03081966880971733,0.027473789928638203,0.03348194408655707,0.006008154157918864,0,0.005,1000,4050,200,810,1,1,0.0068815705401109525,
ptbxl_chapman,inceptiontime,42,platt,0.03549808432320867,0.02758094093905102,0.04090796041504293,0.013327019475991912,0,0.005,1020,4070,200,810,1,1,0.010006098107559282,
ptbxl_chapman,inceptiontime,42,isotonic,0.03506221721849581,0.030557923946902734,0.03867659323403003,0.008118669287127293,0,0.005,1040,4090,200,810,1,1,0.02069263210943882,
ptbxl_chapman,inceptiontime,42,vector,0.03139289680097271,0.023622928664008003,0.03696888192246585,0.013345953258457846,0,0.005,1060,4110,200,810,1,1,0.0005852731666188514,
ptbxl_chapman,inceptiontime,42,matrix,0.03246762975042504,0.02611950583142072,0.03784039909169881,0.01172089326027809,0,0.005,1080,4130,200,810,1,1,-0.0028473446609317415,
ptbxl_chapman,inceptiontime,42,dirichlet,0.03212102866812867,0.024150547436642533,0.03788885732958052,0.013738309892937988,0,0.005,1100,4150,200,810,1,1,-0.0031357749108069793,
ptbxl_chapman,inceptiontime,42,em_prior,0.031503876799218275,0.016515528170860747,0.04588327510530699,0.029367746934446246,0,0.005,1120,4170,200,810,1,1,0.05906646346369275,
ptbxl_chapman,inceptiontime,42,bbse_prior,0.023734620954040705,0.008911970524023814,0.038081525717553556,0.02916955519352974,0,0.005,1140,4190,200,810,1,1,0.06532967440724911,
ptbxl_chapman,inceptiontime,43,ts,0.02542057445303661,0.022471470650982504,0.02772873948413996,0.005257268833157455,0,0.005,1000,4050,200,810,1,1,0.0009443367722819021,low_decay_variance
ptbxl_chapman,inceptiontime,43,platt,0.020810649146697335,0.011902877169178684,0.027490849899689435,0.015587972730510751,0,0.005,1020,4070,200,810,1,1,-0.004672417673590463,
ptbxl_chapman,inceptiontime,43,isotonic,0.028154460437854495,0.02209080572856211,0.03269178200453378,0.010600976275971667,0,0.005,1040,4090,200,810,1,1,0.008373631214462364,
ptbxl_chapman,inceptiontime,43,vector,0.021670096088766216,0.011702994187458092,0.028467399502753798,0.016764405315295706,0,0.005,1060,4110,200,810,1,1,-0.004545113968126693,
ptbxl_chapman,inceptiontime,43,matrix,0.03218883303068426,0.02366866432401656,0.03668939363091268,0.013020729306896118,0,0.005,1080,4130,200,810,1,1,0.009020719386837989,
ptbxl_chapman,inceptiontime,43,dirichlet,0.03225229754673445,0.024913391238279407,0.036013513666345906,0.0111001224280665,0,0.005,1100,4150,200,810,1,1,0.00908856635285022,
ptbxl_chapman,inceptiontime,43,em_prior,0.05635341879024017,0.04403418643734762,0.0703412870334782,0.026307100596130575,0,0.005,1120,4170,200,810,1,1,0.09022512872805706,
ptbxl_chapman,inceptiontime,43,bbse_prior,0.06778471333494815,0.05534817929075224,0.08083758534604589,0.02548940605529365,0,0.005,1140,4190,200,810,1,1,0.06465085818311819,
ptbxl_chapman,inceptiontime,44,ts,0.020274228051884224,0.019478452961957125,0.020742989922400295,0.0012645369604431696,1,0.005,1000,4050,200,810,1,1,0.002977024612752021,extremely_narrow_ci;low_decay_variance
ptbxl_chapman,inceptiontime,44,platt,0.026062875922803402,0.025010744754016687,0.026909117333355107,0.0018983725793384199,1,0.005,1020,4070,200,810,1,1,0.005852049317293745,extremely_narrow_ci
ptbxl_chapman,inceptiontime,44,isotonic,0.02711892228180013,0.025245024997504906,0.02916315707767347,0.003918132080168564,1,0.005,1040,4090,200,810,1,1,0.01120392549824406,extremely_narrow_ci
ptbxl_chapman,inceptiontime,44,vector,0.020905583494246205,0.019379119924553066,0.022481135760497005,0.0031020158359439387,1,0.005,1060,4110,200,810,1,1,-0.00020729508362626534,extremely_narrow_ci
ptbxl_chapman,inceptiontime,44,matrix,0.029528997291102976,0.026474864807872287,0.03228363838604605,0.0058087735781737655,0,0.005,1080,4130,200,810,1,1,0.0055636499370747446,
ptbxl_chapman,inceptiontime,44,dirichlet,0.029502866477929213,0.026518132839564033,0.03221408549843278,0.005695952658868745,0,0.005,1100,4150,200,810,1,1,0.005536978482251646,
ptbxl_chapman,inceptiontime,44,em_prior,0.07702324995838614,0.0655629139400395,0.08832149195572402,0.02275857801568451,0,0.005,1120,4170,200,810,1,1,0.08559511842709519,
ptbxl_chapman,inceptiontime,44,bbse_prior,0.07768620718304121,0.06452181214813728,0.09065366197009739,0.02613184982196011,0,0.005,1140,4190,200,810,1,1,0.08847448966875218,
ptbxl_chapman,inceptiontime,45,ts,0.022588094490864574,0.020049659049359875,0.024554672323982066,0.004505013274622192,1,0.005,1000,4050,200,810,1,1,0.006420496205021605,extremely_narrow_ci
ptbxl_chapman,inceptiontime,45,platt,0.026182761858037515,0.018684511774568827,0.030390178703109803,0.011705666928540977,0,0.005,1020,4070,200,810,1,1,0.010596824614922336,
ptbxl_chapman,inceptiontime,45,isotonic,0.018823306613716395,0.008155760241817852,0.024992674541494203,0.01683691429967635,0,0.005,1040,4090,200,810,1,1,0.010072496697617523,
ptbxl_chapman,inceptiontime,45,vector,0.018980203280808267,0.0126715494764756,0.022808389728193216,0.010136840251717617,0,0.005,1060,4110,200,810,1,1,-0.0031178315502660425,
ptbxl_chapman,inceptiontime,45,matrix,0.014697311418715747,0.0065587626986609235,0.020406454249599516,0.013847691550938592,0,0.005,1080,4130,200,810,1,1,-0.0074794692288500005,
ptbxl_chapman,inceptiontime,45,dirichlet,0.014599982964897229,0.0065705789287276335,0.02040091846683701,0.013830339538109377,0,0.005,1100,4150,200,810,1,1,-0.0074903384195602885,
ptbxl_chapman,inceptiontime,45,em_prior,0.08899613936377261,0.07285618475135709,0.10414256833726558,0.03128638358590849,0,0.005,1120,4170,200,810,1,1,0.13298346435354078,
ptbxl_chapman,inceptiontime,45,bbse_prior,0.07884703854145136,0.0638527254323525,0.09329427512364416,0.02944154969129166,0,0.005,1140,4190,200,810,1,1,0.1079723685275622,
ptbxl_chapman,inceptiontime,46,ts,-0.0026051813418768166,-0.0028590117132680885,-0.002290723782178687,0.0005682879310894015,1,0.005,1000,4050,200,810,1,1,-0.0015487288350753796,extremely_narrow_ci;low_decay_variance
ptbxl_chapman,inceptiontime,46,platt,0.039716955900138295,0.029627315057940373,0.04825075564068009,0.01862344058273972,0,0.005,1020,4070,200,810,1,1,0.03427363129327452,
ptbxl_chapman,inceptiontime,46,isotonic,0.043470665581212486,0.037471866516704755,0.0489910421275258,0.011519175610821046,0,0.005,1040,4090,200,810,1,1,0.05071601081861625,
ptbxl_chapman,inceptiontime,46,vector,0.058351457437027215,0.04484855953882096,0.07097281703729083,0.026124257498469868,0,0.005,1060,4110,200,810,1,1,0.054271051148628104,
ptbxl_chapman,inceptiontime,46,matrix,0.0,0.0,0.0,0.0,1,0.005,1080,4130,200,810,1,1,0.0,delta_ece_near_zero;extremely_narrow_ci
ptbxl_chapman,inceptiontime,46,dirichlet,0.07733625882302758,0.06296793129487625,0.09023257849878515,0.027264647203908893,0,0.005,1100,4150,200,810,1,1,0.0695618791228243,
ptbxl_chapman,inceptiontime,46,em_prior,0.09713964573166828,0.08281628508559769,0.11048265682387912,0.02766637173828143,0,0.005,1120,4170,200,810,1,1,0.10700819658183958,
ptbxl_chapman,inceptiontime,46,bbse_prior,0.1495150118469834,0.13272786557521732,0.16566007105807246,0.03293220548285514,0,0.005,1140,4190,200,810,1,1,0.1388740906131354,
ptbxl_chapman,resnet1d,42,ts,0.024931243641080708,0.019128813321063736,0.0269518785069311,0.007823065185867364,0,0.005,1000,4050,200,810,1,1,0.01044081302008729,
ptbxl_chapman,resnet1d,42,platt,0.03502765464185971,0.02936890192817042,0.036100306225452204,0.006731404297281786,0,0.005,1020,4070,200,810,1,1,0.022579373777817255,
ptbxl_chapman,resnet1d,42,isotonic,0.034471715557158736,0.026789076785158294,0.03659915455013965,0.009810077764981356,0,0.005,1040,4090,200,810,1,1,0.031072311081428196,
ptbxl_chapman,resnet1d,42,vector,0.03346637000106492,0.024932281125143473,0.041707280167378666,0.016774999042235193,0,0.005,1060,4110,200,810,1,1,0.01848702635843115,
ptbxl_chapman,resnet1d,42,matrix,0.018142889057723363,0.014739560307061724,0.02094289735328289,0.006203337046221167,0,0.005,1080,4130,200,810,1,1,-0.0017802848233903906,
ptbxl_chapman,resnet1d,42,dirichlet,0.018030991179227532,0.014593442668536273,0.021867974330755043,0.00727453166221877,0,0.005,1100,4150,200,810,1,1,-0.00191412883597979,
ptbxl_chapman,resnet1d,42,em_prior,0.06964333710271628,0.05318594653340216,0.08353676669824474,0.030350820164842578,0,0.005,1120,4170,200,810,1,1,0.08038134792064595,
ptbxl_chapman,resnet1d,42,bbse_prior,0.04427788643823871,0.029669548464372465,0.06186507105269247,0.03219552258832001,0,0.005,1140,4190,200,810,1,1,0.05744202820140737,
ptbxl_chapman,resnet1d,43,ts,0.03846862606374982,0.03362168698421807,0.042767877188303466,0.009146190204085393,0,0.005,1000,4050,200,810,1,1,0.0047080118811967595,low_decay_variance
ptbxl_chapman,resnet1d,43,platt,0.043758241773253104,0.034486441072904966,0.04710525898509238,0.012618817912187413,0,0.005,1020,4070,200,810,1,1,0.00968135627025929,
ptbxl_chapman,resnet1d,43,isotonic,0.03500744683360833,0.024036741459016152,0.04229633984115826,0.01825959838214211,0,0.005,1040,4090,200,810,1,1,0.006088591748890204,
ptbxl_chapman,resnet1d,43,vector,0.052526458705070556,0.04822962544100057,0.055293100049814276,0.007063474608813708,0,0.005,1060,4110,200,810,1,1,0.01679660139711371,
ptbxl_chapman,resnet1d,43,matrix,0.036898667036434615,0.033687086363143,0.03956465834818401,0.005877571985041012,0,0.005,1080,4130,200,810,1,1,0.0047015946982888746,
ptbxl_chapman,resnet1d,43,dirichlet,0.03679247077279037,0.03365804155471962,0.03981570223317916,0.006157660678459541,0,0.005,1100,4150,200,810,1,1,0.004987263346069221,
ptbxl_chapman,resnet1d,43,em_prior,0.04614512699878859,0.033704922028289876,0.05706693967495323,0.023362017646663354,0,0.005,1120,4170,200,810,1,1,0.04988242159297762,
ptbxl_chapman,resnet1d,43,bbse_prior,0.04979427067840547,0.036794188610421164,0.06247715535875028,0.025682966748329115,0,0.005,1140,4190,200,810,1,1,0.03353823831460452,
ptbxl_chapman,resnet1d,44,ts,0.025031005459102876,0.022779174081290113,0.026458882986351275,0.0036797089050611617,1,0.005,1000,4050,200,810,1,1,0.0037770285607491745,extremely_narrow_ci;low_decay_variance
ptbxl_chapman,resnet1d,44,platt,0.0459125611272352,0.03956808630579229,0.05039298354299472,0.010824897237202431,0,0.005,1020,4070,200,810,1,1,0.02425199756951909,
ptbxl_chapman,resnet1d,44,isotonic,0.03544513820671415,0.031062226097285567,0.03967042669429434,0.008608200597008772,0,0.005,1040,4090,200,810,1,1,0.01912015802328121,
ptbxl_chapman,resnet1d,44,vector,0.07327409664750359,0.06381424339533988,0.08107947219313834,0.01726522879779846,0,0.005,1060,4110,200,810,1,1,0.053235511109089896,
ptbxl_chapman,resnet1d,44,matrix,0.044537010891375156,0.03404184323036162,0.05402050554497038,0.019978662314608757,0,0.005,1080,4130,200,810,1,1,0.02320605777944525,
ptbxl_chapman,resnet1d,44,dirichlet,0.044899234521899326,0.034733939024977845,0.054513964173114715,0.01978002514813687,0,0.005,1100,4150,200,810,1,1,0.02345318874392032,
ptbxl_chapman,resnet1d,44,em_prior,0.013689572863910593,-0.00014543691480528722,0.0274887691341645,0.027634206048969785,0,0.005,1120,4170,200,810,1,1,0.014817420290410555,
ptbxl_chapman,resnet1d,44,bbse_prior,0.012198494328848286,-0.003274645326582557,0.029178852395452655,0.032453497722035214,0,0.005,1140,4190,200,810,1,1,0.0033115928251030435,
ptbxl_chapman,resnet1d,45,ts,0.02623624782044691,0.023089928069633284,0.027932792789436698,0.004842864719803414,1,0.005,1000,4050,200,810,1,1,0.003458753606188532,extremely_narrow_ci;low_decay_variance
ptbxl_chapman,resnet1d,45,platt,0.02910134852564647,0.026977437012402676,0.0307688477228545,0.0037914107104518244,1,0.005,1020,4070,200,810,1,1,0.00801287862658441,extremely_narrow_ci
ptbxl_chapman,resnet1d,45,isotonic,0.020214415898847482,0.01800151112844307,0.022414988732599814,0.0044134776041567444,1,0.005,1040,4090,200,810,1,1,0.0013280833990118764,extremely_narrow_ci
ptbxl_chapman,resnet1d,45,vector,0.03985805209437085,0.0335111338176746,0.044588838779442454,0.011077704961767854,0,0.005,1060,4110,200,810,1,1,0.019053103984856618,
ptbxl_chapman,resnet1d,45,matrix,0.026697121588099476,0.019568020686983947,0.03327418412807899,0.013706163441095043,0,0.005,1080,4130,200,810,1,1,0.013213701863587356,
ptbxl_chapman,resnet1d,45,dirichlet,0.02664806053130772,0.019398154097928284,0.03336041947305566,0.013962265375127375,0,0.005,1100,4150,200,810,1,1,0.013154388152597812,
ptbxl_chapman,resnet1d,45,em_prior,0.056013079482971254,0.04185110886110906,0.06937554199156029,0.027524433130451234,0,0.005,1120,4170,200,810,1,1,0.053763618117024695,
ptbxl_chapman,resnet1d,45,bbse_prior,0.05709931423610544,0.04245843595890875,0.07186368150953043,0.029405245550621684,0,0.005,1140,4190,200,810,1,1,0.06089864044194314,
ptbxl_chapman,resnet1d,46,ts,0.028559657664974772,0.02212153241448015,0.03442084232999025,0.0122993099155101,0,0.005,1000,4050,200,810,1,1,0.004664911363123688,low_decay_variance
ptbxl_chapman,resnet1d,46,platt,0.03843430439046645,0.03347839750050592,0.04201750600400626,0.008539108503500335,0,0.005,1020,4070,200,810,1,1,0.014479239324894425,
ptbxl_chapman,resnet1d,46,isotonic,0.020356257122875476,0.01089547513805324,0.030072454779827985,0.019176979641774745,0,0.005,1040,4090,200,810,1,1,0.001749968538000593,
ptbxl_chapman,resnet1d,46,vector,0.039074789477473504,0.03326706504298547,0.04371530019569537,0.0104482351527099,0,0.005,1060,4110,200,810,1,1,0.013843064769706946,
ptbxl_chapman,resnet1d,46,matrix,0.024966839563688573,0.018156683628581225,0.030737856426251653,0.012581172797670428,0,0.005,1080,4130,200,810,1,1,-0.0019995250705884746,
ptbxl_chapman,resnet1d,46,dirichlet,0.025129896066177534,0.01843116295947509,0.030922749947420412,0.012491586987945322,0,0.005,1100,4150,200,810,1,1,-0.0018682033409699456,
ptbxl_chapman,resnet1d,46,em_prior,0.08011763287635072,0.06674127083407466,0.09334842836201031,0.026607157527935646,0,0.005,1120,4170,200,810,1,1,0.07749389243835635,
ptbxl_chapman,resnet1d,46,bbse_prior,0.09097599412897442,0.076670212001649,0.10513808756365298,0.028467875562003975,0,0.005,1140,4190,200,810,1,1,0.0732983643753795,
ptbxl_cpsc,inceptiontime,42,ts,0.027121658856338632,0.024350593655148526,0.028881412008786474,0.004530818353637948,1,0.005,1000,2057,200,411,1,1,0.007534141024077273,extremely_narrow_ci
ptbxl_cpsc,inceptiontime,42,platt,0.028160744791762893,0.0249366279406916,0.0312639542927147,0.006327326352023103,0,0.005,1020,2077,200,411,1,1,0.007268652171603135,
ptbxl_cpsc,inceptiontime,42,isotonic,0.025265258727578094,0.0217137591631049,0.028790185177182098,0.007076426014077198,0,0.005,1040,2097,200,411,1,1,0.010004517542785384,
ptbxl_cpsc,inceptiontime,42,vector,0.025911878914017583,0.02158537188205831,0.03036052668570165,0.00877515480364334,0,0.005,1060,2117,200,411,1,1,0.002730409731091385,
ptbxl_cpsc,inceptiontime,42,matrix,0.033225631506144326,0.026442765645909916,0.039133741842000996,0.01269097619609108,0,0.005,1080,2137,200,411,1,1,0.013828943308441345,
ptbxl_cpsc,inceptiontime,42,dirichlet,0.03333150807489038,0.02716967865089934,0.03834555714645733,0.011175878495557987,0,0.005,1100,2157,200,411,1,1,0.01389788884945984,
ptbxl_cpsc,inceptiontime,42,em_prior,0.054934798771791665,0.04309680856054687,0.06806564488247764,0.024968836321930768,0,0.005,1120,2177,200,411,1,1,0.014475300116996478,
ptbxl_cpsc,inceptiontime,42,bbse_prior,0.08220698708355018,0.06687930594680201,0.10062959560062376,0.03375028965382175,0,0.005,1140,2197,200,411,1,1,0.020701717811927756,
ptbxl_cpsc,inceptiontime,43,ts,0.024546359399900103,0.02216422298299038,0.02598273531038925,0.003818512327398868,1,0.005,1000,2057,200,411,1,1,0.00798333652153193,extremely_narrow_ci
ptbxl_cpsc,inceptiontime,43,platt,0.02990954212557312,0.02620517072345669,0.033655191542506076,0.0074500208190493855,0,0.005,1020,2077,200,411,1,1,0.00990400580683114,
ptbxl_cpsc,inceptiontime,43,isotonic,0.03234741794921578,0.027519514130399835,0.03676346446237649,0.009243950331976652,0,0.005,1040,2097,200,411,1,1,0.02044238543787261,
ptbxl_cpsc,inceptiontime,43,vector,0.022977535828720752,0.016226126324847916,0.03146045431836567,0.015234327993517757,0,0.005,1060,2117,200,411,1,1,0.0030470180347079226,
ptbxl_cpsc,inceptiontime,43,matrix,0.02279981275420151,0.0169052625193434,0.029411633810828692,0.012506371291485293,0,0.005,1080,2137,200,411,1,1,0.0072479146186908636,
ptbxl_cpsc,inceptiontime,43,dirichlet,0.022785772467710214,0.01653400909915654,0.029100183394309545,0.012566174295153006,0,0.005,1100,2157,200,411,1,1,0.007212993369388115,
ptbxl_cpsc,inceptiontime,43,em_prior,0.059769791693022475,0.04431259013559969,0.07517766545098087,0.03086507531538118,0,0.005,1120,2177,200,411,1,1,0.03262492529484827,
ptbxl_cpsc,inceptiontime,43,bbse_prior,0.07286450858480756,0.05572482588572911,0.09060686740017937,0.03488204151445026,0,0.005,1140,2197,200,411,1,1,0.046759991199601135,
ptbxl_cpsc,inceptiontime,44,ts,0.03200615418552433,0.030337285541300427,0.033190886811291065,0.0028536012699906382,1,0.005,1000,2057,200,411,1,1,0.013673297058316991,extremely_narrow_ci
ptbxl_cpsc,inceptiontime,44,platt,0.02707486443423543,0.024813325012084782,0.02878640757555745,0.003973082563472667,1,0.005,1020,2077,200,411,1,1,0.010276785069554317,extremely_narrow_ci
ptbxl_cpsc,inceptiontime,44,isotonic,0.03183950923397086,0.02819859860847592,0.03467719716633544,0.006478598557859518,0,0.005,1040,2097,200,411,1,1,0.021509475021367422,
ptbxl_cpsc,inceptiontime,44,vector,0.024272474012695555,0.0221567148191885,0.026790155356879987,0.004633440537691488,1,0.005,1060,2117,200,411,1,1,0.00392650085261179,extremely_narrow_ci
ptbxl_cpsc,inceptiontime,44,matrix,0.022268881021095588,0.018736966470098683,0.026492806696145017,0.007755840226046334,0,0.005,1080,2137,200,411,1,1,0.004994397674484105,
ptbxl_cpsc,inceptiontime,44,dirichlet,0.022284103587511678,0.018688687627495832,0.0266048166157167,0.007916128988220868,0,0.005,1100,2157,200,411,1,1,0.005009956212346348,
ptbxl_cpsc,inceptiontime,44,em_prior,0.03998875673432348,0.025214058825676185,0.05527760334204969,0.030063544516373504,0,0.005,1120,2177,200,411,1,1,0.008380864261038498,
ptbxl_cpsc,inceptiontime,44,bbse_prior,0.07070282943168246,0.05360784881136042,0.08810607115762749,0.034498222346267066,0,0.005,1140,2197,200,411,1,1,0.026326955973094326,
ptbxl_cpsc,inceptiontime,45,ts,0.013054864904573332,0.010527796064675412,0.014942707719333082,0.004414911654657671,1,0.005,1000,2057,200,411,1,1,0.012442689622190594,extremely_narrow_ci
ptbxl_cpsc,inceptiontime,45,platt,0.02109876728318505,0.012955717398425815,0.028530750763199976,0.01557503336477416,0,0.005,1020,2077,200,411,1,1,0.014103288583499404,
ptbxl_cpsc,inceptiontime,45,isotonic,0.00951448143490824,0.00040446344527000146,0.019601525075051068,0.019197061629781065,0,0.005,1040,2097,200,411,1,1,0.010954338935179359,
ptbxl_cpsc,inceptiontime,45,vector,0.029541592206833334,0.01799781663219962,0.04124823892832588,0.023250422296126262,0,0.005,1060,2117,200,411,1,1,0.025374603865250804,
ptbxl_cpsc,inceptiontime,45,matrix,0.028072115547250642,0.015511755752513632,0.04051388267359211,0.025002126921078477,0,0.005,1080,2137,200,411,1,1,0.024370737945239515,
ptbxl_cpsc,inceptiontime,45,dirichlet,0.028010118703483383,0.015435521193527044,0.04072024212827372,0.02528472093474668,0,0.005,1100,2157,200,411,1,1,0.024332803334142197,
ptbxl_cpsc,inceptiontime,45,em_prior,0.009823010763276574,0.0008389033137580401,0.020847111641600833,0.020008208327842794,0,0.005,1120,2177,200,411,1,1,-0.018485563363798467,
ptbxl_cpsc,inceptiontime,45,bbse_prior,0.07725685510372474,0.05909847645050411,0.09455743361042053,0.03545895715991642,0,0.005,1140,2197,200,411,1,1,0.06730571459869933,
ptbxl_cpsc,inceptiontime,46,ts,0.014606019278842836,0.012256312232090493,0.015769047175478584,0.0035127349433880916,1,0.005,1000,2057,200,411,1,1,0.0049386735775477295,extremely_narrow_ci;low_decay_variance
ptbxl_cpsc,inceptiontime,46,platt,0.014838767307237294,0.008907844328895593,0.01897262973531042,0.010064785406414829,0,0.005,1020,2077,200,411,1,1,0.0034428141029622973,
ptbxl_cpsc,inceptiontime,46,isotonic,0.007534762294431202,0.001593968654949507,0.013189414120096244,0.011595445465146736,0,0.005,1040,2097,200,411,1,1,0.008784890273032857,
ptbxl_cpsc,inceptiontime,46,vector,-0.006295116038767479,-0.012669242587029192,0.0017631484995002827,0.014432391086529474,0,0.005,1060,2117,200,411,1,1,-0.022554107750604298,
ptbxl_cpsc,inceptiontime,46,matrix,-0.004821374966716835,-0.010347456885202205,0.0019354287789751382,0.012282885664177342,0,0.005,1080,2137,200,411,1,1,-0.0285278011892163,
ptbxl_cpsc,inceptiontime,46,dirichlet,-0.004812638378789369,-0.010208323711185335,0.001893213233277228,0.012101536944462563,0,0.005,1100,2157,200,411,1,1,-0.02850931522008224,
ptbxl_cpsc,inceptiontime,46,em_prior,0.05979371831220276,0.04171815523331224,0.07843146586033874,0.0367133106270265,0,0.005,1120,2177,200,411,1,1,0.00566922141287618,
ptbxl_cpsc,inceptiontime,46,bbse_prior,0.08564256332082251,0.06650313658665054,0.10501857281694665,0.038515436230296116,0,0.005,1140,2197,200,411,1,1,0.0630644580278654,
ptbxl_cpsc,resnet1d,42,ts,0.0024590129423790463,0.0023108940841145066,0.0025613031111295023,0.00025040902701499576,1,0.005,1000,2057,200,411,1,1,0.0014259843719904644,extremely_narrow_ci;low_decay_variance
ptbxl_cpsc,resnet1d,42,platt,0.045194702584206436,0.03446602951077806,0.05311189004706469,0.018645860536286626,0,0.005,1020,2077,200,411,1,1,0.030499814870462397,
ptbxl_cpsc,resnet1d,42,isotonic,0.04024220480830468,0.02840182580744347,0.04806704741636047,0.019665221608917,0,0.005,1040,2097,200,411,1,1,0.03270996747083793,
ptbxl_cpsc,resnet1d,42,vector,0.04630534308226644,0.03328343633835,0.057972148319365584,0.024688711981015583,0,0.005,1060,2117,200,411,1,1,0.029407550449884193,
ptbxl_cpsc,resnet1d,42,matrix,0.05616482804824438,0.04351052045293627,0.0693711888521732,0.025860668399236925,0,0.005,1080,2137,200,411,1,1,0.034285942819624424,
ptbxl_cpsc,resnet1d,42,dirichlet,0.05594285906407942,0.04368815360676846,0.06762871410467221,0.023940560497903746,0,0.005,1100,2157,200,411,1,1,0.03410906201495284,
ptbxl_cpsc,resnet1d,42,em_prior,-0.018952556412794197,-0.025223563892160256,-0.014025912374029939,0.011197651518130318,0,0.005,1120,2177,200,411,1,1,-0.013866417823654192,
ptbxl_cpsc,resnet1d,42,bbse_prior,0.08895493016673181,0.07664197558773692,0.10109803005812372,0.024456054470386804,0,0.005,1140,2197,200,411,1,1,0.07625297507538134,
ptbxl_cpsc,resnet1d,43,ts,0.018580851742874577,0.01450654947080584,0.020878868079434624,0.006372318608628785,0,0.005,1000,2057,200,411,1,1,-0.001117314490540318,low_decay_variance
ptbxl_cpsc,resnet1d,43,platt,0.016846226145551202,0.006544296550679759,0.02624355086989131,0.01969925431921155,0,0.005,1020,2077,200,411,1,1,0.0016592199521199245,
ptbxl_cpsc,resnet1d,43,isotonic,0.015341213553335092,0.008161344054375198,0.022205121090566493,0.014043777036191295,0,0.005,1040,2097,200,411,1,1,0.003696164147016602,
ptbxl_cpsc,resnet1d,43,vector,0.02300349559360959,0.013034027421563035,0.029196998746453946,0.01616297132489091,0,0.005,1060,2117,200,411,1,1,0.010362821082266493,
ptbxl_cpsc,resnet1d,43,matrix,0.02395064536757216,0.014090340741498463,0.031372642194879403,0.01728230145338094,0,0.005,1080,2137,200,411,1,1,0.016085001917182942,
ptbxl_cpsc,resnet1d,43,dirichlet,0.023970186893630063,0.011243999446759233,0.03098087024379368,0.01973687079703445,0,0.005,1100,2157,200,411,1,1,0.01615378209003185,
ptbxl_cpsc,resnet1d,43,em_prior,0.04910274343136373,0.03130684355483569,0.06560552206867114,0.034298678513835446,0,0.005,1120,2177,200,411,1,1,-0.037344109566148254,
ptbxl_cpsc,resnet1d,43,bbse_prior,0.07471607828979458,0.054716684787376416,0.09165993093995883,0.03694324615258242,0,0.005,1140,2197,200,411,1,1,0.05010347043128986,
ptbxl_cpsc,resnet1d,44,ts,0.08259289487126253,0.07721943965495813,0.08549926107800399,0.008279821423045855,0,0.005,1000,2057,200,411,1,1,0.01908838061455463,
ptbxl_cpsc,resnet1d,44,platt,0.08121829712637613,0.07683898656110609,0.08480746823658929,0.007968481675483197,0,0.005,1020,2077,200,411,1,1,0.021542014000037177,
ptbxl_cpsc,resnet1d,44,isotonic,0.0845664639153654,0.08051693655385962,0.08860259825224905,0.008085661698389424,0,0.005,1040,2097,200,411,1,1,0.026447759049665606,
ptbxl_cpsc,resnet1d,44,vector,0.08859961442079603,0.08469669227723278,0.09288978993480064,0.008193097657567858,0,0.005,1060,2117,200,411,1,1,0.03025853339316363,
ptbxl_cpsc,resnet1d,44,matrix,0.09217118632022636,0.0882428037823438,0.096405887607101,0.008163083824757209,0,0.005,1080,2137,200,411,1,1,0.03537708681898525,
ptbxl_cpsc,resnet1d,44,dirichlet,0.09214303341580021,0.08818537458279643,0.09639463982211251,0.008209265239316074,0,0.005,1100,2157,200,411,1,1,0.035337086630266155,
ptbxl_cpsc,resnet1d,44,em_prior,0.019548219454686044,0.010536241821271171,0.029144749205602016,0.018608507384330845,0,0.005,1120,2177,200,411,1,1,-0.0008332594367251311,
ptbxl_cpsc,resnet1d,44,bbse_prior,0.031593382240871215,0.020333110428092754,0.043821155071914863,0.02348804464382211,0,0.005,1140,2197,200,411,1,1,0.00027784858298017523,
ptbxl_cpsc,resnet1d,45,ts,0.001613749275665488,0.001471479942594884,0.001684176331597196,0.00021269638900231198,1,0.005,1000,2057,200,411,1,1,0.0015371601753996211,extremely_narrow_ci;low_decay_variance
ptbxl_cpsc,resnet1d,45,platt,0.0006536594149653685,-0.0038609060960140564,0.005678748899017871,0.009539654995031928,0,0.005,1020,2077,200,411,1,1,-0.004432926625167394,delta_ece_near_zero
ptbxl_cpsc,resnet1d,45,isotonic,-0.002559292114057393,-0.007149356756523132,0.003140242900859178,0.01028959965738231,0,0.005,1040,2097,200,411,1,1,0.0022962772419464553,
ptbxl_cpsc,resnet1d,45,vector,0.004655762848964656,-0.0026578128863768047,0.012972289059223478,0.015630101945600283,0,0.005,1060,2117,200,411,1,1,-0.0017169292580166487,
ptbxl_cpsc,resnet1d,45,matrix,0.012314797927111099,0.0059642174459961445,0.019009967244751694,0.01304574979875555,0,0.005,1080,2137,200,411,1,1,0.009591120000940465,
ptbxl_cpsc,resnet1d,45,dirichlet,0.012320057224663089,0.0059413054632096955,0.01913267155328952,0.013191366090079823,0,0.005,1100,2157,200,411,1,1,0.009595349156483628,
ptbxl_cpsc,resnet1d,45,em_prior,0.01915915659031453,0.00630106753633832,0.033299936083344264,0.026998868547005943,0,0.005,1120,2177,200,411,1,1,-0.022254321275276163,
ptbxl_cpsc,resnet1d,45,bbse_prior,0.04117534916373913,0.025386945491761403,0.05745213770495527,0.032065192213193865,0,0.005,1140,2197,200,411,1,1,0.01384381527628134,
ptbxl_cpsc,resnet1d,46,ts,0.0209261301974365,0.019046926926375145,0.022151289655400346,0.0031043627290252007,1,0.005,1000,2057,200,411,1,1,0.008321759538482194,extremely_narrow_ci
ptbxl_cpsc,resnet1d,46,platt,0.016143077052856863,0.011649423475971381,0.02058049248553044,0.00893106900955906,0,0.005,1020,2077,200,411,1,1,-0.009889596118370744,
ptbxl_cpsc,resnet1d,46,isotonic,0.019534187862578184,0.014830368497939266,0.02428154373115804,0.009451175233218773,0,0.005,1040,2097,200,411,1,1,0.001934774097810621,
ptbxl_cpsc,resnet1d,46,vector,0.000737933513235256,-0.004576073798083792,0.007231926290400936,0.011808000088484727,0,0.005,1060,2117,200,411,1,1,-0.029450779275877623,delta_ece_near_zero
ptbxl_cpsc,resnet1d,46,matrix,0.004255579742850596,-0.0038516115933453264,0.014517723014322383,0.01836933460766771,0,0.005,1080,2137,200,411,1,1,-0.030424029724769305,
ptbxl_cpsc,resnet1d,46,dirichlet,0.0042707734822018395,-0.003987955476913824,0.01440293892601113,0.018390894402924955,0,0.005,1100,2157,200,411,1,1,-0.03082711542957669,
ptbxl_cpsc,resnet1d,46,em_prior,0.037955827312919965,0.023836550431982198,0.05269747051888299,0.02886092008690079,0,0.005,1120,2177,200,411,1,1,-0.0027286904355674074,
ptbxl_cpsc,resnet1d,46,bbse_prior,0.03836511861199457,0.022786051456053835,0.054380993829600266,0.03159494237354643,0,0.005,1140,2197,200,411,1,1,0.007888503028109776,
