direction,source,target,seed,shift,n_archs,archs,safety_rate,safety_count,safety_source_summary,raw_ece_mean,raw_brier_rel_mean,brier_impr_mean,ts_delta_ece_mean
chapman->cpsc,chapman,cpsc,42,fs125,2,resnet1d+inceptiontime,1.0,2,2/2 computed,0.43249014856891604,0.1921193690458668,0.04868475386661949,-0.06648575192929954
chapman->cpsc,chapman,cpsc,42,fs250,2,resnet1d+inceptiontime,1.0,2,2/2 computed,0.4108497179107541,0.17216532210176355,0.04923746723025946,-0.06421628024942119
chapman->cpsc,chapman,cpsc,42,gain0.5,2,resnet1d+inceptiontime,1.0,2,2/2 computed,0.3546621399753558,0.13253671540487694,0.04906242420879857,-0.07935751061504769
chapman->cpsc,chapman,cpsc,42,gain2.0,2,resnet1d+inceptiontime,1.0,2,2/2 computed,0.35481888196875466,0.13083481578067202,0.053379305124833486,-0.07970908761421891
chapman->cpsc,chapman,cpsc,42,leads1,2,resnet1d+inceptiontime,1.0,2,2/2 computed,0.3036732942194741,0.11792955705941782,0.0450120496224142,-0.09870437147322998
chapman->cpsc,chapman,cpsc,42,leads2,2,resnet1d+inceptiontime,1.0,2,2/2 computed,0.3601245119348574,0.1412889094379296,0.06038216729934175,-0.09947685772672459
chapman->cpsc,chapman,cpsc,42,leads3,2,resnet1d+inceptiontime,1.0,2,2/2 computed,0.3731513785866062,0.14772326346993547,0.05011408503681116,-0.08145737998621848
chapman->cpsc,chapman,cpsc,42,leads6,2,resnet1d+inceptiontime,1.0,2,2/2 computed,0.34100705364140893,0.12028970973823899,0.04926716053420871,-0.07905295378473737
chapman->cpsc,chapman,cpsc,42,noise-6,2,resnet1d+inceptiontime,1.0,2,2/2 computed,0.413703460238599,0.18524976140769156,0.07440204321745078,-0.09081011230480335
chapman->cpsc,chapman,cpsc,42,noise0,2,resnet1d+inceptiontime,1.0,2,2/2 computed,0.3289135817764056,0.11249825525998809,0.049933094856907306,-0.08651609999941118
chapman->cpsc,chapman,cpsc,42,noise12,2,resnet1d+inceptiontime,1.0,2,2/2 computed,0.3827416834063056,0.15405417142618516,0.0611392541340612,-0.08511388418934196
chapman->cpsc,chapman,cpsc,42,noise24,2,resnet1d+inceptiontime,1.0,2,2/2 computed,0.3883651417896271,0.15933549654132279,0.0622387330655208,-0.08436428662504256
chapman->cpsc,chapman,cpsc,42,noise6,2,resnet1d+inceptiontime,1.0,2,2/2 computed,0.3620331710560303,0.13522623048497917,0.05674660836240682,-0.08537574909721118
chapman->cpsc,chapman,cpsc,43,fs125,2,resnet1d+inceptiontime,1.0,2,2/2 computed,0.3951162228240037,0.16513033467529903,0.028424116921365622,-0.0422815909238593
chapman->cpsc,chapman,cpsc,43,fs250,2,resnet1d+inceptiontime,1.0,2,2/2 computed,0.3996883542921171,0.16173657535274824,0.027501354400112088,-0.037911541972242696
chapman->cpsc,chapman,cpsc,43,gain0.5,2,resnet1d+inceptiontime,1.0,2,2/2 computed,0.33515829809379694,0.11491636899324584,0.03226271035770334,-0.05281812401896571
chapman->cpsc,chapman,cpsc,43,gain2.0,2,resnet1d+inceptiontime,1.0,2,2/2 computed,0.3228241075741689,0.11060025711180146,0.03125191948496517,-0.05251430499993481
chapman->cpsc,chapman,cpsc,43,leads1,2,resnet1d+inceptiontime,1.0,2,2/2 computed,0.5342135793697618,0.29752918318112426,0.047619421510638596,-0.04312138300095181
chapman->cpsc,chapman,cpsc,43,leads2,2,resnet1d+inceptiontime,1.0,2,2/2 computed,0.3967190769468727,0.1738432736356909,0.03184953508214722,-0.04432028074781556
chapman->cpsc,chapman,cpsc,43,leads3,2,resnet1d+inceptiontime,1.0,2,2/2 computed,0.3049575374165642,0.09660866325392704,0.02434808857483456,-0.04689957192667016
chapman->cpsc,chapman,cpsc,43,leads6,2,resnet1d+inceptiontime,1.0,2,2/2 computed,0.3371556745514639,0.11997510481246249,0.02600284171818657,-0.04722916232095872
chapman->cpsc,chapman,cpsc,43,noise-6,2,resnet1d+inceptiontime,1.0,2,2/2 computed,0.327515592840523,0.11726100913379389,0.036200240675702815,-0.06596270296586579
chapman->cpsc,chapman,cpsc,43,noise0,2,resnet1d+inceptiontime,1.0,2,2/2 computed,0.2768638444929902,0.08992230837258222,0.028343689362095352,-0.053414646648977174
chapman->cpsc,chapman,cpsc,43,noise12,2,resnet1d+inceptiontime,1.0,2,2/2 computed,0.34144954416300577,0.12268653331196286,0.031651426605177425,-0.05000049413359425
chapman->cpsc,chapman,cpsc,43,noise24,2,resnet1d+inceptiontime,1.0,2,2/2 computed,0.3485721571497117,0.12647303998044856,0.03188898169052272,-0.04991919710916248
chapman->cpsc,chapman,cpsc,43,noise6,2,resnet1d+inceptiontime,1.0,2,2/2 computed,0.3311452332192715,0.11502502597474047,0.03138967791494243,-0.050554476685099686
chapman->cpsc,chapman,cpsc,44,fs125,2,resnet1d+inceptiontime,1.0,2,2/2 computed,0.398481161107169,0.16192217066974343,0.050139144875970015,-0.06734034379644646
chapman->cpsc,chapman,cpsc,44,fs250,2,resnet1d+inceptiontime,1.0,2,2/2 computed,0.4112211681584262,0.16992739862212353,0.04071845829209428,-0.05598602525911045
chapman->cpsc,chapman,cpsc,44,gain0.5,2,resnet1d+inceptiontime,1.0,2,2/2 computed,0.3573891384200313,0.13245037464442355,0.04354308300050713,-0.06673752991628476
chapman->cpsc,chapman,cpsc,44,gain2.0,2,resnet1d+inceptiontime,1.0,2,2/2 computed,0.35797967835717104,0.13270405390991308,0.057631209312190256,-0.0840788370805012
chapman->cpsc,chapman,cpsc,44,leads1,2,resnet1d+inceptiontime,1.0,2,2/2 computed,0.37007578480214476,0.14760582674955403,0.04883119023334182,-0.08756652504826558
chapman->cpsc,chapman,cpsc,44,leads2,2,resnet1d+inceptiontime,1.0,2,2/2 computed,0.2297667852374173,0.06562699184439667,0.03072454232316112,-0.0857190351034625
chapman->cpsc,chapman,cpsc,44,leads3,2,resnet1d+inceptiontime,1.0,2,2/2 computed,0.29482513259580173,0.09250942837515022,0.04116009893559468,-0.08891392637299783
chapman->cpsc,chapman,cpsc,44,leads6,2,resnet1d+inceptiontime,1.0,2,2/2 computed,0.3613973231942388,0.13431354909557974,0.05113379545450604,-0.07474171397325752
chapman->cpsc,chapman,cpsc,44,noise-6,2,resnet1d+inceptiontime,1.0,2,2/2 computed,0.2439605636141691,0.06480888784833119,0.03645230547198384,-0.0915793353840899
chapman->cpsc,chapman,cpsc,44,noise0,2,resnet1d+inceptiontime,1.0,2,2/2 computed,0.3430089099344161,0.12684720060273216,0.05909711924934334,-0.08939868984485683
chapman->cpsc,chapman,cpsc,44,noise12,2,resnet1d+inceptiontime,1.0,2,2/2 computed,0.381947645827311,0.153914814189844,0.060943521813863574,-0.08207550412170714
chapman->cpsc,chapman,cpsc,44,noise24,2,resnet1d+inceptiontime,1.0,2,2/2 computed,0.3871224756945517,0.15813551382058344,0.06070230962818702,-0.08032476852254644
chapman->cpsc,chapman,cpsc,44,noise6,2,resnet1d+inceptiontime,1.0,2,2/2 computed,0.3723389963875009,0.14495866253314166,0.059262156870836025,-0.0846778096195209
chapman->cpsc,chapman,cpsc,45,fs125,2,resnet1d+inceptiontime,1.0,2,2/2 computed,0.4067195995915349,0.16962873767210296,0.03990141892622791,-0.057824138569632505
chapman->cpsc,chapman,cpsc,45,fs250,2,resnet1d+inceptiontime,1.0,2,2/2 computed,0.41770240576145057,0.1764226977594287,0.03398649960334078,-0.04370899660697394
chapman->cpsc,chapman,cpsc,45,gain0.5,2,resnet1d+inceptiontime,1.0,2,2/2 computed,0.36121802932490954,0.13261821816052402,0.03976952961007685,-0.060954731035924165
chapman->cpsc,chapman,cpsc,45,gain2.0,2,resnet1d+inceptiontime,1.0,2,2/2 computed,0.33218183032587406,0.11445657742084787,0.04198556995708322,-0.06404915867140004
chapman->cpsc,chapman,cpsc,45,leads1,2,resnet1d+inceptiontime,1.0,2,2/2 computed,0.34215355719589186,0.1370471106586078,0.03633454175479771,-0.05961730837173204
chapman->cpsc,chapman,cpsc,45,leads2,2,resnet1d+inceptiontime,1.0,2,2/2 computed,0.32696245569653526,0.11934116801869503,0.04317276425101822,-0.07072910786689492
chapman->cpsc,chapman,cpsc,45,leads3,2,resnet1d+inceptiontime,1.0,2,2/2 computed,0.34906048353852326,0.12978761793815405,0.04436571870918368,-0.06698885421971817
chapman->cpsc,chapman,cpsc,45,leads6,2,resnet1d+inceptiontime,1.0,2,2/2 computed,0.3616566110543937,0.13780685483394275,0.041632817190157656,-0.05809030897436107
chapman->cpsc,chapman,cpsc,45,noise-6,2,resnet1d+inceptiontime,1.0,2,2/2 computed,0.4088104109339345,0.22577465672321897,0.07974916024116156,-0.08454006868752785
chapman->cpsc,chapman,cpsc,45,noise0,2,resnet1d+inceptiontime,1.0,2,2/2 computed,0.29082507590599754,0.08975528311631681,0.03868165151365468,-0.06680782500397875
chapman->cpsc,chapman,cpsc,45,noise12,2,resnet1d+inceptiontime,1.0,2,2/2 computed,0.36461179616830935,0.14058124281910261,0.04455188156245002,-0.06144323915469077
chapman->cpsc,chapman,cpsc,45,noise24,2,resnet1d+inceptiontime,1.0,2,2/2 computed,0.3804236495404565,0.1536379037924471,0.04662835022381385,-0.06120615828339537
chapman->cpsc,chapman,cpsc,45,noise6,2,resnet1d+inceptiontime,1.0,2,2/2 computed,0.3360324531556526,0.11939627431343355,0.042083751296031556,-0.06314733139226184
chapman->cpsc,chapman,cpsc,46,fs125,2,resnet1d+inceptiontime,1.0,2,2/2 computed,0.4344480993620184,0.1909885219294594,0.03321332312520567,-0.04366299905882484
chapman->cpsc,chapman,cpsc,46,fs250,2,resnet1d+inceptiontime,1.0,2,2/2 computed,0.41849030205870547,0.17774214881836872,0.03141999648081517,-0.042268082259513784
chapman->cpsc,chapman,cpsc,46,gain0.5,2,resnet1d+inceptiontime,1.0,2,2/2 computed,0.35605932898418174,0.13528020072461672,0.04409069368183361,-0.065295292236532
chapman->cpsc,chapman,cpsc,46,gain2.0,2,resnet1d+inceptiontime,1.0,2,2/2 computed,0.34163549355465683,0.12138886938842855,0.04526531175463937,-0.07209998547614796
chapman->cpsc,chapman,cpsc,46,leads1,2,resnet1d+inceptiontime,1.0,2,2/2 computed,0.20777757049021148,0.05956774033029911,0.029134454137128132,-0.08467229250115213
chapman->cpsc,chapman,cpsc,46,leads2,2,resnet1d+inceptiontime,1.0,2,2/2 computed,0.2759479701328079,0.08210030868848806,0.03130898956921603,-0.06165336682413583
chapman->cpsc,chapman,cpsc,46,leads3,2,resnet1d+inceptiontime,1.0,2,2/2 computed,0.246699541644296,0.0666271042844829,0.02988803680651289,-0.07119353180475735
chapman->cpsc,chapman,cpsc,46,leads6,2,resnet1d+inceptiontime,1.0,2,2/2 computed,0.3875636818568714,0.1547994834208652,0.04690356318285115,-0.06365815195490077
chapman->cpsc,chapman,cpsc,46,noise-6,2,resnet1d+inceptiontime,1.0,2,2/2 computed,0.38800280811421495,0.1698136351168617,0.06406916739148016,-0.08474946153378239
chapman->cpsc,chapman,cpsc,46,noise0,2,resnet1d+inceptiontime,1.0,2,2/2 computed,0.3714203513198405,0.1512098407393909,0.05375255517967195,-0.07231204057875995
chapman->cpsc,chapman,cpsc,46,noise12,2,resnet1d+inceptiontime,1.0,2,2/2 computed,0.4122969181637922,0.17797253311624267,0.054178426986452595,-0.06737422357435663
chapman->cpsc,chapman,cpsc,46,noise24,2,resnet1d+inceptiontime,1.0,2,2/2 computed,0.4104721273651766,0.17576239208441632,0.052657316376776786,-0.06679168016964734
chapman->cpsc,chapman,cpsc,46,noise6,2,resnet1d+inceptiontime,1.0,2,2/2 computed,0.4019901858898279,0.1684613116821242,0.05233715121351471,-0.06716742443646528
chapman->ptbxl,chapman,ptbxl,42,fs125,2,resnet1d+inceptiontime,0.5,1,2/2 computed,0.7133598032039312,0.5224121622737881,0.010507848410920118,-0.00881778739657546
chapman->ptbxl,chapman,ptbxl,42,fs250,2,resnet1d+inceptiontime,0.5,1,2/2 computed,0.6946409485683586,0.49868723704594425,0.005321262802137211,-0.004609786012011119
chapman->ptbxl,chapman,ptbxl,42,gain0.5,2,resnet1d+inceptiontime,0.5,1,2/2 computed,0.41292499793491394,0.21947633046856127,0.003414579902767584,-0.008682926108874084
chapman->ptbxl,chapman,ptbxl,42,gain2.0,2,resnet1d+inceptiontime,0.5,1,2/2 computed,0.527689687508201,0.29529022852044096,0.013751531130042488,-0.013862986292050322
chapman->ptbxl,chapman,ptbxl,42,leads1,2,resnet1d+inceptiontime,0.5,1,2/2 computed,0.42989707924578996,0.2456863761452731,0.02059489373007497,-0.014189497671232384
chapman->ptbxl,chapman,ptbxl,42,leads2,2,resnet1d+inceptiontime,0.5,1,2/2 computed,0.36038193885471287,0.16126222371703391,0.011949301335143325,-0.008895457732243525
chapman->ptbxl,chapman,ptbxl,42,leads3,2,resnet1d+inceptiontime,0.5,1,2/2 computed,0.409536572521432,0.19911001160318387,0.012964700054868522,-0.009530573109914009
chapman->ptbxl,chapman,ptbxl,42,leads6,2,resnet1d+inceptiontime,0.5,1,2/2 computed,0.2844704634308106,0.1314679706417417,0.004249554615938657,-0.013145695908868951
chapman->ptbxl,chapman,ptbxl,42,noise-6,2,resnet1d+inceptiontime,0.5,1,2/2 computed,0.2933800061925197,0.10587869542475986,0.0034700251153450858,-0.008514570586300396
chapman->ptbxl,chapman,ptbxl,42,noise0,2,resnet1d+inceptiontime,0.5,1,2/2 computed,0.3824677975700288,0.1968898487779297,0.005422308447154418,-0.012503696304955222
chapman->ptbxl,chapman,ptbxl,42,noise12,2,resnet1d+inceptiontime,0.5,1,2/2 computed,0.2663920525576694,0.11759793278383497,0.0045748833004232645,-0.01403106575360634
chapman->ptbxl,chapman,ptbxl,42,noise24,2,resnet1d+inceptiontime,0.5,1,2/2 computed,0.24948250766012187,0.10929390123454541,0.0050792284155611045,-0.01421099659271928
chapman->ptbxl,chapman,ptbxl,42,noise6,2,resnet1d+inceptiontime,0.5,1,2/2 computed,0.30982726354094264,0.14666636517282966,0.005085099821482544,-0.01360525937563034
chapman->ptbxl,chapman,ptbxl,43,fs125,2,resnet1d+inceptiontime,1.0,2,2/2 computed,0.5619430347948899,0.34705802477965414,0.017990770358505714,-0.015866151179467658
chapman->ptbxl,chapman,ptbxl,43,fs250,2,resnet1d+inceptiontime,1.0,2,2/2 computed,0.5545043409823902,0.3399430782306061,0.014295338956957532,-0.01383436297764784
chapman->ptbxl,chapman,ptbxl,43,gain0.5,2,resnet1d+inceptiontime,1.0,2,2/2 computed,0.38271229141591506,0.20469128513628287,0.008094485693060857,-0.015767346490310252
chapman->ptbxl,chapman,ptbxl,43,gain2.0,2,resnet1d+inceptiontime,1.0,2,2/2 computed,0.3429650314407632,0.1587485898923135,0.012988762209693958,-0.018005850990028188
chapman->ptbxl,chapman,ptbxl,43,leads1,2,resnet1d+inceptiontime,1.0,2,2/2 computed,0.4379060978774483,0.23624037334414966,0.02706872135914904,-0.02355074959974872
chapman->ptbxl,chapman,ptbxl,43,leads2,2,resnet1d+inceptiontime,1.0,2,2/2 computed,0.44394276776604796,0.2589243591299687,0.021120775359233915,-0.019356320574786076
chapman->ptbxl,chapman,ptbxl,43,leads3,2,resnet1d+inceptiontime,1.0,2,2/2 computed,0.4137609855284446,0.20947721038574346,0.018802771967371443,-0.020617487861640527
chapman->ptbxl,chapman,ptbxl,43,leads6,2,resnet1d+inceptiontime,1.0,2,2/2 computed,0.32527957912934446,0.15078288255843666,0.009114839283122053,-0.017992319876114424
chapman->ptbxl,chapman,ptbxl,43,noise-6,2,resnet1d+inceptiontime,1.0,2,2/2 computed,0.275877566734851,0.11197681175086645,0.012178258485338697,-0.018464379918768176
chapman->ptbxl,chapman,ptbxl,43,noise0,2,resnet1d+inceptiontime,1.0,2,2/2 computed,0.25638948885056545,0.09592882580237251,0.009566075391035753,-0.019653992399123035
chapman->ptbxl,chapman,ptbxl,43,noise12,2,resnet1d+inceptiontime,1.0,2,2/2 computed,0.26217645233590725,0.09991189543551428,0.007924660810009192,-0.018923029688181478
chapman->ptbxl,chapman,ptbxl,43,noise24,2,resnet1d+inceptiontime,1.0,2,2/2 computed,0.2613311140213883,0.09967314092226884,0.0075232498921641786,-0.019329804087076546
chapman->ptbxl,chapman,ptbxl,43,noise6,2,resnet1d+inceptiontime,1.0,2,2/2 computed,0.2658047394590431,0.09958634870361374,0.007871441960836244,-0.019534546506860817
chapman->ptbxl,chapman,ptbxl,44,fs125,2,resnet1d+inceptiontime,1.0,2,2/2 computed,0.5582946838530157,0.3533191941594893,0.011320769825671081,-0.012113812217092512
chapman->ptbxl,chapman,ptbxl,44,fs250,2,resnet1d+inceptiontime,1.0,2,2/2 computed,0.5618057949514828,0.34345059027155883,0.010442744757161726,-0.010924351512252295
chapman->ptbxl,chapman,ptbxl,44,gain0.5,2,resnet1d+inceptiontime,1.0,2,2/2 computed,0.40972852898803325,0.2292411484502726,0.009874178423223481,-0.011314014957829271
chapman->ptbxl,chapman,ptbxl,44,gain2.0,2,resnet1d+inceptiontime,1.0,2,2/2 computed,0.4935508901949262,0.2667913228134815,0.013824852341177127,-0.013590537898697241
chapman->ptbxl,chapman,ptbxl,44,leads1,2,resnet1d+inceptiontime,1.0,2,2/2 computed,0.36943015850525,0.18620593043120423,0.013210811489032755,-0.013881522557462972
chapman->ptbxl,chapman,ptbxl,44,leads2,2,resnet1d+inceptiontime,1.0,2,2/2 computed,0.31688546931215633,0.13851119549669721,0.008663313524679209,-0.014258890372591343
chapman->ptbxl,chapman,ptbxl,44,leads3,2,resnet1d+inceptiontime,1.0,2,2/2 computed,0.26701620946282045,0.10635471094378979,0.00918140387225111,-0.014039008133234929
chapman->ptbxl,chapman,ptbxl,44,leads6,2,resnet1d+inceptiontime,1.0,2,2/2 computed,0.28752057245562485,0.12019290151049065,0.006170679917516547,-0.01404966518804475
chapman->ptbxl,chapman,ptbxl,44,noise-6,2,resnet1d+inceptiontime,1.0,2,2/2 computed,0.2997499060374909,0.12054238749289399,0.012102879180185794,-0.018099762642148215
chapman->ptbxl,chapman,ptbxl,44,noise0,2,resnet1d+inceptiontime,1.0,2,2/2 computed,0.25977272648145994,0.0986429271640879,0.010679556159221122,-0.017863832774638974
chapman->ptbxl,chapman,ptbxl,44,noise12,2,resnet1d+inceptiontime,1.0,2,2/2 computed,0.2522114257208921,0.09422640750576929,0.006947409130082224,-0.014953891460418894
chapman->ptbxl,chapman,ptbxl,44,noise24,2,resnet1d+inceptiontime,1.0,2,2/2 computed,0.25472722699313055,0.09451252866097615,0.006649881889455207,-0.015618504666270128
chapman->ptbxl,chapman,ptbxl,44,noise6,2,resnet1d+inceptiontime,1.0,2,2/2 computed,0.2627132493532808,0.09756219391116905,0.006706848655072324,-0.015772822999949518
chapman->ptbxl,chapman,ptbxl,45,fs125,2,resnet1d+inceptiontime,0.5,1,2/2 computed,0.7545190481972092,0.5737620952079348,0.0035955037643717325,-0.002545959550005472
chapman->ptbxl,chapman,ptbxl,45,fs250,2,resnet1d+inceptiontime,0.5,1,2/2 computed,0.6266899617818381,0.4190104505990591,0.00718068906409719,-0.00653464127446185
chapman->ptbxl,chapman,ptbxl,45,gain0.5,2,resnet1d+inceptiontime,0.5,1,2/2 computed,0.6430953621929234,0.4242241209200061,0.011480018436665407,-0.008540325971255924
chapman->ptbxl,chapman,ptbxl,45,gain2.0,2,resnet1d+inceptiontime,0.5,1,2/2 computed,0.2665206210228894,0.09582181824206504,0.0062848873389875146,-0.010094537515932298
chapman->ptbxl,chapman,ptbxl,45,leads1,2,resnet1d+inceptiontime,0.5,1,2/2 computed,0.35463162139027293,0.1304715786680427,0.009512176915102019,-0.011325305775673256
chapman->ptbxl,chapman,ptbxl,45,leads2,2,resnet1d+inceptiontime,0.5,1,2/2 computed,0.23029725620518873,0.06450214424251179,0.0022613358486883294,-0.005681122558435031
chapman->ptbxl,chapman,ptbxl,45,leads3,2,resnet1d+inceptiontime,0.5,1,2/2 computed,0.4383370830718301,0.2217182309569679,0.0086860285534036,-0.00977993755269474
chapman->ptbxl,chapman,ptbxl,45,leads6,2,resnet1d+inceptiontime,0.5,1,2/2 computed,0.383101041601111,0.2045039387816095,0.007589555769111814,-0.008734867104854022
chapman->ptbxl,chapman,ptbxl,45,noise-6,2,resnet1d+inceptiontime,0.5,1,2/2 computed,0.48883060388765354,0.28194323599433424,0.005771038339286473,-0.01080051115345343
chapman->ptbxl,chapman,ptbxl,45,noise0,2,resnet1d+inceptiontime,0.5,1,2/2 computed,0.340894688826662,0.15041908654017783,0.00594680690871173,-0.011773576337384087
chapman->ptbxl,chapman,ptbxl,45,noise12,2,resnet1d+inceptiontime,0.5,1,2/2 computed,0.2584981163647976,0.11700987867040924,0.005797121986935792,-0.010666990465792003
chapman->ptbxl,chapman,ptbxl,45,noise24,2,resnet1d+inceptiontime,0.5,1,2/2 computed,0.25737616257030194,0.11918035957265385,0.005048569630316982,-0.010071138077153902
chapman->ptbxl,chapman,ptbxl,45,noise6,2,resnet1d+inceptiontime,0.5,1,2/2 computed,0.2561988679907083,0.11597635283134974,0.006166646767084137,-0.011336653496411372
chapman->ptbxl,chapman,ptbxl,46,fs125,2,resnet1d+inceptiontime,1.0,2,2/2 computed,0.7536526476051636,0.5654830220558332,0.009288352170031156,-0.00613357505192097
chapman->ptbxl,chapman,ptbxl,46,fs250,2,resnet1d+inceptiontime,1.0,2,2/2 computed,0.7332083679943684,0.5404131023356697,0.007488174416998006,-0.005484578487292835
chapman->ptbxl,chapman,ptbxl,46,gain0.5,2,resnet1d+inceptiontime,1.0,2,2/2 computed,0.47480188936557133,0.2923876304673818,0.009836602065143321,-0.008717195780895276
chapman->ptbxl,chapman,ptbxl,46,gain2.0,2,resnet1d+inceptiontime,1.0,2,2/2 computed,0.3590761177748341,0.13792868217563237,0.010067155152536832,-0.013281585318983824
chapman->ptbxl,chapman,ptbxl,46,leads1,2,resnet1d+inceptiontime,1.0,2,2/2 computed,0.5579581035059676,0.32877972696557384,0.020730673038727457,-0.01876253792216892
chapman->ptbxl,chapman,ptbxl,46,leads2,2,resnet1d+inceptiontime,1.0,2,2/2 computed,0.5016722210084203,0.2941236614650469,0.014796510088338224,-0.015631932664834702
chapman->ptbxl,chapman,ptbxl,46,leads3,2,resnet1d+inceptiontime,1.0,2,2/2 computed,0.5356147652410057,0.3271641499285035,0.015322969914062012,-0.01474781525521024
chapman->ptbxl,chapman,ptbxl,46,leads6,2,resnet1d+inceptiontime,1.0,2,2/2 computed,0.2708699768833017,0.11541535496757921,0.005713912005944823,-0.013116940321176898
chapman->ptbxl,chapman,ptbxl,46,noise-6,2,resnet1d+inceptiontime,1.0,2,2/2 computed,0.48642873945035486,0.24581984058956685,0.015291606350345988,-0.014815698550601775
chapman->ptbxl,chapman,ptbxl,46,noise0,2,resnet1d+inceptiontime,1.0,2,2/2 computed,0.18167473431595585,0.045395842624920774,0.005162621482340438,-0.016025686406372155
chapman->ptbxl,chapman,ptbxl,46,noise12,2,resnet1d+inceptiontime,1.0,2,2/2 computed,0.2424376278615888,0.08441780193054826,0.004344739288690787,-0.016825255002819298
chapman->ptbxl,chapman,ptbxl,46,noise24,2,resnet1d+inceptiontime,1.0,2,2/2 computed,0.24560138907164628,0.08922756432635522,0.006600990748279668,-0.015848232513674537
chapman->ptbxl,chapman,ptbxl,46,noise6,2,resnet1d+inceptiontime,1.0,2,2/2 computed,0.22523255326636782,0.07375083283546584,0.005511985407165375,-0.01687752152615231
cpsc->chapman,cpsc,chapman,42,fs125,2,resnet1d+inceptiontime,0.5,1,2/2 computed,0.12381760768725948,0.017427578451256243,-0.003289889390170121,-0.02095213011675774
cpsc->chapman,cpsc,chapman,42,fs250,2,resnet1d+inceptiontime,0.0,0,2/2 computed,0.11997699775267523,0.01862589050248798,-0.005790229202332311,0.0043375210451937415
cpsc->chapman,cpsc,chapman,42,gain0.5,2,resnet1d+inceptiontime,0.5,1,2/2 computed,0.12639833669351497,0.027929219229614884,-0.00014459704169881606,0.02224572067599359
cpsc->chapman,cpsc,chapman,42,gain2.0,2,resnet1d+inceptiontime,1.0,2,2/2 computed,0.3486830470105082,0.16541874745799223,0.11016446749356959,-0.16944904866549199
cpsc->chapman,cpsc,chapman,42,leads1,2,resnet1d+inceptiontime,0.5,1,2/2 computed,0.09617452179112329,0.015951829134182388,-0.02154124664745639,0.03841089573511594
cpsc->chapman,cpsc,chapman,42,leads2,2,resnet1d+inceptiontime,0.0,0,2/2 computed,0.07354809861184437,0.00932695359660517,-0.03191545139396901,0.12361909967755112
cpsc->chapman,cpsc,chapman,42,leads3,2,resnet1d+inceptiontime,0.5,1,2/2 computed,0.10544166642972597,0.014486195639488799,-0.02028744821789593,0.0665801596782136
cpsc->chapman,cpsc,chapman,42,leads6,2,resnet1d+inceptiontime,0.0,0,2/2 computed,0.08999581978983331,0.013360280089373126,-0.02685144213345368,0.06672441732026
cpsc->chapman,cpsc,chapman,42,noise-6,2,resnet1d+inceptiontime,1.0,2,2/2 computed,0.7599072428573801,0.5979176285907326,0.33757772832033817,-0.2571733533552345
cpsc->chapman,cpsc,chapman,42,noise0,2,resnet1d+inceptiontime,1.0,2,2/2 computed,0.4153400403488211,0.2653302780503528,0.1398413965506096,-0.12665505252279885
cpsc->chapman,cpsc,chapman,42,noise12,2,resnet1d+inceptiontime,0.0,0,2/2 computed,0.10783045052284469,0.015388669784370618,-0.015146057075676221,-2.2073517684288724e-05
cpsc->chapman,cpsc,chapman,42,noise24,2,resnet1d+inceptiontime,0.0,0,2/2 computed,0.08643033561908262,0.011399202707926867,-0.02033381696239503,0.04308871906996962
cpsc->chapman,cpsc,chapman,42,noise6,2,resnet1d+inceptiontime,0.5,1,2/2 computed,0.16834599792573973,0.03790876631096046,0.010654726808388346,-0.0691682882062718
cpsc->chapman,cpsc,chapman,43,fs125,2,resnet1d+inceptiontime,0.5,1,2/2 computed,0.11769189941883516,0.0211126600811188,-0.0003152682068199245,0.004117758813102404
cpsc->chapman,cpsc,chapman,43,fs250,2,resnet1d+inceptiontime,0.5,1,2/2 computed,0.15993115514689635,0.03321106922075076,0.012772198690048517,-0.042966208083930035
cpsc->chapman,cpsc,chapman,43,gain0.5,2,resnet1d+inceptiontime,0.5,1,2/2 computed,0.1527345170264886,0.02655076973304043,0.00742521717579459,-0.02833641219002829
cpsc->chapman,cpsc,chapman,43,gain2.0,2,resnet1d+inceptiontime,1.0,2,2/2 computed,0.23861647536723532,0.09704458919054931,0.07214080572607483,-0.11542610892138265
cpsc->chapman,cpsc,chapman,43,leads1,2,resnet1d+inceptiontime,0.5,1,2/2 computed,0.25638381652376807,0.0827051674536663,0.03013076722451075,-0.043360041965558954
cpsc->chapman,cpsc,chapman,43,leads2,2,resnet1d+inceptiontime,0.5,1,2/2 computed,0.13690145910730325,0.03488345884744059,0.003042551204132455,0.017536064818816255
cpsc->chapman,cpsc,chapman,43,leads3,2,resnet1d+inceptiontime,0.5,1,2/2 computed,0.1745689305665306,0.03364605234340502,0.013601861901617048,-0.08928073657892215
cpsc->chapman,cpsc,chapman,43,leads6,2,resnet1d+inceptiontime,0.5,1,2/2 computed,0.13171491984911038,0.021400725629596072,-0.011647111535270791,0.002893387071871971
cpsc->chapman,cpsc,chapman,43,noise-6,2,resnet1d+inceptiontime,0.5,1,2/2 computed,0.4870562301082747,0.4235602794453877,0.23178837439868236,-0.08750916575377833
cpsc->chapman,cpsc,chapman,43,noise0,2,resnet1d+inceptiontime,1.0,2,2/2 computed,0.41608470873155085,0.28125692826365184,0.16823373455607843,-0.12257707712531299
cpsc->chapman,cpsc,chapman,43,noise12,2,resnet1d+inceptiontime,0.5,1,2/2 computed,0.14991437017450723,0.024182027172608946,0.00540625469391535,-0.05356624275736986
cpsc->chapman,cpsc,chapman,43,noise24,2,resnet1d+inceptiontime,0.5,1,2/2 computed,0.15313678689304897,0.025786143787803577,0.004857675556545052,-0.05625293362021111
cpsc->chapman,cpsc,chapman,43,noise6,2,resnet1d+inceptiontime,1.0,2,2/2 computed,0.15718050946619044,0.026983817304302195,0.016833724559977805,-0.08435436018331048
cpsc->chapman,cpsc,chapman,44,fs125,2,resnet1d+inceptiontime,0.5,1,2/2 computed,0.17792658219378377,0.04311541535847945,0.020988066304836385,-0.0730289957792626
cpsc->chapman,cpsc,chapman,44,fs250,2,resnet1d+inceptiontime,0.5,1,2/2 computed,0.16195574791041564,0.029687354044929726,0.010743105208655474,-0.05264990686122557
cpsc->chapman,cpsc,chapman,44,gain0.5,2,resnet1d+inceptiontime,0.5,1,2/2 computed,0.13953198722892612,0.03322812828882367,-0.0005038687193823967,0.034584470284902316
cpsc->chapman,cpsc,chapman,44,gain2.0,2,resnet1d+inceptiontime,1.0,2,2/2 computed,0.39048683864726114,0.22909509685358456,0.14395745692160267,-0.17035363484140204
cpsc->chapman,cpsc,chapman,44,leads1,2,resnet1d+inceptiontime,0.5,1,2/2 computed,0.23603186826460293,0.090883713215438,0.00841467729527623,0.04395248743414279
cpsc->chapman,cpsc,chapman,44,leads2,2,resnet1d+inceptiontime,0.0,0,2/2 computed,0.08591892776353344,0.017259504214467838,-0.029483667145641292,0.11075449956600938
cpsc->chapman,cpsc,chapman,44,leads3,2,resnet1d+inceptiontime,0.5,1,2/2 computed,0.15068274274004131,0.03435376229849159,-0.005645691079637845,0.01959601595306961
cpsc->chapman,cpsc,chapman,44,leads6,2,resnet1d+inceptiontime,0.0,0,2/2 computed,0.0917176064894458,0.013054767854315693,-0.03217382365454566,0.08796690049870409
cpsc->chapman,cpsc,chapman,44,noise-6,2,resnet1d+inceptiontime,1.0,2,2/2 computed,0.5967095153279671,0.3688992129545658,0.21543042693053482,-0.20736203322891247
cpsc->chapman,cpsc,chapman,44,noise0,2,resnet1d+inceptiontime,1.0,2,2/2 computed,0.17495525266196923,0.03467047630367756,0.031350001062039924,-0.14890883981958186
cpsc->chapman,cpsc,chapman,44,noise12,2,resnet1d+inceptiontime,0.5,1,2/2 computed,0.14464317709900643,0.024543565435357993,0.002879719113498082,-0.03635291313393241
cpsc->chapman,cpsc,chapman,44,noise24,2,resnet1d+inceptiontime,0.5,1,2/2 computed,0.12877735284275998,0.020877044087396626,-0.00311464669876756,-0.0024754617391481368
cpsc->chapman,cpsc,chapman,44,noise6,2,resnet1d+inceptiontime,0.5,1,2/2 computed,0.15480374175582484,0.028444766968569356,0.012368586160634194,-0.06995451303895589
cpsc->chapman,cpsc,chapman,45,fs125,2,resnet1d+inceptiontime,0.5,1,2/2 computed,0.12991171458938156,0.01922661906884369,-0.009572153526558737,0.015594725606927408
cpsc->chapman,cpsc,chapman,45,fs250,2,resnet1d+inceptiontime,1.0,2,2/2 computed,0.15806149500432531,0.028886965272051812,0.007331676592360186,-0.013543338396071247
cpsc->chapman,cpsc,chapman,45,gain0.5,2,resnet1d+inceptiontime,0.5,1,2/2 computed,0.17336059079356458,0.040540550581389334,0.005810575330181575,-0.02604954021436881
cpsc->chapman,cpsc,chapman,45,gain2.0,2,resnet1d+inceptiontime,1.0,2,2/2 computed,0.34647345921274303,0.15154783539601321,0.13292619255372476,-0.247035500036444
cpsc->chapman,cpsc,chapman,45,leads1,2,resnet1d+inceptiontime,1.0,2,2/2 computed,0.2772173711292417,0.09326100482442477,0.06818041359715307,-0.13684740313333868
cpsc->chapman,cpsc,chapman,45,leads2,2,resnet1d+inceptiontime,0.5,1,2/2 computed,0.3299603979437492,0.15399551637839706,0.07168671607981958,-0.055085942736822296
cpsc->chapman,cpsc,chapman,45,leads3,2,resnet1d+inceptiontime,0.5,1,2/2 computed,0.2188880079273999,0.06658843097619427,0.03643949079624054,-0.06315171897705059
cpsc->chapman,cpsc,chapman,45,leads6,2,resnet1d+inceptiontime,0.0,0,2/2 computed,0.14371405343050003,0.024891786858279946,-0.011339730091897383,0.0045692937453199675
cpsc->chapman,cpsc,chapman,45,noise-6,2,resnet1d+inceptiontime,1.0,2,2/2 computed,0.5546250499119235,0.44188505437562026,0.30460594292006227,-0.27420742541114895
cpsc->chapman,cpsc,chapman,45,noise0,2,resnet1d+inceptiontime,0.5,1,2/2 computed,0.34688707712652533,0.19763133225900822,0.13540059565835322,-0.12744796670585917
cpsc->chapman,cpsc,chapman,45,noise12,2,resnet1d+inceptiontime,0.5,1,2/2 computed,0.15222602332870877,0.030795234717267812,-0.0006764511874235435,-0.01969436228710987
cpsc->chapman,cpsc,chapman,45,noise24,2,resnet1d+inceptiontime,0.5,1,2/2 computed,0.13699034279046887,0.025948098030490092,-0.008376342960339206,0.009710348918778526
cpsc->chapman,cpsc,chapman,45,noise6,2,resnet1d+inceptiontime,0.5,1,2/2 computed,0.18401059970596975,0.04251820369312065,0.020172673110871352,-0.08693904920784803
cpsc->chapman,cpsc,chapman,46,fs125,2,resnet1d+inceptiontime,1.0,2,2/2 computed,0.27022015386147136,0.08676047040507555,0.0636064199262804,-0.1560240253928737
cpsc->chapman,cpsc,chapman,46,fs250,2,resnet1d+inceptiontime,1.0,2,2/2 computed,0.21807570288356573,0.05373552986286573,0.03753411196005275,-0.12656256895946336
cpsc->chapman,cpsc,chapman,46,gain0.5,2,resnet1d+inceptiontime,1.0,2,2/2 computed,0.24213188701575017,0.07340698843784223,0.04755624494688498,-0.20148711189299032
cpsc->chapman,cpsc,chapman,46,gain2.0,2,resnet1d+inceptiontime,1.0,2,2/2 computed,0.30232349575221606,0.12443228172760691,0.06692426890869516,-0.10118473514736541
cpsc->chapman,cpsc,chapman,46,leads1,2,resnet1d+inceptiontime,1.0,2,2/2 computed,0.627206939836596,0.39729612228488553,0.24162651335359492,-0.23351693870489185
cpsc->chapman,cpsc,chapman,46,leads2,2,resnet1d+inceptiontime,1.0,2,2/2 computed,0.5482873573229607,0.32046376483647043,0.20332854991776894,-0.21404031496052614
cpsc->chapman,cpsc,chapman,46,leads3,2,resnet1d+inceptiontime,1.0,2,2/2 computed,0.33308835414352145,0.128375283799555,0.09729891459316595,-0.21879366190723915
cpsc->chapman,cpsc,chapman,46,leads6,2,resnet1d+inceptiontime,0.5,1,2/2 computed,0.1636698492408117,0.037051818432254045,0.003923658332302557,-0.08292809754483789
cpsc->chapman,cpsc,chapman,46,noise-6,2,resnet1d+inceptiontime,1.0,2,2/2 computed,0.385401951158596,0.1833256313229741,0.09768455245449804,-0.12770434287541635
cpsc->chapman,cpsc,chapman,46,noise0,2,resnet1d+inceptiontime,0.5,1,2/2 computed,0.32110820659030387,0.14936099713416204,0.07338391866961547,-0.08518675037690474
cpsc->chapman,cpsc,chapman,46,noise12,2,resnet1d+inceptiontime,0.5,1,2/2 computed,0.19024739100009885,0.04631309606585575,0.019192194453627402,-0.09393724185262489
cpsc->chapman,cpsc,chapman,46,noise24,2,resnet1d+inceptiontime,0.5,1,2/2 computed,0.16547644682238616,0.03754370431284685,0.010964124424495944,-0.07689929065079784
cpsc->chapman,cpsc,chapman,46,noise6,2,resnet1d+inceptiontime,0.5,1,2/2 computed,0.2282832871239728,0.06850467116749796,0.038390939965923354,-0.10468482200647537
cpsc->ptbxl,cpsc,ptbxl,42,fs125,2,resnet1d+inceptiontime,1.0,2,2/2 computed,0.5474165304271896,0.3080636558935551,0.22401513221120573,-0.25659554616657876
cpsc->ptbxl,cpsc,ptbxl,42,fs250,2,resnet1d+inceptiontime,1.0,2,2/2 computed,0.5689251583684332,0.3345726254506101,0.2497051979355002,-0.28172050356641853
cpsc->ptbxl,cpsc,ptbxl,42,gain0.5,2,resnet1d+inceptiontime,1.0,2,2/2 computed,0.5767268528870673,0.34222734982161085,0.2554933640819238,-0.28871556502133333
cpsc->ptbxl,cpsc,ptbxl,42,gain2.0,2,resnet1d+inceptiontime,1.0,2,2/2 computed,0.3148574805522926,0.1445399939580361,0.10914511468687906,-0.1761039905468873
cpsc->ptbxl,cpsc,ptbxl,42,leads1,2,resnet1d+inceptiontime,1.0,2,2/2 computed,0.4701523978571216,0.23357448738915343,0.17890528067405448,-0.2398666562052606
cpsc->ptbxl,cpsc,ptbxl,42,leads2,2,resnet1d+inceptiontime,1.0,2,2/2 computed,0.5150284146419172,0.28893940786593897,0.22799820470602591,-0.2740459316825072
cpsc->ptbxl,cpsc,ptbxl,42,leads3,2,resnet1d+inceptiontime,1.0,2,2/2 computed,0.5414757798924302,0.3031213096324882,0.23144522709706966,-0.27956350875240454
cpsc->ptbxl,cpsc,ptbxl,42,leads6,2,resnet1d+inceptiontime,1.0,2,2/2 computed,0.47548940797376216,0.2332205501785068,0.18620246207646293,-0.2577441719053493
cpsc->ptbxl,cpsc,ptbxl,42,noise-6,2,resnet1d+inceptiontime,1.0,2,2/2 computed,0.4188042477574366,0.20136938785299993,0.15539219625698636,-0.21987811085590914
cpsc->ptbxl,cpsc,ptbxl,42,noise0,2,resnet1d+inceptiontime,1.0,2,2/2 computed,0.4040530819468492,0.1830342648642777,0.14239845526012834,-0.2122930012548838
cpsc->ptbxl,cpsc,ptbxl,42,noise12,2,resnet1d+inceptiontime,1.0,2,2/2 computed,0.4345989956169304,0.19720479158360504,0.15871392261135617,-0.2379636724766181
cpsc->ptbxl,cpsc,ptbxl,42,noise24,2,resnet1d+inceptiontime,1.0,2,2/2 computed,0.3906507774101545,0.16726886334951266,0.14132664422060726,-0.23161091927026456
cpsc->ptbxl,cpsc,ptbxl,42,noise6,2,resnet1d+inceptiontime,1.0,2,2/2 computed,0.45918593504004046,0.21630215621290538,0.17081768923478519,-0.24297462682727972
cpsc->ptbxl,cpsc,ptbxl,43,fs125,2,resnet1d+inceptiontime,1.0,2,2/2 computed,0.49756846963564705,0.26526140585406544,0.1932066697523886,-0.23834213667626467
cpsc->ptbxl,cpsc,ptbxl,43,fs250,2,resnet1d+inceptiontime,1.0,2,2/2 computed,0.5138189501036614,0.2745032814340681,0.20373234473597263,-0.2513201134305769
cpsc->ptbxl,cpsc,ptbxl,43,gain0.5,2,resnet1d+inceptiontime,1.0,2,2/2 computed,0.5065027525386059,0.2612291147661044,0.19670374961641668,-0.2519738230957802
cpsc->ptbxl,cpsc,ptbxl,43,gain2.0,2,resnet1d+inceptiontime,1.0,2,2/2 computed,0.4390423430552226,0.2230860127012459,0.162153639971382,-0.21161220520047305
cpsc->ptbxl,cpsc,ptbxl,43,leads1,2,resnet1d+inceptiontime,1.0,2,2/2 computed,0.2973998464866541,0.1032217422233805,0.0714258202576446,-0.13386043503382092
cpsc->ptbxl,cpsc,ptbxl,43,leads2,2,resnet1d+inceptiontime,1.0,2,2/2 computed,0.3696073463039159,0.1451338232026423,0.10769498430226915,-0.17890706285780333
cpsc->ptbxl,cpsc,ptbxl,43,leads3,2,resnet1d+inceptiontime,1.0,2,2/2 computed,0.4528220429694883,0.20952147400914292,0.15823824115683527,-0.22479818625903886
cpsc->ptbxl,cpsc,ptbxl,43,leads6,2,resnet1d+inceptiontime,1.0,2,2/2 computed,0.46301463878528826,0.2138186244624654,0.16009896862529674,-0.23553008673946718
cpsc->ptbxl,cpsc,ptbxl,43,noise-6,2,resnet1d+inceptiontime,1.0,2,2/2 computed,0.4750234205530353,0.26525167694331603,0.20188649065287786,-0.24351319604161764
cpsc->ptbxl,cpsc,ptbxl,43,noise0,2,resnet1d+inceptiontime,1.0,2,2/2 computed,0.4781487972438118,0.26501444085123094,0.19884030861794494,-0.24878606149844606
cpsc->ptbxl,cpsc,ptbxl,43,noise12,2,resnet1d+inceptiontime,1.0,2,2/2 computed,0.4454299660424439,0.20264247549203349,0.15681194121688963,-0.22958047918876612
cpsc->ptbxl,cpsc,ptbxl,43,noise24,2,resnet1d+inceptiontime,1.0,2,2/2 computed,0.43582385799284984,0.19693494860982713,0.15379570287347694,-0.22909730932109418
cpsc->ptbxl,cpsc,ptbxl,43,noise6,2,resnet1d+inceptiontime,1.0,2,2/2 computed,0.4366327270452738,0.19809748536132593,0.1523639644576797,-0.22130970443863457
cpsc->ptbxl,cpsc,ptbxl,44,fs125,2,resnet1d+inceptiontime,1.0,2,2/2 computed,0.4550469864406433,0.2126316805582683,0.16868509240010007,-0.24686317780125192
cpsc->ptbxl,cpsc,ptbxl,44,fs250,2,resnet1d+inceptiontime,1.0,2,2/2 computed,0.5170700264281214,0.2738079821926874,0.22111663036676715,-0.2861728008473101
cpsc->ptbxl,cpsc,ptbxl,44,gain0.5,2,resnet1d+inceptiontime,1.0,2,2/2 computed,0.4266886276035283,0.20688199943029673,0.1727049620654987,-0.2543812321753997
cpsc->ptbxl,cpsc,ptbxl,44,gain2.0,2,resnet1d+inceptiontime,1.0,2,2/2 computed,0.42536283638131683,0.21285931166896382,0.17307225219334338,-0.24573020095969794
cpsc->ptbxl,cpsc,ptbxl,44,leads1,2,resnet1d+inceptiontime,1.0,2,2/2 computed,0.2908816353213335,0.09380890255973486,0.06300064952893147,-0.12599411494327367
cpsc->ptbxl,cpsc,ptbxl,44,leads2,2,resnet1d+inceptiontime,1.0,2,2/2 computed,0.2941582486046225,0.10551257927951946,0.0881056975433584,-0.1673442465748841
cpsc->ptbxl,cpsc,ptbxl,44,leads3,2,resnet1d+inceptiontime,1.0,2,2/2 computed,0.3820236834412628,0.16045178928857112,0.13392621707788924,-0.2228617166124558
cpsc->ptbxl,cpsc,ptbxl,44,leads6,2,resnet1d+inceptiontime,1.0,2,2/2 computed,0.4505689891962217,0.21791776846635774,0.18738176275305962,-0.2778708087938995
cpsc->ptbxl,cpsc,ptbxl,44,noise-6,2,resnet1d+inceptiontime,1.0,2,2/2 computed,0.523061524689338,0.2899490095352488,0.23660684948108762,-0.30264221162725863
cpsc->ptbxl,cpsc,ptbxl,44,noise0,2,resnet1d+inceptiontime,1.0,2,2/2 computed,0.403853346088923,0.1810847476784085,0.15066455000860185,-0.24038749306078172
cpsc->ptbxl,cpsc,ptbxl,44,noise12,2,resnet1d+inceptiontime,1.0,2,2/2 computed,0.46469778525724337,0.22874343566880523,0.19442701667463397,-0.2805819879130471
cpsc->ptbxl,cpsc,ptbxl,44,noise24,2,resnet1d+inceptiontime,1.0,2,2/2 computed,0.4254197079424756,0.19445889393190996,0.17216019359977688,-0.27604946652570345
cpsc->ptbxl,cpsc,ptbxl,44,noise6,2,resnet1d+inceptiontime,1.0,2,2/2 computed,0.46404514516625817,0.228357680909822,0.19265020106216385,-0.2749372868348101
cpsc->ptbxl,cpsc,ptbxl,45,fs125,2,resnet1d+inceptiontime,1.0,2,2/2 computed,0.5021499110820941,0.27334960146824555,0.2079091575660981,-0.25431147984535585
cpsc->ptbxl,cpsc,ptbxl,45,fs250,2,resnet1d+inceptiontime,1.0,2,2/2 computed,0.5620817700124314,0.33273489955107394,0.256974426157088,-0.2915161412409072
cpsc->ptbxl,cpsc,ptbxl,45,gain0.5,2,resnet1d+inceptiontime,1.0,2,2/2 computed,0.42601814306629526,0.18903952678370387,0.15442534365419963,-0.2468037624945627
cpsc->ptbxl,cpsc,ptbxl,45,gain2.0,2,resnet1d+inceptiontime,1.0,2,2/2 computed,0.45251855171508226,0.22953643932163684,0.1882449389466882,-0.255158394136619
cpsc->ptbxl,cpsc,ptbxl,45,leads1,2,resnet1d+inceptiontime,1.0,2,2/2 computed,0.3319000949616467,0.1151009376729748,0.07975866331082992,-0.14710611062621975
cpsc->ptbxl,cpsc,ptbxl,45,leads2,2,resnet1d+inceptiontime,1.0,2,2/2 computed,0.3276839439210718,0.11116400601725077,0.07901737532335883,-0.154696837455913
cpsc->ptbxl,cpsc,ptbxl,45,leads3,2,resnet1d+inceptiontime,1.0,2,2/2 computed,0.3747224947579896,0.14386167321730964,0.11405467617032986,-0.21039319866204997
cpsc->ptbxl,cpsc,ptbxl,45,leads6,2,resnet1d+inceptiontime,1.0,2,2/2 computed,0.38430730760198073,0.15788231122067525,0.14053684841870098,-0.25408278079801294
cpsc->ptbxl,cpsc,ptbxl,45,noise-6,2,resnet1d+inceptiontime,1.0,2,2/2 computed,0.5513701921287959,0.31096523053444286,0.25114372114226446,-0.31017916781868105
cpsc->ptbxl,cpsc,ptbxl,45,noise0,2,resnet1d+inceptiontime,1.0,2,2/2 computed,0.4463887246531256,0.22247700054444142,0.17918852259821758,-0.25503372045633177
cpsc->ptbxl,cpsc,ptbxl,45,noise12,2,resnet1d+inceptiontime,1.0,2,2/2 computed,0.4281165274027734,0.1991939584742874,0.17243603992878137,-0.2670912693404655
cpsc->ptbxl,cpsc,ptbxl,45,noise24,2,resnet1d+inceptiontime,1.0,2,2/2 computed,0.4080408916040519,0.1833532236643016,0.16180044725912918,-0.2656735985927128
cpsc->ptbxl,cpsc,ptbxl,45,noise6,2,resnet1d+inceptiontime,1.0,2,2/2 computed,0.4328906795921157,0.2012839248830149,0.17138621087083739,-0.2584971124865946
cpsc->ptbxl,cpsc,ptbxl,46,fs125,2,resnet1d+inceptiontime,1.0,2,2/2 computed,0.5481016572358431,0.3267518271080551,0.24105830812337095,-0.27268728312364166
cpsc->ptbxl,cpsc,ptbxl,46,fs250,2,resnet1d+inceptiontime,1.0,2,2/2 computed,0.5785728945344717,0.3458640639469893,0.2691069395040473,-0.3045129054432646
cpsc->ptbxl,cpsc,ptbxl,46,gain0.5,2,resnet1d+inceptiontime,1.0,2,2/2 computed,0.5336474180935229,0.30210989774588126,0.23945433059545942,-0.2875237480733168
cpsc->ptbxl,cpsc,ptbxl,46,gain2.0,2,resnet1d+inceptiontime,1.0,2,2/2 computed,0.4184717034057642,0.2121241658090229,0.1777912160673643,-0.25479337132821234
cpsc->ptbxl,cpsc,ptbxl,46,leads1,2,resnet1d+inceptiontime,1.0,2,2/2 computed,0.43340401126241956,0.19976062813472928,0.14459189659919164,-0.2011113379030024
cpsc->ptbxl,cpsc,ptbxl,46,leads2,2,resnet1d+inceptiontime,1.0,2,2/2 computed,0.3716209543577215,0.14306596178471873,0.11282644270581196,-0.19414880775536353
cpsc->ptbxl,cpsc,ptbxl,46,leads3,2,resnet1d+inceptiontime,1.0,2,2/2 computed,0.4701824125754739,0.23731865190481388,0.1980023864931399,-0.2680361713901301
cpsc->ptbxl,cpsc,ptbxl,46,leads6,2,resnet1d+inceptiontime,1.0,2,2/2 computed,0.4011043881131566,0.17739598628650977,0.15474560622363392,-0.26306734059039993
cpsc->ptbxl,cpsc,ptbxl,46,noise-6,2,resnet1d+inceptiontime,1.0,2,2/2 computed,0.5701621885726713,0.333812074751613,0.270527093140969,-0.32809525049902477
cpsc->ptbxl,cpsc,ptbxl,46,noise0,2,resnet1d+inceptiontime,1.0,2,2/2 computed,0.43904472469907746,0.2194625677065982,0.1850045616153851,-0.2639496270913505
cpsc->ptbxl,cpsc,ptbxl,46,noise12,2,resnet1d+inceptiontime,1.0,2,2/2 computed,0.43677628783985734,0.2097802523665127,0.1763946939369781,-0.2633487012894186
cpsc->ptbxl,cpsc,ptbxl,46,noise24,2,resnet1d+inceptiontime,1.0,2,2/2 computed,0.383974599678347,0.17179140607393964,0.15099670445481672,-0.2600287643113766
cpsc->ptbxl,cpsc,ptbxl,46,noise6,2,resnet1d+inceptiontime,1.0,2,2/2 computed,0.46230980352922013,0.22758739663793354,0.18886126764359845,-0.26603371019674393
ptbxl->chapman,ptbxl,chapman,42,fs125,2,resnet1d+inceptiontime,1.0,2,2/2 computed,0.341271910971375,0.13575443182963742,0.015924910952415203,-0.025860154644241545
ptbxl->chapman,ptbxl,chapman,42,fs250,2,resnet1d+inceptiontime,1.0,2,2/2 computed,0.19933279554579894,0.050387979215644765,0.008793868975697988,-0.03005214848703474
ptbxl->chapman,ptbxl,chapman,42,gain0.5,2,resnet1d+inceptiontime,1.0,2,2/2 computed,0.16486364037584633,0.03491398637350161,0.008638688438669263,-0.02910358994237474
ptbxl->chapman,ptbxl,chapman,42,gain2.0,2,resnet1d+inceptiontime,1.0,2,2/2 computed,0.17336107225214206,0.038438833046601416,0.009616059050104023,-0.027368566450964874
ptbxl->chapman,ptbxl,chapman,42,leads1,2,resnet1d+inceptiontime,1.0,2,2/2 computed,0.7342304489547078,0.5807048365833656,0.037341090883395434,-0.024953009969590045
ptbxl->chapman,ptbxl,chapman,42,leads2,2,resnet1d+inceptiontime,1.0,2,2/2 computed,0.6545279467761185,0.5015735620537671,0.030909310228099326,-0.02187292862993981
ptbxl->chapman,ptbxl,chapman,42,leads3,2,resnet1d+inceptiontime,1.0,2,2/2 computed,0.3756290861287506,0.19213319766423526,0.01709792396895061,-0.02458979588061226
ptbxl->chapman,ptbxl,chapman,42,leads6,2,resnet1d+inceptiontime,0.5,1,2/2 computed,0.08925966868170113,0.01595610925393347,3.745856543059707e-05,-0.01843705511151684
ptbxl->chapman,ptbxl,chapman,42,noise-6,2,resnet1d+inceptiontime,1.0,2,2/2 computed,0.22455873147653013,0.06426354062613573,0.011468317403235666,-0.02255334580318029
ptbxl->chapman,ptbxl,chapman,42,noise0,2,resnet1d+inceptiontime,1.0,2,2/2 computed,0.08418131949644538,0.013543094524817422,0.003917874590430784,-0.01717624487685945
ptbxl->chapman,ptbxl,chapman,42,noise12,2,resnet1d+inceptiontime,1.0,2,2/2 computed,0.10988833621857434,0.015797269373566743,0.0035041506747592694,-0.0278169015150875
ptbxl->chapman,ptbxl,chapman,42,noise24,2,resnet1d+inceptiontime,1.0,2,2/2 computed,0.11321648711648706,0.016931103467464494,0.004243406192626715,-0.028161297855128206
ptbxl->chapman,ptbxl,chapman,42,noise6,2,resnet1d+inceptiontime,0.5,1,2/2 computed,0.100667439440036,0.014738173079936101,0.0024516196614955644,-0.024708945678299815
ptbxl->chapman,ptbxl,chapman,43,fs125,2,resnet1d+inceptiontime,1.0,2,2/2 computed,0.40134955056106536,0.2161444110716334,0.021803440039587715,-0.03211667365125448
ptbxl->chapman,ptbxl,chapman,43,fs250,2,resnet1d+inceptiontime,1.0,2,2/2 computed,0.2591660086680161,0.09865337759583948,0.014407040443264393,-0.0348464353326947
ptbxl->chapman,ptbxl,chapman,43,gain0.5,2,resnet1d+inceptiontime,1.0,2,2/2 computed,0.20901055405815083,0.06500030641173708,0.00921256280284508,-0.03538815504036303
ptbxl->chapman,ptbxl,chapman,43,gain2.0,2,resnet1d+inceptiontime,1.0,2,2/2 computed,0.19475614903139338,0.055333639976967275,0.01158168560456034,-0.03439331024015403
ptbxl->chapman,ptbxl,chapman,43,leads1,2,resnet1d+inceptiontime,1.0,2,2/2 computed,0.9008419912474118,0.8131928217987653,0.052423576769175806,-0.029976827206029066
ptbxl->chapman,ptbxl,chapman,43,leads2,2,resnet1d+inceptiontime,1.0,2,2/2 computed,0.5279679363017016,0.3531008678660633,0.02751750263945414,-0.02781323308701228
ptbxl->chapman,ptbxl,chapman,43,leads3,2,resnet1d+inceptiontime,1.0,2,2/2 computed,0.2955170515735023,0.15931837867629045,0.015277689221817228,-0.03250037024338104
ptbxl->chapman,ptbxl,chapman,43,leads6,2,resnet1d+inceptiontime,1.0,2,2/2 computed,0.16512114016074905,0.061900912613763376,0.006420257818640265,-0.029879984295853354
ptbxl->chapman,ptbxl,chapman,43,noise-6,2,resnet1d+inceptiontime,1.0,2,2/2 computed,0.11922660936076454,0.016629157282509507,0.008017287552811052,-0.03221479904186711
ptbxl->chapman,ptbxl,chapman,43,noise0,2,resnet1d+inceptiontime,1.0,2,2/2 computed,0.09393753392601778,0.02071514957534716,0.004741457919487278,-0.026828772007228094
ptbxl->chapman,ptbxl,chapman,43,noise12,2,resnet1d+inceptiontime,0.5,1,2/2 computed,0.1368496284508201,0.03152132305571198,-0.0014632971152258433,-0.034462420131305224
ptbxl->chapman,ptbxl,chapman,43,noise24,2,resnet1d+inceptiontime,0.5,1,2/2 computed,0.14130292537333705,0.03173999679275148,0.000537889929682559,-0.03227997440673645
ptbxl->chapman,ptbxl,chapman,43,noise6,2,resnet1d+inceptiontime,0.5,1,2/2 computed,0.12329536771835431,0.03290050765777916,0.0005448992977327427,-0.02958829477541785
ptbxl->chapman,ptbxl,chapman,44,fs125,2,resnet1d+inceptiontime,1.0,2,2/2 computed,0.5266457686047764,0.36827146162475943,0.019486265918586265,-0.01914755640009652
ptbxl->chapman,ptbxl,chapman,44,fs250,2,resnet1d+inceptiontime,1.0,2,2/2 computed,0.32240830358963496,0.1602898584610416,0.012019637736186958,-0.02138342969874775
ptbxl->chapman,ptbxl,chapman,44,gain0.5,2,resnet1d+inceptiontime,1.0,2,2/2 computed,0.08242964730805699,0.011525189993040013,0.0023233923196371185,-0.02046709455989486
ptbxl->chapman,ptbxl,chapman,44,gain2.0,2,resnet1d+inceptiontime,1.0,2,2/2 computed,0.2850907595101474,0.10556432932370932,0.009317124419405916,-0.020993519347723352
ptbxl->chapman,ptbxl,chapman,44,leads1,2,resnet1d+inceptiontime,1.0,2,2/2 computed,0.2724030875435346,0.15711358836014422,0.014597384702675159,-0.019113247997252066
ptbxl->chapman,ptbxl,chapman,44,leads2,2,resnet1d+inceptiontime,1.0,2,2/2 computed,0.11368773950807454,0.04311806476523267,0.0068051551614379795,-0.018838063843047224
ptbxl->chapman,ptbxl,chapman,44,leads3,2,resnet1d+inceptiontime,1.0,2,2/2 computed,0.17391082760629767,0.0520355309353822,0.006122040947518066,-0.01914827774304259
ptbxl->chapman,ptbxl,chapman,44,leads6,2,resnet1d+inceptiontime,0.5,1,2/2 computed,0.1388621944896751,0.042334297357377586,0.0004462444511347304,-0.019838963322217747
ptbxl->chapman,ptbxl,chapman,44,noise-6,2,resnet1d+inceptiontime,1.0,2,2/2 computed,0.45728488553591096,0.24332323504872755,0.01639371446898076,-0.016023901493107978
ptbxl->chapman,ptbxl,chapman,44,noise0,2,resnet1d+inceptiontime,1.0,2,2/2 computed,0.15274889700981092,0.044232127127498105,0.004822767765331427,-0.021070003492375325
ptbxl->chapman,ptbxl,chapman,44,noise12,2,resnet1d+inceptiontime,1.0,2,2/2 computed,0.15105111976044228,0.031401853664707845,0.0032859226729392618,-0.023354571266998768
ptbxl->chapman,ptbxl,chapman,44,noise24,2,resnet1d+inceptiontime,1.0,2,2/2 computed,0.15507892850542412,0.03276473634140063,0.0040904548164814175,-0.022729161362516542
ptbxl->chapman,ptbxl,chapman,44,noise6,2,resnet1d+inceptiontime,1.0,2,2/2 computed,0.13887640411826535,0.02944992422714759,0.0021121414086648915,-0.022383042094251085
ptbxl->chapman,ptbxl,chapman,45,fs125,2,resnet1d+inceptiontime,1.0,2,2/2 computed,0.46750624148560477,0.2603870991126346,0.018279218040212486,-0.021494516167235023
ptbxl->chapman,ptbxl,chapman,45,fs250,2,resnet1d+inceptiontime,1.0,2,2/2 computed,0.22995753868916585,0.0760317042631155,0.009968150058845042,-0.02268337083937101
ptbxl->chapman,ptbxl,chapman,45,gain0.5,2,resnet1d+inceptiontime,1.0,2,2/2 computed,0.2199433687652595,0.06779382252380478,0.008124717770503978,-0.025270798225129537
ptbxl->chapman,ptbxl,chapman,45,gain2.0,2,resnet1d+inceptiontime,1.0,2,2/2 computed,0.1868467835265628,0.0498733539879945,0.007122306171151269,-0.0247973632791387
ptbxl->chapman,ptbxl,chapman,45,leads1,2,resnet1d+inceptiontime,1.0,2,2/2 computed,0.6423135353317257,0.44605628781461065,0.033585516379585206,-0.024042551078827773
ptbxl->chapman,ptbxl,chapman,45,leads2,2,resnet1d+inceptiontime,1.0,2,2/2 computed,0.5199342332364014,0.3565247150298658,0.026959034591935518,-0.025776734791693318
ptbxl->chapman,ptbxl,chapman,45,leads3,2,resnet1d+inceptiontime,1.0,2,2/2 computed,0.3039588178863563,0.1431722101900334,0.01505180098349387,-0.0231144729922671
ptbxl->chapman,ptbxl,chapman,45,leads6,2,resnet1d+inceptiontime,1.0,2,2/2 computed,0.12246395604577584,0.03152736933471757,0.0017123625637185686,-0.02153842227736904
ptbxl->chapman,ptbxl,chapman,45,noise-6,2,resnet1d+inceptiontime,1.0,2,2/2 computed,0.519186077416208,0.29721150590418854,0.02500821778529222,-0.021973023949180104
ptbxl->chapman,ptbxl,chapman,45,noise0,2,resnet1d+inceptiontime,0.5,1,2/2 computed,0.08632393879981154,0.021206642170451998,0.000599324968424882,-0.014253641274313692
ptbxl->chapman,ptbxl,chapman,45,noise12,2,resnet1d+inceptiontime,1.0,2,2/2 computed,0.12665930996592062,0.025299455546635926,0.003535814479515559,-0.024794947891886257
ptbxl->chapman,ptbxl,chapman,45,noise24,2,resnet1d+inceptiontime,1.0,2,2/2 computed,0.13493876141156103,0.027861772389665997,0.0035694512536880094,-0.024683986555326484
ptbxl->chapman,ptbxl,chapman,45,noise6,2,resnet1d+inceptiontime,1.0,2,2/2 computed,0.11241678442633474,0.020455991251772027,0.002169917964517685,-0.02465201285425932
ptbxl->chapman,ptbxl,chapman,46,fs125,2,resnet1d+inceptiontime,0.5,1,2/2 computed,0.540647658085313,0.37746616050338455,0.01703002836853587,-0.018152927548124947
ptbxl->chapman,ptbxl,chapman,46,fs250,2,resnet1d+inceptiontime,0.5,1,2/2 computed,0.24625221877306813,0.11427268534368037,0.007179560821591054,-0.018501039239682507
ptbxl->chapman,ptbxl,chapman,46,gain0.5,2,resnet1d+inceptiontime,0.0,0,2/2 computed,0.24022938276753292,0.13017531332025178,-0.002651864088240471,0.0019565341584939916
ptbxl->chapman,ptbxl,chapman,46,gain2.0,2,resnet1d+inceptiontime,0.5,1,2/2 computed,0.2131025576902005,0.05259815744268255,0.004246884579716005,-0.015887537938016096
ptbxl->chapman,ptbxl,chapman,46,leads1,2,resnet1d+inceptiontime,0.5,1,2/2 computed,0.906998317392126,0.8291825240397661,0.006715051690715512,-0.0031739039035592054
ptbxl->chapman,ptbxl,chapman,46,leads2,2,resnet1d+inceptiontime,0.5,1,2/2 computed,0.6792876066360664,0.5051548500066625,0.01473751924384109,-0.01273938462751495
ptbxl->chapman,ptbxl,chapman,46,leads3,2,resnet1d+inceptiontime,0.5,1,2/2 computed,0.423319174925494,0.2593884650252,0.005449072607393829,-0.020097377789748835
ptbxl->chapman,ptbxl,chapman,46,leads6,2,resnet1d+inceptiontime,0.5,1,2/2 computed,0.1368876709963005,0.056912713317171154,0.0011635986577934292,-0.0038027360722331024
ptbxl->chapman,ptbxl,chapman,46,noise-6,2,resnet1d+inceptiontime,0.5,1,2/2 computed,0.4003137636997097,0.17953187840616358,0.011153674050303486,-0.013491898822397819
ptbxl->chapman,ptbxl,chapman,46,noise0,2,resnet1d+inceptiontime,0.5,1,2/2 computed,0.20137821699735992,0.05427287664365499,0.0009290821906264794,-0.015512967371226725
ptbxl->chapman,ptbxl,chapman,46,noise12,2,resnet1d+inceptiontime,0.5,1,2/2 computed,0.14235373110417543,0.04638933751470724,0.0027332703640866977,-0.011825322482951227
ptbxl->chapman,ptbxl,chapman,46,noise24,2,resnet1d+inceptiontime,0.5,1,2/2 computed,0.14518233780135642,0.04795437193220411,0.0022806331510634974,-0.012619614711015296
ptbxl->chapman,ptbxl,chapman,46,noise6,2,resnet1d+inceptiontime,0.5,1,2/2 computed,0.13938749700972758,0.038363164180993156,0.001694955458685558,-0.014816134847222794
ptbxl->cpsc,ptbxl,cpsc,42,fs125,2,resnet1d+inceptiontime,1.0,2,2/2 computed,0.5696494313487027,0.33939562360953957,0.25250260257788176,-0.28101633902998074
ptbxl->cpsc,ptbxl,cpsc,42,fs250,2,resnet1d+inceptiontime,1.0,2,2/2 computed,0.3532228720629558,0.1795926590545541,0.14167027510545332,-0.24134053125282903
ptbxl->cpsc,ptbxl,cpsc,42,gain0.5,2,resnet1d+inceptiontime,1.0,2,2/2 computed,0.27707343796345674,0.09144417887723699,0.08041064862374141,-0.23151627373932854
ptbxl->cpsc,ptbxl,cpsc,42,gain2.0,2,resnet1d+inceptiontime,1.0,2,2/2 computed,0.3677999880439991,0.19198888467873765,0.15661905904073387,-0.2394095631709372
ptbxl->cpsc,ptbxl,cpsc,42,leads1,2,resnet1d+inceptiontime,0.5,1,2/2 computed,0.2757500732530808,0.1404617956915767,0.10385483100887018,-0.09942757363952981
ptbxl->cpsc,ptbxl,cpsc,42,leads2,2,resnet1d+inceptiontime,1.0,2,2/2 computed,0.18350642369687523,0.05352180968363159,0.04254771285762372,-0.13936334246391682
ptbxl->cpsc,ptbxl,cpsc,42,leads3,2,resnet1d+inceptiontime,1.0,2,2/2 computed,0.26508513563914327,0.09413109623361313,0.08668048417560624,-0.22150457880439128
ptbxl->cpsc,ptbxl,cpsc,42,leads6,2,resnet1d+inceptiontime,1.0,2,2/2 computed,0.34414550028857005,0.1570257990429677,0.1339603125780254,-0.24067588910695395
ptbxl->cpsc,ptbxl,cpsc,42,noise-6,2,resnet1d+inceptiontime,1.0,2,2/2 computed,0.4194651997252281,0.20877828185616795,0.16966726607280785,-0.24218107662514596
ptbxl->cpsc,ptbxl,cpsc,42,noise0,2,resnet1d+inceptiontime,1.0,2,2/2 computed,0.2681586099892931,0.10486171286164489,0.09577229322888592,-0.2105054638764488
ptbxl->cpsc,ptbxl,cpsc,42,noise12,2,resnet1d+inceptiontime,1.0,2,2/2 computed,0.3681741451170819,0.17000006905836484,0.14823013850230188,-0.2671271070275216
ptbxl->cpsc,ptbxl,cpsc,42,noise24,2,resnet1d+inceptiontime,1.0,2,2/2 computed,0.3875295911136929,0.18326343571474007,0.1582450590164412,-0.27456572503477217
ptbxl->cpsc,ptbxl,cpsc,42,noise6,2,resnet1d+inceptiontime,1.0,2,2/2 computed,0.3318297163908754,0.1400835433669534,0.12648122743058418,-0.25067114929345136
ptbxl->cpsc,ptbxl,cpsc,43,fs125,2,resnet1d+inceptiontime,1.0,2,2/2 computed,0.36036508240703224,0.18045439877610886,0.12792352068794588,-0.18459622176205415
ptbxl->cpsc,ptbxl,cpsc,43,fs250,2,resnet1d+inceptiontime,1.0,2,2/2 computed,0.24600980953113039,0.11983728970214248,0.07724085298586951,-0.1461071542578323
ptbxl->cpsc,ptbxl,cpsc,43,gain0.5,2,resnet1d+inceptiontime,1.0,2,2/2 computed,0.2578401780876723,0.0817582535157064,0.0687998729646371,-0.20998500311248086
ptbxl->cpsc,ptbxl,cpsc,43,gain2.0,2,resnet1d+inceptiontime,1.0,2,2/2 computed,0.40784276508911455,0.23283951773663075,0.16931061015328572,-0.21920725211252678
ptbxl->cpsc,ptbxl,cpsc,43,leads1,2,resnet1d+inceptiontime,0.5,1,2/2 computed,0.3318957827504593,0.21263363649685882,0.13308925730311685,-0.0853290903791575
ptbxl->cpsc,ptbxl,cpsc,43,leads2,2,resnet1d+inceptiontime,1.0,2,2/2 computed,0.23951593686929373,0.08653577297571091,0.0652467052445929,-0.12492207895668518
ptbxl->cpsc,ptbxl,cpsc,43,leads3,2,resnet1d+inceptiontime,1.0,2,2/2 computed,0.20508011293527506,0.056644076362481116,0.04534260677221419,-0.13769159771462883
ptbxl->cpsc,ptbxl,cpsc,43,leads6,2,resnet1d+inceptiontime,1.0,2,2/2 computed,0.33904057481114924,0.14701017029183966,0.12366900298787811,-0.25390201070602103
ptbxl->cpsc,ptbxl,cpsc,43,noise-6,2,resnet1d+inceptiontime,1.0,2,2/2 computed,0.4648471830622769,0.2677304011029008,0.19685637565868092,-0.23633903112347754
ptbxl->cpsc,ptbxl,cpsc,43,noise0,2,resnet1d+inceptiontime,1.0,2,2/2 computed,0.2761243398173163,0.11686408230957866,0.09460541234779604,-0.1911375344231255
ptbxl->cpsc,ptbxl,cpsc,43,noise12,2,resnet1d+inceptiontime,1.0,2,2/2 computed,0.35085049723865686,0.15873415146509462,0.1318941670518434,-0.2543309123507835
ptbxl->cpsc,ptbxl,cpsc,43,noise24,2,resnet1d+inceptiontime,1.0,2,2/2 computed,0.36462285904385405,0.16765269991945336,0.13819853239213298,-0.26112594743182094
ptbxl->cpsc,ptbxl,cpsc,43,noise6,2,resnet1d+inceptiontime,1.0,2,2/2 computed,0.3265509728304644,0.14500635751268665,0.12465979318613207,-0.2402966512681387
ptbxl->cpsc,ptbxl,cpsc,44,fs125,2,resnet1d+inceptiontime,1.0,2,2/2 computed,0.44917233837858755,0.23607163017745303,0.19045536892165466,-0.2911626313927344
ptbxl->cpsc,ptbxl,cpsc,44,fs250,2,resnet1d+inceptiontime,1.0,2,2/2 computed,0.2946472971360777,0.09975551923677464,0.09170081261702541,-0.24525195473361994
ptbxl->cpsc,ptbxl,cpsc,44,gain0.5,2,resnet1d+inceptiontime,1.0,2,2/2 computed,0.3342045154307066,0.12465575257472337,0.10185668632021622,-0.28223691390905364
ptbxl->cpsc,ptbxl,cpsc,44,gain2.0,2,resnet1d+inceptiontime,1.0,2,2/2 computed,0.34005510947087436,0.1512516430798952,0.13064190618771385,-0.2530244031046596
ptbxl->cpsc,ptbxl,cpsc,44,leads1,2,resnet1d+inceptiontime,1.0,2,2/2 computed,0.5190259316837076,0.3061740294408016,0.2420453508467211,-0.2885050859607125
ptbxl->cpsc,ptbxl,cpsc,44,leads2,2,resnet1d+inceptiontime,1.0,2,2/2 computed,0.39932194537457366,0.20731080684737846,0.17532355505007746,-0.2648790220984214
ptbxl->cpsc,ptbxl,cpsc,44,leads3,2,resnet1d+inceptiontime,1.0,2,2/2 computed,0.3386732263571368,0.1327093710002577,0.11070569282980638,-0.2837158160944723
ptbxl->cpsc,ptbxl,cpsc,44,leads6,2,resnet1d+inceptiontime,1.0,2,2/2 computed,0.34944034032076743,0.1634317406284537,0.1426291329816849,-0.2826385918744176
ptbxl->cpsc,ptbxl,cpsc,44,noise-6,2,resnet1d+inceptiontime,1.0,2,2/2 computed,0.2928702423063963,0.10121503922716721,0.09015719209475234,-0.19951245214377003
ptbxl->cpsc,ptbxl,cpsc,44,noise0,2,resnet1d+inceptiontime,1.0,2,2/2 computed,0.267996581150175,0.09391648162603958,0.08547964571923616,-0.20963373288978399
ptbxl->cpsc,ptbxl,cpsc,44,noise12,2,resnet1d+inceptiontime,1.0,2,2/2 computed,0.38963681129474514,0.1761132311354757,0.1592908738807515,-0.32890801714174284
ptbxl->cpsc,ptbxl,cpsc,44,noise24,2,resnet1d+inceptiontime,1.0,2,2/2 computed,0.4079455540519964,0.193218109526824,0.1727985047629259,-0.3373413332063986
ptbxl->cpsc,ptbxl,cpsc,44,noise6,2,resnet1d+inceptiontime,1.0,2,2/2 computed,0.3385274511986721,0.1376791985811791,0.12513266627802178,-0.2851152172800967
ptbxl->cpsc,ptbxl,cpsc,45,fs125,2,resnet1d+inceptiontime,1.0,2,2/2 computed,0.4372435455930288,0.23026769931222402,0.19006328331612904,-0.2925720956513728
ptbxl->cpsc,ptbxl,cpsc,45,fs250,2,resnet1d+inceptiontime,1.0,2,2/2 computed,0.29935936052232026,0.13888223359398238,0.11083702497992537,-0.2074058545286532
ptbxl->cpsc,ptbxl,cpsc,45,gain0.5,2,resnet1d+inceptiontime,1.0,2,2/2 computed,0.24197631738319147,0.07700575763795135,0.05321401332000599,-0.14461151365703412
ptbxl->cpsc,ptbxl,cpsc,45,gain2.0,2,resnet1d+inceptiontime,1.0,2,2/2 computed,0.30698841375112407,0.1418073129512828,0.11465046866286566,-0.221238699835149
ptbxl->cpsc,ptbxl,cpsc,45,leads1,2,resnet1d+inceptiontime,1.0,2,2/2 computed,0.4523345455103138,0.20928106364058927,0.17082811138776086,-0.264432067195157
ptbxl->cpsc,ptbxl,cpsc,45,leads2,2,resnet1d+inceptiontime,1.0,2,2/2 computed,0.4761487329443953,0.25909280151439323,0.20915225537282295,-0.28402050869822015
ptbxl->cpsc,ptbxl,cpsc,45,leads3,2,resnet1d+inceptiontime,1.0,2,2/2 computed,0.24486427280961331,0.07689439276325814,0.061755762259075475,-0.16788093129674836
ptbxl->cpsc,ptbxl,cpsc,45,leads6,2,resnet1d+inceptiontime,1.0,2,2/2 computed,0.2831068466073714,0.1289345072122181,0.1004393207353298,-0.20330575883321927
ptbxl->cpsc,ptbxl,cpsc,45,noise-6,2,resnet1d+inceptiontime,1.0,2,2/2 computed,0.3395096875544866,0.14757131370091445,0.13437069579650007,-0.23791876189531774
ptbxl->cpsc,ptbxl,cpsc,45,noise0,2,resnet1d+inceptiontime,1.0,2,2/2 computed,0.2107171750779587,0.07178994969734637,0.05613906391600893,-0.1236948878796664
ptbxl->cpsc,ptbxl,cpsc,45,noise12,2,resnet1d+inceptiontime,1.0,2,2/2 computed,0.3037089892275938,0.12950093456814488,0.10150301967947495,-0.22769997398664701
ptbxl->cpsc,ptbxl,cpsc,45,noise24,2,resnet1d+inceptiontime,1.0,2,2/2 computed,0.3140724585194453,0.13631013993845853,0.10816376002805421,-0.23719908964737887
ptbxl->cpsc,ptbxl,cpsc,45,noise6,2,resnet1d+inceptiontime,1.0,2,2/2 computed,0.27888515807195047,0.11154753048302789,0.0872855911294797,-0.20280018826176843
ptbxl->cpsc,ptbxl,cpsc,46,fs125,2,resnet1d+inceptiontime,1.0,2,2/2 computed,0.2440125870014525,0.086094355189829,0.06047416087477987,-0.16312404584550236
ptbxl->cpsc,ptbxl,cpsc,46,fs250,2,resnet1d+inceptiontime,1.0,2,2/2 computed,0.2372021395958677,0.07165044013567827,0.05784660569687064,-0.19876060744093182
ptbxl->cpsc,ptbxl,cpsc,46,gain0.5,2,resnet1d+inceptiontime,1.0,2,2/2 computed,0.21965604432894137,0.06267977069236563,0.050070063021760834,-0.16568624171344776
ptbxl->cpsc,ptbxl,cpsc,46,gain2.0,2,resnet1d+inceptiontime,1.0,2,2/2 computed,0.373764681198219,0.16988872596266744,0.1238192955026815,-0.19713767033967677
ptbxl->cpsc,ptbxl,cpsc,46,leads1,2,resnet1d+inceptiontime,1.0,2,2/2 computed,0.5337579494818478,0.28819372452622327,0.18286354729444998,-0.20948696539717424
ptbxl->cpsc,ptbxl,cpsc,46,leads2,2,resnet1d+inceptiontime,1.0,2,2/2 computed,0.4798433926908382,0.243031101153141,0.1592167653264496,-0.20627489920046538
ptbxl->cpsc,ptbxl,cpsc,46,leads3,2,resnet1d+inceptiontime,1.0,2,2/2 computed,0.25008712612816025,0.08835071348228998,0.06764615768567828,-0.1527304354369312
ptbxl->cpsc,ptbxl,cpsc,46,leads6,2,resnet1d+inceptiontime,1.0,2,2/2 computed,0.3142206484755521,0.11265757674066762,0.09265536047755815,-0.20387903935523832
ptbxl->cpsc,ptbxl,cpsc,46,noise-6,2,resnet1d+inceptiontime,1.0,2,2/2 computed,0.33855708428755804,0.15173827494939748,0.10264162547117812,-0.16075267401378762
ptbxl->cpsc,ptbxl,cpsc,46,noise0,2,resnet1d+inceptiontime,1.0,2,2/2 computed,0.3673698413901286,0.1751769453676578,0.12046845362824357,-0.18326874685485292
ptbxl->cpsc,ptbxl,cpsc,46,noise12,2,resnet1d+inceptiontime,1.0,2,2/2 computed,0.3484397786886007,0.13789909614570978,0.1118154359286195,-0.2084278973127156
ptbxl->cpsc,ptbxl,cpsc,46,noise24,2,resnet1d+inceptiontime,1.0,2,2/2 computed,0.35614806943850275,0.1437799811990166,0.1157402032896186,-0.2102823161511531
ptbxl->cpsc,ptbxl,cpsc,46,noise6,2,resnet1d+inceptiontime,1.0,2,2/2 computed,0.33260374546731075,0.13056266364749408,0.10707487505651431,-0.20093106435464225
