T,dist,kind,n_cells,dECE_noise,dECE_primary
0.7000,empirical:chapman_cpsc_inceptiontime_seed42,empirical,60,0.027187,-0.027187
0.8000,empirical:chapman_cpsc_inceptiontime_seed42,empirical,60,0.013309,-0.013309
0.9000,empirical:chapman_cpsc_inceptiontime_seed42,empirical,60,0.003285,-0.003285
1.0000,empirical:chapman_cpsc_inceptiontime_seed42,empirical,60,-0.000000,0.000000
1.1000,empirical:chapman_cpsc_inceptiontime_seed42,empirical,60,0.002281,-0.002281
1.2500,empirical:chapman_cpsc_inceptiontime_seed42,empirical,60,0.014499,-0.014499
1.4000,empirical:chapman_cpsc_inceptiontime_seed42,empirical,60,0.030835,-0.030835
1.5000,empirical:chapman_cpsc_inceptiontime_seed42,empirical,60,0.040956,-0.040956
2.0000,empirical:chapman_cpsc_inceptiontime_seed42,empirical,60,0.083516,-0.083516
3.0000,empirical:chapman_cpsc_inceptiontime_seed42,empirical,60,0.140380,-0.140380
4.5000,empirical:chapman_cpsc_inceptiontime_seed42,empirical,60,0.187411,-0.187411
0.7000,empirical:chapman_cpsc_inceptiontime_seed43,empirical,60,0.030576,-0.030576
0.8000,empirical:chapman_cpsc_inceptiontime_seed43,empirical,60,0.018318,-0.018318
0.9000,empirical:chapman_cpsc_inceptiontime_seed43,empirical,60,0.007179,-0.007179
1.0000,empirical:chapman_cpsc_inceptiontime_seed43,empirical,60,0.000000,-0.000000
1.1000,empirical:chapman_cpsc_inceptiontime_seed43,empirical,60,0.002537,-0.002537
1.2500,empirical:chapman_cpsc_inceptiontime_seed43,empirical,60,0.018303,-0.018303
1.4000,empirical:chapman_cpsc_inceptiontime_seed43,empirical,60,0.034900,-0.034900
1.5000,empirical:chapman_cpsc_inceptiontime_seed43,empirical,60,0.045360,-0.045360
2.0000,empirical:chapman_cpsc_inceptiontime_seed43,empirical,60,0.090429,-0.090429
3.0000,empirical:chapman_cpsc_inceptiontime_seed43,empirical,60,0.150743,-0.150743
4.5000,empirical:chapman_cpsc_inceptiontime_seed43,empirical,60,0.197614,-0.197614
0.7000,empirical:chapman_cpsc_inceptiontime_seed44,empirical,60,0.034394,-0.034394
0.8000,empirical:chapman_cpsc_inceptiontime_seed44,empirical,60,0.020732,-0.020732
0.9000,empirical:chapman_cpsc_inceptiontime_seed44,empirical,60,0.008086,-0.008086
1.0000,empirical:chapman_cpsc_inceptiontime_seed44,empirical,60,-0.000000,0.000000
1.1000,empirical:chapman_cpsc_inceptiontime_seed44,empirical,60,0.004592,-0.004592
1.2500,empirical:chapman_cpsc_inceptiontime_seed44,empirical,60,0.021499,-0.021499
1.4000,empirical:chapman_cpsc_inceptiontime_seed44,empirical,60,0.038514,-0.038514
1.5000,empirical:chapman_cpsc_inceptiontime_seed44,empirical,60,0.049103,-0.049103
2.0000,empirical:chapman_cpsc_inceptiontime_seed44,empirical,60,0.093935,-0.093935
3.0000,empirical:chapman_cpsc_inceptiontime_seed44,empirical,60,0.153121,-0.153121
4.5000,empirical:chapman_cpsc_inceptiontime_seed44,empirical,60,0.201017,-0.201017
0.7000,empirical:chapman_cpsc_inceptiontime_seed45,empirical,60,0.032134,-0.032134
0.8000,empirical:chapman_cpsc_inceptiontime_seed45,empirical,60,0.018992,-0.018992
0.9000,empirical:chapman_cpsc_inceptiontime_seed45,empirical,60,0.007417,-0.007417
1.0000,empirical:chapman_cpsc_inceptiontime_seed45,empirical,60,0.000000,-0.000000
1.1000,empirical:chapman_cpsc_inceptiontime_seed45,empirical,60,0.000537,-0.000537
1.2500,empirical:chapman_cpsc_inceptiontime_seed45,empirical,60,0.011811,-0.011811
1.4000,empirical:chapman_cpsc_inceptiontime_seed45,empirical,60,0.027001,-0.027001
1.5000,empirical:chapman_cpsc_inceptiontime_seed45,empirical,60,0.036414,-0.036414
2.0000,empirical:chapman_cpsc_inceptiontime_seed45,empirical,60,0.075668,-0.075668
3.0000,empirical:chapman_cpsc_inceptiontime_seed45,empirical,60,0.126088,-0.126088
4.5000,empirical:chapman_cpsc_inceptiontime_seed45,empirical,60,0.165883,-0.165883
0.7000,empirical:chapman_cpsc_inceptiontime_seed46,empirical,60,0.033709,-0.033709
0.8000,empirical:chapman_cpsc_inceptiontime_seed46,empirical,60,0.020323,-0.020323
0.9000,empirical:chapman_cpsc_inceptiontime_seed46,empirical,60,0.008192,-0.008192
1.0000,empirical:chapman_cpsc_inceptiontime_seed46,empirical,60,0.000000,-0.000000
1.1000,empirical:chapman_cpsc_inceptiontime_seed46,empirical,60,0.004085,-0.004085
1.2500,empirical:chapman_cpsc_inceptiontime_seed46,empirical,60,0.020361,-0.020361
1.4000,empirical:chapman_cpsc_inceptiontime_seed46,empirical,60,0.036938,-0.036938
1.5000,empirical:chapman_cpsc_inceptiontime_seed46,empirical,60,0.047438,-0.047438
2.0000,empirical:chapman_cpsc_inceptiontime_seed46,empirical,60,0.092436,-0.092436
3.0000,empirical:chapman_cpsc_inceptiontime_seed46,empirical,60,0.153866,-0.153866
4.5000,empirical:chapman_cpsc_inceptiontime_seed46,empirical,60,0.205437,-0.205437
0.7000,empirical:chapman_cpsc_resnet1d_seed42,empirical,60,0.034737,-0.034737
0.8000,empirical:chapman_cpsc_resnet1d_seed42,empirical,60,0.020994,-0.020994
0.9000,empirical:chapman_cpsc_resnet1d_seed42,empirical,60,0.008653,-0.008653
1.0000,empirical:chapman_cpsc_resnet1d_seed42,empirical,60,-0.000000,0.000000
1.1000,empirical:chapman_cpsc_resnet1d_seed42,empirical,60,0.002337,-0.002337
1.2500,empirical:chapman_cpsc_resnet1d_seed42,empirical,60,0.017834,-0.017834
1.4000,empirical:chapman_cpsc_resnet1d_seed42,empirical,60,0.035160,-0.035160
1.5000,empirical:chapman_cpsc_resnet1d_seed42,empirical,60,0.045941,-0.045941
2.0000,empirical:chapman_cpsc_resnet1d_seed42,empirical,60,0.091604,-0.091604
3.0000,empirical:chapman_cpsc_resnet1d_seed42,empirical,60,0.152299,-0.152299
4.5000,empirical:chapman_cpsc_resnet1d_seed42,empirical,60,0.201699,-0.201699
0.7000,empirical:chapman_cpsc_resnet1d_seed43,empirical,60,0.030396,-0.030396
0.8000,empirical:chapman_cpsc_resnet1d_seed43,empirical,60,0.015130,-0.015130
0.9000,empirical:chapman_cpsc_resnet1d_seed43,empirical,60,0.004696,-0.004696
1.0000,empirical:chapman_cpsc_resnet1d_seed43,empirical,60,0.000000,-0.000000
1.1000,empirical:chapman_cpsc_resnet1d_seed43,empirical,60,0.001880,-0.001880
1.2500,empirical:chapman_cpsc_resnet1d_seed43,empirical,60,0.015879,-0.015879
1.4000,empirical:chapman_cpsc_resnet1d_seed43,empirical,60,0.032324,-0.032324
1.5000,empirical:chapman_cpsc_resnet1d_seed43,empirical,60,0.042386,-0.042386
2.0000,empirical:chapman_cpsc_resnet1d_seed43,empirical,60,0.083010,-0.083010
3.0000,empirical:chapman_cpsc_resnet1d_seed43,empirical,60,0.132590,-0.132590
4.5000,empirical:chapman_cpsc_resnet1d_seed43,empirical,60,0.171438,-0.171438
0.7000,empirical:chapman_cpsc_resnet1d_seed44,empirical,60,0.032731,-0.032731
0.8000,empirical:chapman_cpsc_resnet1d_seed44,empirical,60,0.019667,-0.019667
0.9000,empirical:chapman_cpsc_resnet1d_seed44,empirical,60,0.008035,-0.008035
1.0000,empirical:chapman_cpsc_resnet1d_seed44,empirical,60,-0.000000,0.000000
1.1000,empirical:chapman_cpsc_resnet1d_seed44,empirical,60,0.001789,-0.001789
1.2500,empirical:chapman_cpsc_resnet1d_seed44,empirical,60,0.014436,-0.014436
1.4000,empirical:chapman_cpsc_resnet1d_seed44,empirical,60,0.030416,-0.030416
1.5000,empirical:chapman_cpsc_resnet1d_seed44,empirical,60,0.040456,-0.040456
2.0000,empirical:chapman_cpsc_resnet1d_seed44,empirical,60,0.083760,-0.083760
3.0000,empirical:chapman_cpsc_resnet1d_seed44,empirical,60,0.143387,-0.143387
4.5000,empirical:chapman_cpsc_resnet1d_seed44,empirical,60,0.193161,-0.193161
0.7000,empirical:chapman_cpsc_resnet1d_seed45,empirical,60,0.031888,-0.031888
0.8000,empirical:chapman_cpsc_resnet1d_seed45,empirical,60,0.019546,-0.019546
0.9000,empirical:chapman_cpsc_resnet1d_seed45,empirical,60,0.008444,-0.008444
1.0000,empirical:chapman_cpsc_resnet1d_seed45,empirical,60,0.000000,-0.000000
1.1000,empirical:chapman_cpsc_resnet1d_seed45,empirical,60,0.003139,-0.003139
1.2500,empirical:chapman_cpsc_resnet1d_seed45,empirical,60,0.019574,-0.019574
1.4000,empirical:chapman_cpsc_resnet1d_seed45,empirical,60,0.035844,-0.035844
1.5000,empirical:chapman_cpsc_resnet1d_seed45,empirical,60,0.046058,-0.046058
2.0000,empirical:chapman_cpsc_resnet1d_seed45,empirical,60,0.090162,-0.090162
3.0000,empirical:chapman_cpsc_resnet1d_seed45,empirical,60,0.151825,-0.151825
4.5000,empirical:chapman_cpsc_resnet1d_seed45,empirical,60,0.205240,-0.205240
0.7000,empirical:chapman_cpsc_resnet1d_seed46,empirical,60,0.031979,-0.031979
0.8000,empirical:chapman_cpsc_resnet1d_seed46,empirical,60,0.018132,-0.018132
0.9000,empirical:chapman_cpsc_resnet1d_seed46,empirical,60,0.006851,-0.006851
1.0000,empirical:chapman_cpsc_resnet1d_seed46,empirical,60,0.000000,-0.000000
1.1000,empirical:chapman_cpsc_resnet1d_seed46,empirical,60,0.000573,-0.000573
1.2500,empirical:chapman_cpsc_resnet1d_seed46,empirical,60,0.012890,-0.012890
1.4000,empirical:chapman_cpsc_resnet1d_seed46,empirical,60,0.029366,-0.029366
1.5000,empirical:chapman_cpsc_resnet1d_seed46,empirical,60,0.039544,-0.039544
2.0000,empirical:chapman_cpsc_resnet1d_seed46,empirical,60,0.081951,-0.081951
3.0000,empirical:chapman_cpsc_resnet1d_seed46,empirical,60,0.137558,-0.137558
4.5000,empirical:chapman_cpsc_resnet1d_seed46,empirical,60,0.182980,-0.182980
0.7000,empirical:chapman_ptbxl_inceptiontime_seed42,empirical,60,0.025708,-0.025708
0.8000,empirical:chapman_ptbxl_inceptiontime_seed42,empirical,60,0.014840,-0.014840
0.9000,empirical:chapman_ptbxl_inceptiontime_seed42,empirical,60,0.005797,-0.005797
1.0000,empirical:chapman_ptbxl_inceptiontime_seed42,empirical,60,0.000000,-0.000000
1.1000,empirical:chapman_ptbxl_inceptiontime_seed42,empirical,60,-0.001593,0.001593
1.2500,empirical:chapman_ptbxl_inceptiontime_seed42,empirical,60,0.002166,-0.002166
1.4000,empirical:chapman_ptbxl_inceptiontime_seed42,empirical,60,0.008457,-0.008457
1.5000,empirical:chapman_ptbxl_inceptiontime_seed42,empirical,60,0.013808,-0.013808
2.0000,empirical:chapman_ptbxl_inceptiontime_seed42,empirical,60,0.043316,-0.043316
3.0000,empirical:chapman_ptbxl_inceptiontime_seed42,empirical,60,0.081242,-0.081242
4.5000,empirical:chapman_ptbxl_inceptiontime_seed42,empirical,60,0.111594,-0.111594
0.7000,empirical:chapman_ptbxl_inceptiontime_seed43,empirical,60,0.024276,-0.024276
0.8000,empirical:chapman_ptbxl_inceptiontime_seed43,empirical,60,0.012507,-0.012507
0.9000,empirical:chapman_ptbxl_inceptiontime_seed43,empirical,60,0.003939,-0.003939
1.0000,empirical:chapman_ptbxl_inceptiontime_seed43,empirical,60,-0.000000,0.000000
1.1000,empirical:chapman_ptbxl_inceptiontime_seed43,empirical,60,0.001407,-0.001407
1.2500,empirical:chapman_ptbxl_inceptiontime_seed43,empirical,60,0.009793,-0.009793
1.4000,empirical:chapman_ptbxl_inceptiontime_seed43,empirical,60,0.021427,-0.021427
1.5000,empirical:chapman_ptbxl_inceptiontime_seed43,empirical,60,0.029539,-0.029539
2.0000,empirical:chapman_ptbxl_inceptiontime_seed43,empirical,60,0.063595,-0.063595
3.0000,empirical:chapman_ptbxl_inceptiontime_seed43,empirical,60,0.105687,-0.105687
4.5000,empirical:chapman_ptbxl_inceptiontime_seed43,empirical,60,0.139299,-0.139299
0.7000,empirical:chapman_ptbxl_inceptiontime_seed44,empirical,60,0.032924,-0.032924
0.8000,empirical:chapman_ptbxl_inceptiontime_seed44,empirical,60,0.019498,-0.019498
0.9000,empirical:chapman_ptbxl_inceptiontime_seed44,empirical,60,0.008191,-0.008191
1.0000,empirical:chapman_ptbxl_inceptiontime_seed44,empirical,60,0.000000,-0.000000
1.1000,empirical:chapman_ptbxl_inceptiontime_seed44,empirical,60,-0.003275,0.003275
1.2500,empirical:chapman_ptbxl_inceptiontime_seed44,empirical,60,0.001439,-0.001439
1.4000,empirical:chapman_ptbxl_inceptiontime_seed44,empirical,60,0.015194,-0.015194
1.5000,empirical:chapman_ptbxl_inceptiontime_seed44,empirical,60,0.023719,-0.023719
2.0000,empirical:chapman_ptbxl_inceptiontime_seed44,empirical,60,0.058648,-0.058648
3.0000,empirical:chapman_ptbxl_inceptiontime_seed44,empirical,60,0.102539,-0.102539
4.5000,empirical:chapman_ptbxl_inceptiontime_seed44,empirical,60,0.137408,-0.137408
0.7000,empirical:chapman_ptbxl_inceptiontime_seed45,empirical,60,0.024640,-0.024640
0.8000,empirical:chapman_ptbxl_inceptiontime_seed45,empirical,60,0.013178,-0.013178
0.9000,empirical:chapman_ptbxl_inceptiontime_seed45,empirical,60,0.005012,-0.005012
1.0000,empirical:chapman_ptbxl_inceptiontime_seed45,empirical,60,0.000000,-0.000000
1.1000,empirical:chapman_ptbxl_inceptiontime_seed45,empirical,60,-0.000891,0.000891
1.2500,empirical:chapman_ptbxl_inceptiontime_seed45,empirical,60,0.004400,-0.004400
1.4000,empirical:chapman_ptbxl_inceptiontime_seed45,empirical,60,0.015224,-0.015224
1.5000,empirical:chapman_ptbxl_inceptiontime_seed45,empirical,60,0.023353,-0.023353
2.0000,empirical:chapman_ptbxl_inceptiontime_seed45,empirical,60,0.056455,-0.056455
3.0000,empirical:chapman_ptbxl_inceptiontime_seed45,empirical,60,0.097597,-0.097597
4.5000,empirical:chapman_ptbxl_inceptiontime_seed45,empirical,60,0.130602,-0.130602
0.7000,empirical:chapman_ptbxl_inceptiontime_seed46,empirical,60,0.028920,-0.028920
0.8000,empirical:chapman_ptbxl_inceptiontime_seed46,empirical,60,0.015347,-0.015347
0.9000,empirical:chapman_ptbxl_inceptiontime_seed46,empirical,60,0.005299,-0.005299
1.0000,empirical:chapman_ptbxl_inceptiontime_seed46,empirical,60,0.000000,-0.000000
1.1000,empirical:chapman_ptbxl_inceptiontime_seed46,empirical,60,0.001215,-0.001215
1.2500,empirical:chapman_ptbxl_inceptiontime_seed46,empirical,60,0.012074,-0.012074
1.4000,empirical:chapman_ptbxl_inceptiontime_seed46,empirical,60,0.026302,-0.026302
1.5000,empirical:chapman_ptbxl_inceptiontime_seed46,empirical,60,0.035184,-0.035184
2.0000,empirical:chapman_ptbxl_inceptiontime_seed46,empirical,60,0.071335,-0.071335
3.0000,empirical:chapman_ptbxl_inceptiontime_seed46,empirical,60,0.117418,-0.117418
4.5000,empirical:chapman_ptbxl_inceptiontime_seed46,empirical,60,0.154717,-0.154717
0.7000,empirical:chapman_ptbxl_resnet1d_seed42,empirical,60,0.034481,-0.034481
0.8000,empirical:chapman_ptbxl_resnet1d_seed42,empirical,60,0.018708,-0.018708
0.9000,empirical:chapman_ptbxl_resnet1d_seed42,empirical,60,0.006486,-0.006486
1.0000,empirical:chapman_ptbxl_resnet1d_seed42,empirical,60,0.000000,-0.000000
1.1000,empirical:chapman_ptbxl_resnet1d_seed42,empirical,60,0.003225,-0.003225
1.2500,empirical:chapman_ptbxl_resnet1d_seed42,empirical,60,0.020680,-0.020680
1.4000,empirical:chapman_ptbxl_resnet1d_seed42,empirical,60,0.038064,-0.038064
1.5000,empirical:chapman_ptbxl_resnet1d_seed42,empirical,60,0.048678,-0.048678
2.0000,empirical:chapman_ptbxl_resnet1d_seed42,empirical,60,0.091569,-0.091569
3.0000,empirical:chapman_ptbxl_resnet1d_seed42,empirical,60,0.144195,-0.144195
4.5000,empirical:chapman_ptbxl_resnet1d_seed42,empirical,60,0.184916,-0.184916
0.7000,empirical:chapman_ptbxl_resnet1d_seed43,empirical,60,0.036516,-0.036516
0.8000,empirical:chapman_ptbxl_resnet1d_seed43,empirical,60,0.020973,-0.020973
0.9000,empirical:chapman_ptbxl_resnet1d_seed43,empirical,60,0.007086,-0.007086
1.0000,empirical:chapman_ptbxl_resnet1d_seed43,empirical,60,-0.000000,0.000000
1.1000,empirical:chapman_ptbxl_resnet1d_seed43,empirical,60,0.006759,-0.006759
1.2500,empirical:chapman_ptbxl_resnet1d_seed43,empirical,60,0.025999,-0.025999
1.4000,empirical:chapman_ptbxl_resnet1d_seed43,empirical,60,0.043746,-0.043746
1.5000,empirical:chapman_ptbxl_resnet1d_seed43,empirical,60,0.054677,-0.054677
2.0000,empirical:chapman_ptbxl_resnet1d_seed43,empirical,60,0.099899,-0.099899
3.0000,empirical:chapman_ptbxl_resnet1d_seed43,empirical,60,0.157189,-0.157189
4.5000,empirical:chapman_ptbxl_resnet1d_seed43,empirical,60,0.201981,-0.201981
0.7000,empirical:chapman_ptbxl_resnet1d_seed44,empirical,60,0.037399,-0.037399
0.8000,empirical:chapman_ptbxl_resnet1d_seed44,empirical,60,0.022283,-0.022283
0.9000,empirical:chapman_ptbxl_resnet1d_seed44,empirical,60,0.009434,-0.009434
1.0000,empirical:chapman_ptbxl_resnet1d_seed44,empirical,60,-0.000000,0.000000
1.1000,empirical:chapman_ptbxl_resnet1d_seed44,empirical,60,0.000904,-0.000904
1.2500,empirical:chapman_ptbxl_resnet1d_seed44,empirical,60,0.017995,-0.017995
1.4000,empirical:chapman_ptbxl_resnet1d_seed44,empirical,60,0.034370,-0.034370
1.5000,empirical:chapman_ptbxl_resnet1d_seed44,empirical,60,0.044360,-0.044360
2.0000,empirical:chapman_ptbxl_resnet1d_seed44,empirical,60,0.085204,-0.085204
3.0000,empirical:chapman_ptbxl_resnet1d_seed44,empirical,60,0.136722,-0.136722
4.5000,empirical:chapman_ptbxl_resnet1d_seed44,empirical,60,0.177270,-0.177270
0.7000,empirical:chapman_ptbxl_resnet1d_seed45,empirical,60,0.028099,-0.028099
0.8000,empirical:chapman_ptbxl_resnet1d_seed45,empirical,60,0.014067,-0.014067
0.9000,empirical:chapman_ptbxl_resnet1d_seed45,empirical,60,0.004540,-0.004540
1.0000,empirical:chapman_ptbxl_resnet1d_seed45,empirical,60,0.000000,-0.000000
1.1000,empirical:chapman_ptbxl_resnet1d_seed45,empirical,60,0.001659,-0.001659
1.2500,empirical:chapman_ptbxl_resnet1d_seed45,empirical,60,0.011466,-0.011466
1.4000,empirical:chapman_ptbxl_resnet1d_seed45,empirical,60,0.025357,-0.025357
1.5000,empirical:chapman_ptbxl_resnet1d_seed45,empirical,60,0.034519,-0.034519
2.0000,empirical:chapman_ptbxl_resnet1d_seed45,empirical,60,0.071024,-0.071024
3.0000,empirical:chapman_ptbxl_resnet1d_seed45,empirical,60,0.114691,-0.114691
4.5000,empirical:chapman_ptbxl_resnet1d_seed45,empirical,60,0.149860,-0.149860
0.7000,empirical:chapman_ptbxl_resnet1d_seed46,empirical,60,0.037877,-0.037877
0.8000,empirical:chapman_ptbxl_resnet1d_seed46,empirical,60,0.022773,-0.022773
0.9000,empirical:chapman_ptbxl_resnet1d_seed46,empirical,60,0.009366,-0.009366
1.0000,empirical:chapman_ptbxl_resnet1d_seed46,empirical,60,0.000000,-0.000000
1.1000,empirical:chapman_ptbxl_resnet1d_seed46,empirical,60,0.005951,-0.005951
1.2500,empirical:chapman_ptbxl_resnet1d_seed46,empirical,60,0.024939,-0.024939
1.4000,empirical:chapman_ptbxl_resnet1d_seed46,empirical,60,0.042213,-0.042213
1.5000,empirical:chapman_ptbxl_resnet1d_seed46,empirical,60,0.052844,-0.052844
2.0000,empirical:chapman_ptbxl_resnet1d_seed46,empirical,60,0.096703,-0.096703
3.0000,empirical:chapman_ptbxl_resnet1d_seed46,empirical,60,0.151444,-0.151444
4.5000,empirical:chapman_ptbxl_resnet1d_seed46,empirical,60,0.193482,-0.193482
0.7000,empirical:cpsc_chapman_inceptiontime_seed42,empirical,60,0.036017,-0.036017
0.8000,empirical:cpsc_chapman_inceptiontime_seed42,empirical,60,0.021955,-0.021955
0.9000,empirical:cpsc_chapman_inceptiontime_seed42,empirical,60,0.009551,-0.009551
1.0000,empirical:cpsc_chapman_inceptiontime_seed42,empirical,60,0.000000,-0.000000
1.1000,empirical:cpsc_chapman_inceptiontime_seed42,empirical,60,-0.001708,0.001708
1.2500,empirical:cpsc_chapman_inceptiontime_seed42,empirical,60,0.009988,-0.009988
1.4000,empirical:cpsc_chapman_inceptiontime_seed42,empirical,60,0.022796,-0.022796
1.5000,empirical:cpsc_chapman_inceptiontime_seed42,empirical,60,0.030907,-0.030907
2.0000,empirical:cpsc_chapman_inceptiontime_seed42,empirical,60,0.063619,-0.063619
3.0000,empirical:cpsc_chapman_inceptiontime_seed42,empirical,60,0.103217,-0.103217
4.5000,empirical:cpsc_chapman_inceptiontime_seed42,empirical,60,0.133149,-0.133149
0.7000,empirical:cpsc_chapman_inceptiontime_seed43,empirical,60,0.042354,-0.042354
0.8000,empirical:cpsc_chapman_inceptiontime_seed43,empirical,60,0.025461,-0.025461
0.9000,empirical:cpsc_chapman_inceptiontime_seed43,empirical,60,0.011182,-0.011182
1.0000,empirical:cpsc_chapman_inceptiontime_seed43,empirical,60,0.000000,-0.000000
1.1000,empirical:cpsc_chapman_inceptiontime_seed43,empirical,60,-0.002165,0.002165
1.2500,empirical:cpsc_chapman_inceptiontime_seed43,empirical,60,0.013137,-0.013137
1.4000,empirical:cpsc_chapman_inceptiontime_seed43,empirical,60,0.028048,-0.028048
1.5000,empirical:cpsc_chapman_inceptiontime_seed43,empirical,60,0.036867,-0.036867
2.0000,empirical:cpsc_chapman_inceptiontime_seed43,empirical,60,0.070490,-0.070490
3.0000,empirical:cpsc_chapman_inceptiontime_seed43,empirical,60,0.108221,-0.108221
4.5000,empirical:cpsc_chapman_inceptiontime_seed43,empirical,60,0.136208,-0.136208
0.7000,empirical:cpsc_chapman_inceptiontime_seed44,empirical,60,0.039789,-0.039789
0.8000,empirical:cpsc_chapman_inceptiontime_seed44,empirical,60,0.023719,-0.023719
0.9000,empirical:cpsc_chapman_inceptiontime_seed44,empirical,60,0.009771,-0.009771
1.0000,empirical:cpsc_chapman_inceptiontime_seed44,empirical,60,0.000000,-0.000000
1.1000,empirical:cpsc_chapman_inceptiontime_seed44,empirical,60,0.001282,-0.001282
1.2500,empirical:cpsc_chapman_inceptiontime_seed44,empirical,60,0.014191,-0.014191
1.4000,empirical:cpsc_chapman_inceptiontime_seed44,empirical,60,0.028675,-0.028675
1.5000,empirical:cpsc_chapman_inceptiontime_seed44,empirical,60,0.037313,-0.037313
2.0000,empirical:cpsc_chapman_inceptiontime_seed44,empirical,60,0.070858,-0.070858
3.0000,empirical:cpsc_chapman_inceptiontime_seed44,empirical,60,0.109114,-0.109114
4.5000,empirical:cpsc_chapman_inceptiontime_seed44,empirical,60,0.137130,-0.137130
0.7000,empirical:cpsc_chapman_inceptiontime_seed45,empirical,60,0.040302,-0.040302
0.8000,empirical:cpsc_chapman_inceptiontime_seed45,empirical,60,0.024866,-0.024866
0.9000,empirical:cpsc_chapman_inceptiontime_seed45,empirical,60,0.011156,-0.011156
1.0000,empirical:cpsc_chapman_inceptiontime_seed45,empirical,60,-0.000000,0.000000
1.1000,empirical:cpsc_chapman_inceptiontime_seed45,empirical,60,0.004190,-0.004190
1.2500,empirical:cpsc_chapman_inceptiontime_seed45,empirical,60,0.021668,-0.021668
1.4000,empirical:cpsc_chapman_inceptiontime_seed45,empirical,60,0.037765,-0.037765
1.5000,empirical:cpsc_chapman_inceptiontime_seed45,empirical,60,0.047566,-0.047566
2.0000,empirical:cpsc_chapman_inceptiontime_seed45,empirical,60,0.087240,-0.087240
3.0000,empirical:cpsc_chapman_inceptiontime_seed45,empirical,60,0.135429,-0.135429
4.5000,empirical:cpsc_chapman_inceptiontime_seed45,empirical,60,0.171486,-0.171486
0.7000,empirical:cpsc_chapman_inceptiontime_seed46,empirical,60,0.036049,-0.036049
0.8000,empirical:cpsc_chapman_inceptiontime_seed46,empirical,60,0.021639,-0.021639
0.9000,empirical:cpsc_chapman_inceptiontime_seed46,empirical,60,0.009586,-0.009586
1.0000,empirical:cpsc_chapman_inceptiontime_seed46,empirical,60,0.000000,-0.000000
1.1000,empirical:cpsc_chapman_inceptiontime_seed46,empirical,60,-0.003656,0.003656
1.2500,empirical:cpsc_chapman_inceptiontime_seed46,empirical,60,-0.000742,0.000742
1.4000,empirical:cpsc_chapman_inceptiontime_seed46,empirical,60,0.005948,-0.005948
1.5000,empirical:cpsc_chapman_inceptiontime_seed46,empirical,60,0.010997,-0.010997
2.0000,empirical:cpsc_chapman_inceptiontime_seed46,empirical,60,0.030453,-0.030453
3.0000,empirical:cpsc_chapman_inceptiontime_seed46,empirical,60,0.052773,-0.052773
4.5000,empirical:cpsc_chapman_inceptiontime_seed46,empirical,60,0.071115,-0.071115
0.7000,empirical:cpsc_chapman_resnet1d_seed42,empirical,60,0.038964,-0.038964
0.8000,empirical:cpsc_chapman_resnet1d_seed42,empirical,60,0.024035,-0.024035
0.9000,empirical:cpsc_chapman_resnet1d_seed42,empirical,60,0.011057,-0.011057
1.0000,empirical:cpsc_chapman_resnet1d_seed42,empirical,60,-0.000000,0.000000
1.1000,empirical:cpsc_chapman_resnet1d_seed42,empirical,60,-0.002774,0.002774
1.2500,empirical:cpsc_chapman_resnet1d_seed42,empirical,60,0.003533,-0.003533
1.4000,empirical:cpsc_chapman_resnet1d_seed42,empirical,60,0.011501,-0.011501
1.5000,empirical:cpsc_chapman_resnet1d_seed42,empirical,60,0.017210,-0.017210
2.0000,empirical:cpsc_chapman_resnet1d_seed42,empirical,60,0.041884,-0.041884
3.0000,empirical:cpsc_chapman_resnet1d_seed42,empirical,60,0.070040,-0.070040
4.5000,empirical:cpsc_chapman_resnet1d_seed42,empirical,60,0.091991,-0.091991
0.7000,empirical:cpsc_chapman_resnet1d_seed43,empirical,60,0.037316,-0.037316
0.8000,empirical:cpsc_chapman_resnet1d_seed43,empirical,60,0.022720,-0.022720
0.9000,empirical:cpsc_chapman_resnet1d_seed43,empirical,60,0.009791,-0.009791
1.0000,empirical:cpsc_chapman_resnet1d_seed43,empirical,60,0.000000,-0.000000
1.1000,empirical:cpsc_chapman_resnet1d_seed43,empirical,60,0.001953,-0.001953
1.2500,empirical:cpsc_chapman_resnet1d_seed43,empirical,60,0.018031,-0.018031
1.4000,empirical:cpsc_chapman_resnet1d_seed43,empirical,60,0.035290,-0.035290
1.5000,empirical:cpsc_chapman_resnet1d_seed43,empirical,60,0.045923,-0.045923
2.0000,empirical:cpsc_chapman_resnet1d_seed43,empirical,60,0.089901,-0.089901
3.0000,empirical:cpsc_chapman_resnet1d_seed43,empirical,60,0.145264,-0.145264
4.5000,empirical:cpsc_chapman_resnet1d_seed43,empirical,60,0.187266,-0.187266
0.7000,empirical:cpsc_chapman_resnet1d_seed44,empirical,60,0.042846,-0.042846
0.8000,empirical:cpsc_chapman_resnet1d_seed44,empirical,60,0.026065,-0.026065
0.9000,empirical:cpsc_chapman_resnet1d_seed44,empirical,60,0.011656,-0.011656
1.0000,empirical:cpsc_chapman_resnet1d_seed44,empirical,60,0.000000,-0.000000
1.1000,empirical:cpsc_chapman_resnet1d_seed44,empirical,60,0.000104,-0.000104
1.2500,empirical:cpsc_chapman_resnet1d_seed44,empirical,60,0.014546,-0.014546
1.4000,empirical:cpsc_chapman_resnet1d_seed44,empirical,60,0.029472,-0.029472
1.5000,empirical:cpsc_chapman_resnet1d_seed44,empirical,60,0.038286,-0.038286
2.0000,empirical:cpsc_chapman_resnet1d_seed44,empirical,60,0.072036,-0.072036
3.0000,empirical:cpsc_chapman_resnet1d_seed44,empirical,60,0.110059,-0.110059
4.5000,empirical:cpsc_chapman_resnet1d_seed44,empirical,60,0.137955,-0.137955
0.7000,empirical:cpsc_chapman_resnet1d_seed45,empirical,60,0.037742,-0.037742
0.8000,empirical:cpsc_chapman_resnet1d_seed45,empirical,60,0.022474,-0.022474
0.9000,empirical:cpsc_chapman_resnet1d_seed45,empirical,60,0.009707,-0.009707
1.0000,empirical:cpsc_chapman_resnet1d_seed45,empirical,60,0.000000,-0.000000
1.1000,empirical:cpsc_chapman_resnet1d_seed45,empirical,60,0.000333,-0.000333
1.2500,empirical:cpsc_chapman_resnet1d_seed45,empirical,60,0.017366,-0.017366
1.4000,empirical:cpsc_chapman_resnet1d_seed45,empirical,60,0.034209,-0.034209
1.5000,empirical:cpsc_chapman_resnet1d_seed45,empirical,60,0.044372,-0.044372
2.0000,empirical:cpsc_chapman_resnet1d_seed45,empirical,60,0.084800,-0.084800
3.0000,empirical:cpsc_chapman_resnet1d_seed45,empirical,60,0.132676,-0.132676
4.5000,empirical:cpsc_chapman_resnet1d_seed45,empirical,60,0.168394,-0.168394
0.7000,empirical:cpsc_chapman_resnet1d_seed46,empirical,60,0.037605,-0.037605
0.8000,empirical:cpsc_chapman_resnet1d_seed46,empirical,60,0.023033,-0.023033
0.9000,empirical:cpsc_chapman_resnet1d_seed46,empirical,60,0.010093,-0.010093
1.0000,empirical:cpsc_chapman_resnet1d_seed46,empirical,60,0.000000,-0.000000
1.1000,empirical:cpsc_chapman_resnet1d_seed46,empirical,60,-0.001327,0.001327
1.2500,empirical:cpsc_chapman_resnet1d_seed46,empirical,60,0.014927,-0.014927
1.4000,empirical:cpsc_chapman_resnet1d_seed46,empirical,60,0.031307,-0.031307
1.5000,empirical:cpsc_chapman_resnet1d_seed46,empirical,60,0.041380,-0.041380
2.0000,empirical:cpsc_chapman_resnet1d_seed46,empirical,60,0.082951,-0.082951
3.0000,empirical:cpsc_chapman_resnet1d_seed46,empirical,60,0.135133,-0.135133
4.5000,empirical:cpsc_chapman_resnet1d_seed46,empirical,60,0.174840,-0.174840
0.7000,empirical:cpsc_ptbxl_inceptiontime_seed42,empirical,60,0.030782,-0.030782
0.8000,empirical:cpsc_ptbxl_inceptiontime_seed42,empirical,60,0.018062,-0.018062
0.9000,empirical:cpsc_ptbxl_inceptiontime_seed42,empirical,60,0.007898,-0.007898
1.0000,empirical:cpsc_ptbxl_inceptiontime_seed42,empirical,60,0.000000,-0.000000
1.1000,empirical:cpsc_ptbxl_inceptiontime_seed42,empirical,60,-0.005701,0.005701
1.2500,empirical:cpsc_ptbxl_inceptiontime_seed42,empirical,60,-0.008668,0.008668
1.4000,empirical:cpsc_ptbxl_inceptiontime_seed42,empirical,60,-0.005981,0.005981
1.5000,empirical:cpsc_ptbxl_inceptiontime_seed42,empirical,60,-0.002742,0.002742
2.0000,empirical:cpsc_ptbxl_inceptiontime_seed42,empirical,60,0.016820,-0.016820
3.0000,empirical:cpsc_ptbxl_inceptiontime_seed42,empirical,60,0.040374,-0.040374
4.5000,empirical:cpsc_ptbxl_inceptiontime_seed42,empirical,60,0.060523,-0.060523
0.7000,empirical:cpsc_ptbxl_inceptiontime_seed43,empirical,60,0.035720,-0.035720
0.8000,empirical:cpsc_ptbxl_inceptiontime_seed43,empirical,60,0.020093,-0.020093
0.9000,empirical:cpsc_ptbxl_inceptiontime_seed43,empirical,60,0.008234,-0.008234
1.0000,empirical:cpsc_ptbxl_inceptiontime_seed43,empirical,60,0.000000,-0.000000
1.1000,empirical:cpsc_ptbxl_inceptiontime_seed43,empirical,60,-0.004504,0.004504
1.2500,empirical:cpsc_ptbxl_inceptiontime_seed43,empirical,60,-0.002712,0.002712
1.4000,empirical:cpsc_ptbxl_inceptiontime_seed43,empirical,60,0.003649,-0.003649
1.5000,empirical:cpsc_ptbxl_inceptiontime_seed43,empirical,60,0.009412,-0.009412
2.0000,empirical:cpsc_ptbxl_inceptiontime_seed43,empirical,60,0.037060,-0.037060
3.0000,empirical:cpsc_ptbxl_inceptiontime_seed43,empirical,60,0.068511,-0.068511
4.5000,empirical:cpsc_ptbxl_inceptiontime_seed43,empirical,60,0.091722,-0.091722
0.7000,empirical:cpsc_ptbxl_inceptiontime_seed44,empirical,60,0.039676,-0.039676
0.8000,empirical:cpsc_ptbxl_inceptiontime_seed44,empirical,60,0.023867,-0.023867
0.9000,empirical:cpsc_ptbxl_inceptiontime_seed44,empirical,60,0.010500,-0.010500
1.0000,empirical:cpsc_ptbxl_inceptiontime_seed44,empirical,60,-0.000000,0.000000
1.1000,empirical:cpsc_ptbxl_inceptiontime_seed44,empirical,60,-0.003462,0.003462
1.2500,empirical:cpsc_ptbxl_inceptiontime_seed44,empirical,60,0.000053,-0.000053
1.4000,empirical:cpsc_ptbxl_inceptiontime_seed44,empirical,60,0.013358,-0.013358
1.5000,empirical:cpsc_ptbxl_inceptiontime_seed44,empirical,60,0.021956,-0.021956
2.0000,empirical:cpsc_ptbxl_inceptiontime_seed44,empirical,60,0.055174,-0.055174
3.0000,empirical:cpsc_ptbxl_inceptiontime_seed44,empirical,60,0.093571,-0.093571
4.5000,empirical:cpsc_ptbxl_inceptiontime_seed44,empirical,60,0.123125,-0.123125
0.7000,empirical:cpsc_ptbxl_inceptiontime_seed45,empirical,60,0.038763,-0.038763
0.8000,empirical:cpsc_ptbxl_inceptiontime_seed45,empirical,60,0.022823,-0.022823
0.9000,empirical:cpsc_ptbxl_inceptiontime_seed45,empirical,60,0.009929,-0.009929
1.0000,empirical:cpsc_ptbxl_inceptiontime_seed45,empirical,60,0.000000,-0.000000
1.1000,empirical:cpsc_ptbxl_inceptiontime_seed45,empirical,60,-0.006086,0.006086
1.2500,empirical:cpsc_ptbxl_inceptiontime_seed45,empirical,60,-0.003541,0.003541
1.4000,empirical:cpsc_ptbxl_inceptiontime_seed45,empirical,60,0.007623,-0.007623
1.5000,empirical:cpsc_ptbxl_inceptiontime_seed45,empirical,60,0.014839,-0.014839
2.0000,empirical:cpsc_ptbxl_inceptiontime_seed45,empirical,60,0.042880,-0.042880
3.0000,empirical:cpsc_ptbxl_inceptiontime_seed45,empirical,60,0.074799,-0.074799
4.5000,empirical:cpsc_ptbxl_inceptiontime_seed45,empirical,60,0.098879,-0.098879
0.7000,empirical:cpsc_ptbxl_inceptiontime_seed46,empirical,60,0.035343,-0.035343
0.8000,empirical:cpsc_ptbxl_inceptiontime_seed46,empirical,60,0.020849,-0.020849
0.9000,empirical:cpsc_ptbxl_inceptiontime_seed46,empirical,60,0.009139,-0.009139
1.0000,empirical:cpsc_ptbxl_inceptiontime_seed46,empirical,60,0.000000,-0.000000
1.1000,empirical:cpsc_ptbxl_inceptiontime_seed46,empirical,60,-0.006611,0.006611
1.2500,empirical:cpsc_ptbxl_inceptiontime_seed46,empirical,60,-0.011535,0.011535
1.4000,empirical:cpsc_ptbxl_inceptiontime_seed46,empirical,60,-0.009763,0.009763
1.5000,empirical:cpsc_ptbxl_inceptiontime_seed46,empirical,60,-0.004720,0.004720
2.0000,empirical:cpsc_ptbxl_inceptiontime_seed46,empirical,60,0.018148,-0.018148
3.0000,empirical:cpsc_ptbxl_inceptiontime_seed46,empirical,60,0.044715,-0.044715
4.5000,empirical:cpsc_ptbxl_inceptiontime_seed46,empirical,60,0.066142,-0.066142
0.7000,empirical:cpsc_ptbxl_resnet1d_seed42,empirical,60,0.040772,-0.040772
0.8000,empirical:cpsc_ptbxl_resnet1d_seed42,empirical,60,0.024594,-0.024594
0.9000,empirical:cpsc_ptbxl_resnet1d_seed42,empirical,60,0.010963,-0.010963
1.0000,empirical:cpsc_ptbxl_resnet1d_seed42,empirical,60,-0.000000,0.000000
1.1000,empirical:cpsc_ptbxl_resnet1d_seed42,empirical,60,-0.005991,0.005991
1.2500,empirical:cpsc_ptbxl_resnet1d_seed42,empirical,60,-0.000989,0.000989
1.4000,empirical:cpsc_ptbxl_resnet1d_seed42,empirical,60,0.013335,-0.013335
1.5000,empirical:cpsc_ptbxl_resnet1d_seed42,empirical,60,0.021800,-0.021800
2.0000,empirical:cpsc_ptbxl_resnet1d_seed42,empirical,60,0.054225,-0.054225
3.0000,empirical:cpsc_ptbxl_resnet1d_seed42,empirical,60,0.091470,-0.091470
4.5000,empirical:cpsc_ptbxl_resnet1d_seed42,empirical,60,0.119600,-0.119600
0.7000,empirical:cpsc_ptbxl_resnet1d_seed43,empirical,60,0.035840,-0.035840
0.8000,empirical:cpsc_ptbxl_resnet1d_seed43,empirical,60,0.021089,-0.021089
0.9000,empirical:cpsc_ptbxl_resnet1d_seed43,empirical,60,0.009195,-0.009195
1.0000,empirical:cpsc_ptbxl_resnet1d_seed43,empirical,60,0.000000,-0.000000
1.1000,empirical:cpsc_ptbxl_resnet1d_seed43,empirical,60,-0.004593,0.004593
1.2500,empirical:cpsc_ptbxl_resnet1d_seed43,empirical,60,0.003450,-0.003450
1.4000,empirical:cpsc_ptbxl_resnet1d_seed43,empirical,60,0.015661,-0.015661
1.5000,empirical:cpsc_ptbxl_resnet1d_seed43,empirical,60,0.022837,-0.022837
2.0000,empirical:cpsc_ptbxl_resnet1d_seed43,empirical,60,0.049949,-0.049949
3.0000,empirical:cpsc_ptbxl_resnet1d_seed43,empirical,60,0.080817,-0.080817
4.5000,empirical:cpsc_ptbxl_resnet1d_seed43,empirical,60,0.104105,-0.104105
0.7000,empirical:cpsc_ptbxl_resnet1d_seed44,empirical,60,0.039451,-0.039451
0.8000,empirical:cpsc_ptbxl_resnet1d_seed44,empirical,60,0.022003,-0.022003
0.9000,empirical:cpsc_ptbxl_resnet1d_seed44,empirical,60,0.008346,-0.008346
1.0000,empirical:cpsc_ptbxl_resnet1d_seed44,empirical,60,0.000000,-0.000000
1.1000,empirical:cpsc_ptbxl_resnet1d_seed44,empirical,60,-0.002195,0.002195
1.2500,empirical:cpsc_ptbxl_resnet1d_seed44,empirical,60,0.009276,-0.009276
1.4000,empirical:cpsc_ptbxl_resnet1d_seed44,empirical,60,0.023973,-0.023973
1.5000,empirical:cpsc_ptbxl_resnet1d_seed44,empirical,60,0.032721,-0.032721
2.0000,empirical:cpsc_ptbxl_resnet1d_seed44,empirical,60,0.065729,-0.065729
3.0000,empirical:cpsc_ptbxl_resnet1d_seed44,empirical,60,0.102595,-0.102595
4.5000,empirical:cpsc_ptbxl_resnet1d_seed44,empirical,60,0.129689,-0.129689
0.7000,empirical:cpsc_ptbxl_resnet1d_seed45,empirical,60,0.034625,-0.034625
0.8000,empirical:cpsc_ptbxl_resnet1d_seed45,empirical,60,0.020170,-0.020170
0.9000,empirical:cpsc_ptbxl_resnet1d_seed45,empirical,60,0.008291,-0.008291
1.0000,empirical:cpsc_ptbxl_resnet1d_seed45,empirical,60,0.000000,-0.000000
1.1000,empirical:cpsc_ptbxl_resnet1d_seed45,empirical,60,-0.000763,0.000763
1.2500,empirical:cpsc_ptbxl_resnet1d_seed45,empirical,60,0.009160,-0.009160
1.4000,empirical:cpsc_ptbxl_resnet1d_seed45,empirical,60,0.023282,-0.023282
1.5000,empirical:cpsc_ptbxl_resnet1d_seed45,empirical,60,0.031655,-0.031655
2.0000,empirical:cpsc_ptbxl_resnet1d_seed45,empirical,60,0.063998,-0.063998
3.0000,empirical:cpsc_ptbxl_resnet1d_seed45,empirical,60,0.101276,-0.101276
4.5000,empirical:cpsc_ptbxl_resnet1d_seed45,empirical,60,0.129633,-0.129633
0.7000,empirical:cpsc_ptbxl_resnet1d_seed46,empirical,60,0.039107,-0.039107
0.8000,empirical:cpsc_ptbxl_resnet1d_seed46,empirical,60,0.023823,-0.023823
0.9000,empirical:cpsc_ptbxl_resnet1d_seed46,empirical,60,0.010491,-0.010491
1.0000,empirical:cpsc_ptbxl_resnet1d_seed46,empirical,60,0.000000,-0.000000
1.1000,empirical:cpsc_ptbxl_resnet1d_seed46,empirical,60,-0.002547,0.002547
1.2500,empirical:cpsc_ptbxl_resnet1d_seed46,empirical,60,0.007193,-0.007193
1.4000,empirical:cpsc_ptbxl_resnet1d_seed46,empirical,60,0.021778,-0.021778
1.5000,empirical:cpsc_ptbxl_resnet1d_seed46,empirical,60,0.031038,-0.031038
2.0000,empirical:cpsc_ptbxl_resnet1d_seed46,empirical,60,0.067783,-0.067783
3.0000,empirical:cpsc_ptbxl_resnet1d_seed46,empirical,60,0.111510,-0.111510
4.5000,empirical:cpsc_ptbxl_resnet1d_seed46,empirical,60,0.145039,-0.145039
0.7000,empirical:ptbxl_chapman_inceptiontime_seed42,empirical,60,0.041646,-0.041646
0.8000,empirical:ptbxl_chapman_inceptiontime_seed42,empirical,60,0.025818,-0.025818
0.9000,empirical:ptbxl_chapman_inceptiontime_seed42,empirical,60,0.011632,-0.011632
1.0000,empirical:ptbxl_chapman_inceptiontime_seed42,empirical,60,0.000000,-0.000000
1.1000,empirical:ptbxl_chapman_inceptiontime_seed42,empirical,60,0.001150,-0.001150
1.2500,empirical:ptbxl_chapman_inceptiontime_seed42,empirical,60,0.019446,-0.019446
1.4000,empirical:ptbxl_chapman_inceptiontime_seed42,empirical,60,0.036798,-0.036798
1.5000,empirical:ptbxl_chapman_inceptiontime_seed42,empirical,60,0.047351,-0.047351
2.0000,empirical:ptbxl_chapman_inceptiontime_seed42,empirical,60,0.089658,-0.089658
3.0000,empirical:ptbxl_chapman_inceptiontime_seed42,empirical,60,0.139504,-0.139504
4.5000,empirical:ptbxl_chapman_inceptiontime_seed42,empirical,60,0.175017,-0.175017
0.7000,empirical:ptbxl_chapman_inceptiontime_seed43,empirical,60,0.044545,-0.044545
0.8000,empirical:ptbxl_chapman_inceptiontime_seed43,empirical,60,0.027069,-0.027069
0.9000,empirical:ptbxl_chapman_inceptiontime_seed43,empirical,60,0.011545,-0.011545
1.0000,empirical:ptbxl_chapman_inceptiontime_seed43,empirical,60,0.000000,-0.000000
1.1000,empirical:ptbxl_chapman_inceptiontime_seed43,empirical,60,0.000115,-0.000115
1.2500,empirical:ptbxl_chapman_inceptiontime_seed43,empirical,60,0.017252,-0.017252
1.4000,empirical:ptbxl_chapman_inceptiontime_seed43,empirical,60,0.034241,-0.034241
1.5000,empirical:ptbxl_chapman_inceptiontime_seed43,empirical,60,0.044542,-0.044542
2.0000,empirical:ptbxl_chapman_inceptiontime_seed43,empirical,60,0.085121,-0.085121
3.0000,empirical:ptbxl_chapman_inceptiontime_seed43,empirical,60,0.131980,-0.131980
4.5000,empirical:ptbxl_chapman_inceptiontime_seed43,empirical,60,0.165351,-0.165351
0.7000,empirical:ptbxl_chapman_inceptiontime_seed44,empirical,60,0.044643,-0.044643
0.8000,empirical:ptbxl_chapman_inceptiontime_seed44,empirical,60,0.027174,-0.027174
0.9000,empirical:ptbxl_chapman_inceptiontime_seed44,empirical,60,0.012007,-0.012007
1.0000,empirical:ptbxl_chapman_inceptiontime_seed44,empirical,60,-0.000000,0.000000
1.1000,empirical:ptbxl_chapman_inceptiontime_seed44,empirical,60,0.003494,-0.003494
1.2500,empirical:ptbxl_chapman_inceptiontime_seed44,empirical,60,0.020776,-0.020776
1.4000,empirical:ptbxl_chapman_inceptiontime_seed44,empirical,60,0.037000,-0.037000
1.5000,empirical:ptbxl_chapman_inceptiontime_seed44,empirical,60,0.046774,-0.046774
2.0000,empirical:ptbxl_chapman_inceptiontime_seed44,empirical,60,0.084942,-0.084942
3.0000,empirical:ptbxl_chapman_inceptiontime_seed44,empirical,60,0.128482,-0.128482
4.5000,empirical:ptbxl_chapman_inceptiontime_seed44,empirical,60,0.159272,-0.159272
0.7000,empirical:ptbxl_chapman_inceptiontime_seed45,empirical,60,0.040870,-0.040870
0.8000,empirical:ptbxl_chapman_inceptiontime_seed45,empirical,60,0.024454,-0.024454
0.9000,empirical:ptbxl_chapman_inceptiontime_seed45,empirical,60,0.010730,-0.010730
1.0000,empirical:ptbxl_chapman_inceptiontime_seed45,empirical,60,-0.000000,0.000000
1.1000,empirical:ptbxl_chapman_inceptiontime_seed45,empirical,60,0.001379,-0.001379
1.2500,empirical:ptbxl_chapman_inceptiontime_seed45,empirical,60,0.018620,-0.018620
1.4000,empirical:ptbxl_chapman_inceptiontime_seed45,empirical,60,0.034656,-0.034656
1.5000,empirical:ptbxl_chapman_inceptiontime_seed45,empirical,60,0.044328,-0.044328
2.0000,empirical:ptbxl_chapman_inceptiontime_seed45,empirical,60,0.082358,-0.082358
3.0000,empirical:ptbxl_chapman_inceptiontime_seed45,empirical,60,0.125999,-0.125999
4.5000,empirical:ptbxl_chapman_inceptiontime_seed45,empirical,60,0.157167,-0.157167
0.7000,empirical:ptbxl_chapman_inceptiontime_seed46,empirical,60,0.035413,-0.035413
0.8000,empirical:ptbxl_chapman_inceptiontime_seed46,empirical,60,0.019867,-0.019867
0.9000,empirical:ptbxl_chapman_inceptiontime_seed46,empirical,60,0.007956,-0.007956
1.0000,empirical:ptbxl_chapman_inceptiontime_seed46,empirical,60,0.000000,-0.000000
1.1000,empirical:ptbxl_chapman_inceptiontime_seed46,empirical,60,-0.003900,0.003900
1.2500,empirical:ptbxl_chapman_inceptiontime_seed46,empirical,60,0.002138,-0.002138
1.4000,empirical:ptbxl_chapman_inceptiontime_seed46,empirical,60,0.012650,-0.012650
1.5000,empirical:ptbxl_chapman_inceptiontime_seed46,empirical,60,0.019249,-0.019249
2.0000,empirical:ptbxl_chapman_inceptiontime_seed46,empirical,60,0.043832,-0.043832
3.0000,empirical:ptbxl_chapman_inceptiontime_seed46,empirical,60,0.070793,-0.070793
4.5000,empirical:ptbxl_chapman_inceptiontime_seed46,empirical,60,0.091047,-0.091047
0.7000,empirical:ptbxl_chapman_resnet1d_seed42,empirical,60,0.043517,-0.043517
0.8000,empirical:ptbxl_chapman_resnet1d_seed42,empirical,60,0.027688,-0.027688
0.9000,empirical:ptbxl_chapman_resnet1d_seed42,empirical,60,0.013122,-0.013122
1.0000,empirical:ptbxl_chapman_resnet1d_seed42,empirical,60,-0.000000,0.000000
1.1000,empirical:ptbxl_chapman_resnet1d_seed42,empirical,60,-0.002053,0.002053
1.2500,empirical:ptbxl_chapman_resnet1d_seed42,empirical,60,0.013386,-0.013386
1.4000,empirical:ptbxl_chapman_resnet1d_seed42,empirical,60,0.031071,-0.031071
1.5000,empirical:ptbxl_chapman_resnet1d_seed42,empirical,60,0.041875,-0.041875
2.0000,empirical:ptbxl_chapman_resnet1d_seed42,empirical,60,0.085674,-0.085674
3.0000,empirical:ptbxl_chapman_resnet1d_seed42,empirical,60,0.138540,-0.138540
4.5000,empirical:ptbxl_chapman_resnet1d_seed42,empirical,60,0.176719,-0.176719
0.7000,empirical:ptbxl_chapman_resnet1d_seed43,empirical,60,0.041029,-0.041029
0.8000,empirical:ptbxl_chapman_resnet1d_seed43,empirical,60,0.025264,-0.025264
0.9000,empirical:ptbxl_chapman_resnet1d_seed43,empirical,60,0.010991,-0.010991
1.0000,empirical:ptbxl_chapman_resnet1d_seed43,empirical,60,0.000000,-0.000000
1.1000,empirical:ptbxl_chapman_resnet1d_seed43,empirical,60,0.004256,-0.004256
1.2500,empirical:ptbxl_chapman_resnet1d_seed43,empirical,60,0.023636,-0.023636
1.4000,empirical:ptbxl_chapman_resnet1d_seed43,empirical,60,0.042031,-0.042031
1.5000,empirical:ptbxl_chapman_resnet1d_seed43,empirical,60,0.053325,-0.053325
2.0000,empirical:ptbxl_chapman_resnet1d_seed43,empirical,60,0.099593,-0.099593
3.0000,empirical:ptbxl_chapman_resnet1d_seed43,empirical,60,0.156526,-0.156526
4.5000,empirical:ptbxl_chapman_resnet1d_seed43,empirical,60,0.198433,-0.198433
0.7000,empirical:ptbxl_chapman_resnet1d_seed44,empirical,60,0.042639,-0.042639
0.8000,empirical:ptbxl_chapman_resnet1d_seed44,empirical,60,0.025148,-0.025148
0.9000,empirical:ptbxl_chapman_resnet1d_seed44,empirical,60,0.009517,-0.009517
1.0000,empirical:ptbxl_chapman_resnet1d_seed44,empirical,60,-0.000000,0.000000
1.1000,empirical:ptbxl_chapman_resnet1d_seed44,empirical,60,0.008935,-0.008935
1.2500,empirical:ptbxl_chapman_resnet1d_seed44,empirical,60,0.029385,-0.029385
1.4000,empirical:ptbxl_chapman_resnet1d_seed44,empirical,60,0.048245,-0.048245
1.5000,empirical:ptbxl_chapman_resnet1d_seed44,empirical,60,0.059746,-0.059746
2.0000,empirical:ptbxl_chapman_resnet1d_seed44,empirical,60,0.105900,-0.105900
3.0000,empirical:ptbxl_chapman_resnet1d_seed44,empirical,60,0.160273,-0.160273
4.5000,empirical:ptbxl_chapman_resnet1d_seed44,empirical,60,0.198993,-0.198993
0.7000,empirical:ptbxl_chapman_resnet1d_seed45,empirical,60,0.045315,-0.045315
0.8000,empirical:ptbxl_chapman_resnet1d_seed45,empirical,60,0.028210,-0.028210
0.9000,empirical:ptbxl_chapman_resnet1d_seed45,empirical,60,0.012705,-0.012705
1.0000,empirical:ptbxl_chapman_resnet1d_seed45,empirical,60,-0.000000,0.000000
1.1000,empirical:ptbxl_chapman_resnet1d_seed45,empirical,60,0.005930,-0.005930
1.2500,empirical:ptbxl_chapman_resnet1d_seed45,empirical,60,0.026030,-0.026030
1.4000,empirical:ptbxl_chapman_resnet1d_seed45,empirical,60,0.044145,-0.044145
1.5000,empirical:ptbxl_chapman_resnet1d_seed45,empirical,60,0.055074,-0.055074
2.0000,empirical:ptbxl_chapman_resnet1d_seed45,empirical,60,0.098410,-0.098410
3.0000,empirical:ptbxl_chapman_resnet1d_seed45,empirical,60,0.148784,-0.148784
4.5000,empirical:ptbxl_chapman_resnet1d_seed45,empirical,60,0.184234,-0.184234
0.7000,empirical:ptbxl_chapman_resnet1d_seed46,empirical,60,0.041657,-0.041657
0.8000,empirical:ptbxl_chapman_resnet1d_seed46,empirical,60,0.026083,-0.026083
0.9000,empirical:ptbxl_chapman_resnet1d_seed46,empirical,60,0.011901,-0.011901
1.0000,empirical:ptbxl_chapman_resnet1d_seed46,empirical,60,-0.000000,0.000000
1.1000,empirical:ptbxl_chapman_resnet1d_seed46,empirical,60,-0.000958,0.000958
1.2500,empirical:ptbxl_chapman_resnet1d_seed46,empirical,60,0.017176,-0.017176
1.4000,empirical:ptbxl_chapman_resnet1d_seed46,empirical,60,0.034774,-0.034774
1.5000,empirical:ptbxl_chapman_resnet1d_seed46,empirical,60,0.045548,-0.045548
2.0000,empirical:ptbxl_chapman_resnet1d_seed46,empirical,60,0.089498,-0.089498
3.0000,empirical:ptbxl_chapman_resnet1d_seed46,empirical,60,0.143451,-0.143451
4.5000,empirical:ptbxl_chapman_resnet1d_seed46,empirical,60,0.183708,-0.183708
0.7000,empirical:ptbxl_cpsc_inceptiontime_seed42,empirical,60,0.039631,-0.039631
0.8000,empirical:ptbxl_cpsc_inceptiontime_seed42,empirical,60,0.024736,-0.024736
0.9000,empirical:ptbxl_cpsc_inceptiontime_seed42,empirical,60,0.011444,-0.011444
1.0000,empirical:ptbxl_cpsc_inceptiontime_seed42,empirical,60,-0.000000,0.000000
1.1000,empirical:ptbxl_cpsc_inceptiontime_seed42,empirical,60,-0.003193,0.003193
1.2500,empirical:ptbxl_cpsc_inceptiontime_seed42,empirical,60,0.008789,-0.008789
1.4000,empirical:ptbxl_cpsc_inceptiontime_seed42,empirical,60,0.024295,-0.024295
1.5000,empirical:ptbxl_cpsc_inceptiontime_seed42,empirical,60,0.033782,-0.033782
2.0000,empirical:ptbxl_cpsc_inceptiontime_seed42,empirical,60,0.072214,-0.072214
3.0000,empirical:ptbxl_cpsc_inceptiontime_seed42,empirical,60,0.119056,-0.119056
4.5000,empirical:ptbxl_cpsc_inceptiontime_seed42,empirical,60,0.154658,-0.154658
0.7000,empirical:ptbxl_cpsc_inceptiontime_seed43,empirical,60,0.036170,-0.036170
0.8000,empirical:ptbxl_cpsc_inceptiontime_seed43,empirical,60,0.021314,-0.021314
0.9000,empirical:ptbxl_cpsc_inceptiontime_seed43,empirical,60,0.008854,-0.008854
1.0000,empirical:ptbxl_cpsc_inceptiontime_seed43,empirical,60,0.000000,-0.000000
1.1000,empirical:ptbxl_cpsc_inceptiontime_seed43,empirical,60,-0.001583,0.001583
1.2500,empirical:ptbxl_cpsc_inceptiontime_seed43,empirical,60,0.016100,-0.016100
1.4000,empirical:ptbxl_cpsc_inceptiontime_seed43,empirical,60,0.032753,-0.032753
1.5000,empirical:ptbxl_cpsc_inceptiontime_seed43,empirical,60,0.042862,-0.042862
2.0000,empirical:ptbxl_cpsc_inceptiontime_seed43,empirical,60,0.083368,-0.083368
3.0000,empirical:ptbxl_cpsc_inceptiontime_seed43,empirical,60,0.131958,-0.131958
4.5000,empirical:ptbxl_cpsc_inceptiontime_seed43,empirical,60,0.168761,-0.168761
0.7000,empirical:ptbxl_cpsc_inceptiontime_seed44,empirical,60,0.035248,-0.035248
0.8000,empirical:ptbxl_cpsc_inceptiontime_seed44,empirical,60,0.020528,-0.020528
0.9000,empirical:ptbxl_cpsc_inceptiontime_seed44,empirical,60,0.008209,-0.008209
1.0000,empirical:ptbxl_cpsc_inceptiontime_seed44,empirical,60,-0.000000,0.000000
1.1000,empirical:ptbxl_cpsc_inceptiontime_seed44,empirical,60,0.000145,-0.000145
1.2500,empirical:ptbxl_cpsc_inceptiontime_seed44,empirical,60,0.015060,-0.015060
1.4000,empirical:ptbxl_cpsc_inceptiontime_seed44,empirical,60,0.031782,-0.031782
1.5000,empirical:ptbxl_cpsc_inceptiontime_seed44,empirical,60,0.041955,-0.041955
2.0000,empirical:ptbxl_cpsc_inceptiontime_seed44,empirical,60,0.082765,-0.082765
3.0000,empirical:ptbxl_cpsc_inceptiontime_seed44,empirical,60,0.131539,-0.131539
4.5000,empirical:ptbxl_cpsc_inceptiontime_seed44,empirical,60,0.168065,-0.168065
0.7000,empirical:ptbxl_cpsc_inceptiontime_seed45,empirical,60,0.040130,-0.040130
0.8000,empirical:ptbxl_cpsc_inceptiontime_seed45,empirical,60,0.024341,-0.024341
0.9000,empirical:ptbxl_cpsc_inceptiontime_seed45,empirical,60,0.010888,-0.010888
1.0000,empirical:ptbxl_cpsc_inceptiontime_seed45,empirical,60,0.000000,-0.000000
1.1000,empirical:ptbxl_cpsc_inceptiontime_seed45,empirical,60,-0.005377,0.005377
1.2500,empirical:ptbxl_cpsc_inceptiontime_seed45,empirical,60,0.002332,-0.002332
1.4000,empirical:ptbxl_cpsc_inceptiontime_seed45,empirical,60,0.016894,-0.016894
1.5000,empirical:ptbxl_cpsc_inceptiontime_seed45,empirical,60,0.025679,-0.025679
2.0000,empirical:ptbxl_cpsc_inceptiontime_seed45,empirical,60,0.060347,-0.060347
3.0000,empirical:ptbxl_cpsc_inceptiontime_seed45,empirical,60,0.101565,-0.101565
4.5000,empirical:ptbxl_cpsc_inceptiontime_seed45,empirical,60,0.133224,-0.133224
0.7000,empirical:ptbxl_cpsc_inceptiontime_seed46,empirical,60,0.040977,-0.040977
0.8000,empirical:ptbxl_cpsc_inceptiontime_seed46,empirical,60,0.024337,-0.024337
0.9000,empirical:ptbxl_cpsc_inceptiontime_seed46,empirical,60,0.010360,-0.010360
1.0000,empirical:ptbxl_cpsc_inceptiontime_seed46,empirical,60,0.000000,-0.000000
1.1000,empirical:ptbxl_cpsc_inceptiontime_seed46,empirical,60,-0.002985,0.002985
1.2500,empirical:ptbxl_cpsc_inceptiontime_seed46,empirical,60,0.008616,-0.008616
1.4000,empirical:ptbxl_cpsc_inceptiontime_seed46,empirical,60,0.023260,-0.023260
1.5000,empirical:ptbxl_cpsc_inceptiontime_seed46,empirical,60,0.031977,-0.031977
2.0000,empirical:ptbxl_cpsc_inceptiontime_seed46,empirical,60,0.065633,-0.065633
3.0000,empirical:ptbxl_cpsc_inceptiontime_seed46,empirical,60,0.103865,-0.103865
4.5000,empirical:ptbxl_cpsc_inceptiontime_seed46,empirical,60,0.132116,-0.132116
0.7000,empirical:ptbxl_cpsc_resnet1d_seed42,empirical,60,0.040185,-0.040185
0.8000,empirical:ptbxl_cpsc_resnet1d_seed42,empirical,60,0.024765,-0.024765
0.9000,empirical:ptbxl_cpsc_resnet1d_seed42,empirical,60,0.011246,-0.011246
1.0000,empirical:ptbxl_cpsc_resnet1d_seed42,empirical,60,0.000000,-0.000000
1.1000,empirical:ptbxl_cpsc_resnet1d_seed42,empirical,60,-0.004852,0.004852
1.2500,empirical:ptbxl_cpsc_resnet1d_seed42,empirical,60,0.007256,-0.007256
1.4000,empirical:ptbxl_cpsc_resnet1d_seed42,empirical,60,0.021544,-0.021544
1.5000,empirical:ptbxl_cpsc_resnet1d_seed42,empirical,60,0.030121,-0.030121
2.0000,empirical:ptbxl_cpsc_resnet1d_seed42,empirical,60,0.063897,-0.063897
3.0000,empirical:ptbxl_cpsc_resnet1d_seed42,empirical,60,0.103369,-0.103369
4.5000,empirical:ptbxl_cpsc_resnet1d_seed42,empirical,60,0.133477,-0.133477
0.7000,empirical:ptbxl_cpsc_resnet1d_seed43,empirical,60,0.040765,-0.040765
0.8000,empirical:ptbxl_cpsc_resnet1d_seed43,empirical,60,0.023692,-0.023692
0.9000,empirical:ptbxl_cpsc_resnet1d_seed43,empirical,60,0.009840,-0.009840
1.0000,empirical:ptbxl_cpsc_resnet1d_seed43,empirical,60,0.000000,-0.000000
1.1000,empirical:ptbxl_cpsc_resnet1d_seed43,empirical,60,-0.000188,0.000188
1.2500,empirical:ptbxl_cpsc_resnet1d_seed43,empirical,60,0.010546,-0.010546
1.4000,empirical:ptbxl_cpsc_resnet1d_seed43,empirical,60,0.025957,-0.025957
1.5000,empirical:ptbxl_cpsc_resnet1d_seed43,empirical,60,0.035604,-0.035604
2.0000,empirical:ptbxl_cpsc_resnet1d_seed43,empirical,60,0.072648,-0.072648
3.0000,empirical:ptbxl_cpsc_resnet1d_seed43,empirical,60,0.114537,-0.114537
4.5000,empirical:ptbxl_cpsc_resnet1d_seed43,empirical,60,0.145352,-0.145352
0.7000,empirical:ptbxl_cpsc_resnet1d_seed44,empirical,60,0.032364,-0.032364
0.8000,empirical:ptbxl_cpsc_resnet1d_seed44,empirical,60,0.020280,-0.020280
0.9000,empirical:ptbxl_cpsc_resnet1d_seed44,empirical,60,0.008811,-0.008811
1.0000,empirical:ptbxl_cpsc_resnet1d_seed44,empirical,60,0.000000,-0.000000
1.1000,empirical:ptbxl_cpsc_resnet1d_seed44,empirical,60,0.003682,-0.003682
1.2500,empirical:ptbxl_cpsc_resnet1d_seed44,empirical,60,0.021089,-0.021089
1.4000,empirical:ptbxl_cpsc_resnet1d_seed44,empirical,60,0.038158,-0.038158
1.5000,empirical:ptbxl_cpsc_resnet1d_seed44,empirical,60,0.048960,-0.048960
2.0000,empirical:ptbxl_cpsc_resnet1d_seed44,empirical,60,0.095967,-0.095967
3.0000,empirical:ptbxl_cpsc_resnet1d_seed44,empirical,60,0.160479,-0.160479
4.5000,empirical:ptbxl_cpsc_resnet1d_seed44,empirical,60,0.212914,-0.212914
0.7000,empirical:ptbxl_cpsc_resnet1d_seed45,empirical,60,0.032947,-0.032947
0.8000,empirical:ptbxl_cpsc_resnet1d_seed45,empirical,60,0.018732,-0.018732
0.9000,empirical:ptbxl_cpsc_resnet1d_seed45,empirical,60,0.007434,-0.007434
1.0000,empirical:ptbxl_cpsc_resnet1d_seed45,empirical,60,-0.000000,0.000000
1.1000,empirical:ptbxl_cpsc_resnet1d_seed45,empirical,60,-0.002036,0.002036
1.2500,empirical:ptbxl_cpsc_resnet1d_seed45,empirical,60,0.008763,-0.008763
1.4000,empirical:ptbxl_cpsc_resnet1d_seed45,empirical,60,0.025125,-0.025125
1.5000,empirical:ptbxl_cpsc_resnet1d_seed45,empirical,60,0.034990,-0.034990
2.0000,empirical:ptbxl_cpsc_resnet1d_seed45,empirical,60,0.074230,-0.074230
3.0000,empirical:ptbxl_cpsc_resnet1d_seed45,empirical,60,0.121001,-0.121001
4.5000,empirical:ptbxl_cpsc_resnet1d_seed45,empirical,60,0.156652,-0.156652
0.7000,empirical:ptbxl_cpsc_resnet1d_seed46,empirical,60,0.036699,-0.036699
0.8000,empirical:ptbxl_cpsc_resnet1d_seed46,empirical,60,0.021362,-0.021362
0.9000,empirical:ptbxl_cpsc_resnet1d_seed46,empirical,60,0.007980,-0.007980
1.0000,empirical:ptbxl_cpsc_resnet1d_seed46,empirical,60,0.000000,-0.000000
1.1000,empirical:ptbxl_cpsc_resnet1d_seed46,empirical,60,0.003817,-0.003817
1.2500,empirical:ptbxl_cpsc_resnet1d_seed46,empirical,60,0.018227,-0.018227
1.4000,empirical:ptbxl_cpsc_resnet1d_seed46,empirical,60,0.034239,-0.034239
1.5000,empirical:ptbxl_cpsc_resnet1d_seed46,empirical,60,0.043942,-0.043942
2.0000,empirical:ptbxl_cpsc_resnet1d_seed46,empirical,60,0.082701,-0.082701
3.0000,empirical:ptbxl_cpsc_resnet1d_seed46,empirical,60,0.128400,-0.128400
4.5000,empirical:ptbxl_cpsc_resnet1d_seed46,empirical,60,0.161825,-0.161825
0.7000,__min__,empirical,60,0.024276,-0.024276
0.8000,__min__,empirical,60,0.012507,-0.012507
0.9000,__min__,empirical,60,0.003285,-0.003285
1.0000,__min__,empirical,60,-0.000000,0.000000
1.1000,__min__,empirical,60,-0.006611,0.006611
1.2500,__min__,empirical,60,-0.011535,0.011535
1.4000,__min__,empirical,60,-0.009763,0.009763
1.5000,__min__,empirical,60,-0.004720,0.004720
2.0000,__min__,empirical,60,0.016820,-0.016820
3.0000,__min__,empirical,60,0.040374,-0.040374
4.5000,__min__,empirical,60,0.060523,-0.060523
0.7000,__median__,empirical,60,0.036608,-0.036608
0.8000,__median__,empirical,60,0.021797,-0.021797
0.9000,__median__,empirical,60,0.009280,-0.009280
1.0000,__median__,empirical,60,0.000000,-0.000000
1.1000,__median__,empirical,60,0.000130,-0.000130
1.2500,__median__,empirical,60,0.013788,-0.013788
1.4000,__median__,empirical,60,0.029419,-0.029419
1.5000,__median__,empirical,60,0.038915,-0.038915
2.0000,__median__,empirical,60,0.078810,-0.078810
3.0000,__median__,empirical,60,0.126043,-0.126043
4.5000,__median__,empirical,60,0.158220,-0.158220
0.7000,__max__,empirical,60,0.045315,-0.045315
0.8000,__max__,empirical,60,0.028210,-0.028210
0.9000,__max__,empirical,60,0.013122,-0.013122
1.0000,__max__,empirical,60,0.000000,-0.000000
1.1000,__max__,empirical,60,0.008935,-0.008935
1.2500,__max__,empirical,60,0.029385,-0.029385
1.4000,__max__,empirical,60,0.048245,-0.048245
1.5000,__max__,empirical,60,0.059746,-0.059746
2.0000,__max__,empirical,60,0.105900,-0.105900
3.0000,__max__,empirical,60,0.160479,-0.160479
4.5000,__max__,empirical,60,0.212914,-0.212914
0.7000,synthetic:uniform,synthetic,15,0.040917,-0.040917
0.8000,synthetic:uniform,synthetic,15,0.024701,-0.024701
0.9000,synthetic:uniform,synthetic,15,0.010887,-0.010887
1.0000,synthetic:uniform,synthetic,15,0.000000,-0.000000
1.1000,synthetic:uniform,synthetic,15,-0.006564,0.006564
1.2500,synthetic:uniform,synthetic,15,-0.008472,0.008472
1.4000,synthetic:uniform,synthetic,15,-0.003987,0.003987
1.5000,synthetic:uniform,synthetic,15,0.000101,-0.000101
2.0000,synthetic:uniform,synthetic,15,0.014831,-0.014831
3.0000,synthetic:uniform,synthetic,15,0.016846,-0.016846
4.5000,synthetic:uniform,synthetic,15,0.001474,-0.001474
0.7000,synthetic:normal_skewed,synthetic,15,0.040980,-0.040980
0.8000,synthetic:normal_skewed,synthetic,15,0.024130,-0.024130
0.9000,synthetic:normal_skewed,synthetic,15,0.010524,-0.010524
1.0000,synthetic:normal_skewed,synthetic,15,0.000000,-0.000000
1.1000,synthetic:normal_skewed,synthetic,15,-0.007273,0.007273
1.2500,synthetic:normal_skewed,synthetic,15,-0.008907,0.008907
1.4000,synthetic:normal_skewed,synthetic,15,-0.002629,0.002629
1.5000,synthetic:normal_skewed,synthetic,15,0.001611,-0.001611
2.0000,synthetic:normal_skewed,synthetic,15,0.017368,-0.017368
3.0000,synthetic:normal_skewed,synthetic,15,0.034199,-0.034199
4.5000,synthetic:normal_skewed,synthetic,15,0.045781,-0.045781
0.7000,synthetic:bimodal,synthetic,15,0.038557,-0.038557
0.8000,synthetic:bimodal,synthetic,15,0.018981,-0.018981
0.9000,synthetic:bimodal,synthetic,15,0.004968,-0.004968
1.0000,synthetic:bimodal,synthetic,15,0.000000,-0.000000
1.1000,synthetic:bimodal,synthetic,15,0.004728,-0.004728
1.2500,synthetic:bimodal,synthetic,15,0.022532,-0.022532
1.4000,synthetic:bimodal,synthetic,15,0.042775,-0.042775
1.5000,synthetic:bimodal,synthetic,15,0.055178,-0.055178
2.0000,synthetic:bimodal,synthetic,15,0.100216,-0.100216
3.0000,synthetic:bimodal,synthetic,15,0.123286,-0.123286
4.5000,synthetic:bimodal,synthetic,15,0.079590,-0.079590
