pair,arch,seed,source,target,T_global,fit_status,n_cal,n_id,n_ood,cal_entropy_mean,cal_entropy_std,id_rel_raw,id_rel_global_T,id_delta_rel_global,id_rel_binned_T,id_delta_rel_binned_vs_global,ood_rel_raw,ood_rel_global_T,ood_delta_rel_global,ood_rel_binned_T,ood_delta_rel_binned_vs_global
ptbxl_chapman,mamba,42,ptbxl,chapman,0.605690583318535,ok,2158,2172,4050,1.5608013494490711,0.02149701346688735,0.022184991400126405,0.012189786649259193,-0.009995204750867213,0.001851871440814919,-0.010337915208444274,0.009358235355835794,0.03298788842577852,0.023629653069942722,0.03339789323770059,0.0004100048119220767
ptbxl_chapman,mamba,43,ptbxl,chapman,0.5230028440755262,ok,2158,2172,4050,1.565532854444896,0.013843728695624223,0.0205528770926364,0.005168978797879449,-0.01538389829475695,0.009168240334030952,0.003999261536151502,0.0018955949639090988,0.017939887506204545,0.016044292542295446,0.018509558500709067,0.0005696709945045217
ptbxl_chapman,resnet1d,42,ptbxl,chapman,1.1082826980335732,ok,2158,2172,4050,0.6342318753046455,0.3377172099738472,0.002147332340846113,0.000291917664335301,-0.001855414676510812,0.0013103710580142343,0.0010184533936789333,0.01378788988699566,0.009362108990003604,-0.004425780896992056,0.009350221428519743,-1.1887561483861497e-05
ptbxl_chapman,resnet1d,43,ptbxl,chapman,1.1906086945599312,ok,2158,2172,4050,0.5559717849916789,0.33534437755304247,0.003417606662253967,0.0013345437265827275,-0.0020830629356712394,0.0014470815544162592,0.00011253782783353177,0.022366982385853856,0.015475105032970742,-0.0068918773528831145,0.016652519609281085,0.001177414576310343
ptbxl_chapman,resnet1d,44,ptbxl,chapman,1.1034153981036612,ok,2158,2172,4050,0.6531596798650081,0.3249934961524918,0.0015302099240869223,0.0005898664825679812,-0.000940343441518941,0.0010286719134271981,0.0004388054308592169,0.025922005647183416,0.023278643851610367,-0.0026433617955730487,0.02614872161601177,0.002870077764401402
ptbxl_chapman,resnet1d,45,ptbxl,chapman,1.1074907194562702,ok,2158,2172,4050,0.6624917425325827,0.3210266183542022,0.0021523205461358315,0.001551630467528946,-0.0006006900786068856,0.0012671911626610543,-0.0002844393048678916,0.03178558344822024,0.027945745571816262,-0.003839837876403976,0.029147207948341997,0.0012014623765257346
ptbxl_chapman,resnet1d,46,ptbxl,chapman,1.1729257090108813,ok,2158,2172,4050,0.5702151973976904,0.3464063416028446,0.0027977612312774527,0.000279886424228964,-0.0025178748070484886,0.0004967833047282434,0.0002168968804992794,0.024662785915421065,0.01824101694562446,-0.0064217689697966054,0.01952287222713689,0.0012818552815124298
ptbxl_chapman,inceptiontime,42,ptbxl,chapman,1.13741424376758,ok,2158,2172,4050,0.6753315223947679,0.3257869878670441,0.00311709700505997,0.0007980936568620571,-0.002319003348197913,0.001300665145498437,0.0005025714886363799,0.01983150731565999,0.01608858887221846,-0.003742918443441528,0.01578725742428208,-0.00030133144793638086
ptbxl_chapman,inceptiontime,43,ptbxl,chapman,1.1058476955742147,ok,2158,2172,4050,0.7042443998339765,0.32225930125285424,0.0025003006208562,0.0015407606572944328,-0.000959539963561767,0.002123844237832474,0.0005830835805380411,0.04138572098883449,0.04681827594888634,0.00543255496005185,0.037634412149930734,-0.009183863798955604
ptbxl_chapman,inceptiontime,44,ptbxl,chapman,1.07375965770372,ok,2158,2172,4050,0.717929784910472,0.32644997577743107,0.0016171072954883703,0.0008270556446193432,-0.0007900516508690271,0.002564229906802414,0.0017371742621830706,0.03963787569935519,0.034523028471094314,-0.005114847228260874,0.03354703454424024,-0.000975993926854074
ptbxl_chapman,inceptiontime,45,ptbxl,chapman,1.0935976757906636,ok,2158,2172,4050,0.7018103226458284,0.33107907770901285,0.0010860975708209223,0.0003587529338570925,-0.0007273446369638298,0.0008730863214815547,0.0005143333876244622,0.024866019977437787,0.020665183018655574,-0.004200836958782213,0.020611862923073147,-5.332009558242645e-05
ptbxl_chapman,inceptiontime,46,ptbxl,chapman,0.9896140050605831,ok,2158,2172,4050,0.8701528126542044,0.29543406209749457,0.00042212493080669936,0.0004087296693188007,-1.3395261487898638e-05,0.0003773937561794462,-3.1335913139354506e-05,0.07202596386779071,0.07292204073094552,0.0008960768631548072,0.07092338074898981,-0.001998659981955711
ptbxl_cpsc,resnet1d,42,ptbxl,cpsc,2.5291274954359406,ok,2099,2120,2057,0.6643560840190552,0.3391089021045894,0.05810261137792552,0.0032274684860869292,-0.05487514289183859,0.0017809656568913057,-0.0014465028291956235,0.17564906328790264,0.030704328446344117,-0.1449447348415585,0.028678585373036847,-0.00202574307330727
ptbxl_cpsc,resnet1d,43,ptbxl,cpsc,2.515012083640151,ok,2099,2120,2057,0.7209129167092101,0.2827535691416912,0.04722166257892625,0.015727577581922447,-0.031494084997003804,0.0029888832429476224,-0.012738694338974826,0.1620380002622052,0.03949536741602747,-0.12254263284617772,0.04429062066357265,0.004795253247545178
ptbxl_cpsc,resnet1d,44,ptbxl,cpsc,4.439669380509517,ok,2099,2120,2057,0.3658224438016312,0.29756077777801687,0.10767263461806659,0.03136257865606084,-0.07631005596200574,0.008011193403623888,-0.023351385252436952,0.22487366838663772,0.023654787572118113,-0.2012188808145196,0.013236040893540345,-0.010418746678577768
ptbxl_cpsc,resnet1d,45,ptbxl,cpsc,3.97469503150438,ok,2099,2120,2057,0.6158225606080404,0.3124674287185685,0.06392708864921826,0.02995870590433364,-0.03396838274488462,0.010471377702714143,-0.019487328201619497,0.13600568316760325,0.01850858873060529,-0.11749709443699796,0.001444907688304359,-0.01706368104230093
ptbxl_cpsc,resnet1d,46,ptbxl,cpsc,2.1719145995086984,ok,2099,2120,2057,0.6696561139301117,0.32821496455335575,0.04520967168940856,0.010880503154894031,-0.03432916853451452,0.0024884798546330883,-0.008392023300260943,0.1402164411563263,0.025947554615309426,-0.11426888654101688,0.0343220197581727,0.008374465142863274
ptbxl_cpsc,inceptiontime,42,ptbxl,cpsc,3.6532544212924067,ok,2099,2120,2057,0.6006742145675582,0.3178516368517298,0.06710203775310038,0.026306137163396956,-0.04079590058970342,0.011920318571421203,-0.014385818591975753,0.19260187757672687,0.019593118125478114,-0.17300875945124874,0.018839244262020886,-0.000753873863457228
ptbxl_cpsc,inceptiontime,43,ptbxl,cpsc,2.8846796624403255,ok,2099,2120,2057,0.5672272021364084,0.31917979791577367,0.0603797572904769,0.007633255983617027,-0.05274650130685987,0.005715116824254434,-0.0019181391593625927,0.17251828096002791,0.01976687346543324,-0.15275140749459468,0.027294421171544483,0.007527547706111241
ptbxl_cpsc,inceptiontime,44,ptbxl,cpsc,3.5264703798914034,ok,2099,2120,2057,0.5788655249942813,0.30694716719696336,0.05711042450731979,0.027488500705259992,-0.0296219238020598,0.014926997456597159,-0.012561503248662833,0.1641090901415542,0.016196744714686667,-0.14791234542686754,0.016276582786090548,7.983807140388155e-05
ptbxl_cpsc,inceptiontime,45,ptbxl,cpsc,3.409269083439769,ok,2099,2120,2057,0.6677954441084755,0.32949614506462227,0.06403809415575111,0.050668330851736866,-0.013369763304014244,0.004201606665911102,-0.046466724185825765,0.13869726613511385,0.037753002293186406,-0.10094426384192745,0.004207262408475465,-0.03354573988471094
ptbxl_cpsc,inceptiontime,46,ptbxl,cpsc,2.1212841667648323,ok,2099,2120,2057,0.7183837159014138,0.3114214117524102,0.046872439332929235,0.006259428517551046,-0.04061301081537819,0.003392682598868367,-0.0028667459186826794,0.1481192642710177,0.03123455414427197,-0.11688471012674574,0.03683806094894704,0.005603506804675067
chapman_ptbxl,resnet1d,42,chapman,ptbxl,1.1246149746958785,ok,2025,4050,2172,0.32219461100244134,0.3473972389762274,0.0003830866516257635,0.0005787955141228482,0.00019570886249708477,0.0005590196021533981,-1.977591196945013e-05,0.08205259627421856,0.07130299840643102,-0.010749597867787536,0.07064449303739341,-0.0006585053690376097
chapman_ptbxl,resnet1d,43,chapman,ptbxl,1.1279350099751135,ok,2025,4050,2172,0.28835821091590574,0.32572636177109915,0.0012210088848558136,0.0006248084485752883,-0.0005962004362805253,0.0006656932480215441,4.088479944625587e-05,0.07980176903755781,0.0691490721871186,-0.010652696850439208,0.07072284223340669,0.0015737700462880866
chapman_ptbxl,resnet1d,44,chapman,ptbxl,1.068435712009116,ok,2025,4050,2172,0.3147812883696347,0.3617361223060181,0.0007882744618419049,0.0004269099368359234,-0.00036136452500598154,0.0004237532784725671,-3.156658363356326e-06,0.07373014712349543,0.06733429130069099,-0.0063958558228044415,0.06728847863700663,-4.581266368436365e-05
chapman_ptbxl,resnet1d,45,chapman,ptbxl,0.987885834160384,ok,2025,4050,2172,0.5232385623577442,0.36358014492733,0.0007690428722615722,0.0008419512813624688,7.29084091008966e-05,0.0007706464836817964,-7.130479768067239e-05,0.10778075799019382,0.10911584427966173,0.0013350862894679072,0.11282545482134598,0.003709610541684255
chapman_ptbxl,resnet1d,46,chapman,ptbxl,1.0635272287093325,ok,2025,4050,2172,0.3409074567502693,0.3619280231531792,0.0002113023573527824,0.00033983521996585345,0.00012853286261307106,0.0002539615945907008,-8.587362537515263e-05,0.07419815484619385,0.06934689429684938,-0.004851260549344469,0.06876360301197998,-0.0005832912848694055
chapman_ptbxl,inceptiontime,42,chapman,ptbxl,0.9843878418023013,ok,2025,4050,2172,0.5277780509589572,0.44035315373054906,0.0005368187920168618,0.0006667797995872666,0.00012996100757040475,0.0005048416127635812,-0.00016193818682368535,0.13527963675224178,0.13644513060388272,0.0011654938516409419,0.1263635873749306,-0.010081543228952106
chapman_ptbxl,inceptiontime,43,chapman,ptbxl,1.0389052969058246,ok,2025,4050,2172,0.48052560360109625,0.4126096090866777,0.00021757125448583478,0.00010834512202046577,-0.00010922613246536901,0.0002462000504275184,0.00013785492840705265,0.119715792004593,0.11588763766414809,-0.0038281543404449087,0.1094119091319191,-0.006475728532228983
chapman_ptbxl,inceptiontime,44,chapman,ptbxl,1.0593891347337667,ok,2025,4050,2172,0.4331602246512226,0.4033537959638596,0.0002789022289316492,0.00011126597006131151,-0.00016763625887033772,0.0004280850320443625,0.00031681906198305094,0.11732954603509015,0.1096443041423594,-0.007685241892730746,0.10835541977316458,-0.0012888843691948176
chapman_ptbxl,inceptiontime,45,chapman,ptbxl,1.103969667968837,ok,2025,4050,2172,0.4191890693914462,0.362687350475535,0.001137714654253724,0.0018902607109301188,0.0007525460566763947,0.0028587932542108395,0.0009685325432807208,0.13168008721500027,0.11897790884767342,-0.012702178367326844,0.12266490368487287,0.0036869948371994476
chapman_ptbxl,inceptiontime,46,chapman,ptbxl,1.0741812157736539,ok,2025,4050,2172,0.3800178219366963,0.37748724768474196,0.0005634309031808373,0.0006018194088875588,3.838850570672149e-05,0.00038132490237649763,-0.00022049450651106113,0.10385811686512185,0.09790245585560428,-0.005955661009517568,0.09931392470814647,0.0014114688525421887
chapman_cpsc,resnet1d,42,chapman,cpsc,1.5364023448258783,ok,1979,3958,2057,0.25234460478830867,0.2535459121230868,0.0023380120906816306,0.004053573512740715,0.0017155614220590843,0.006767004013049295,0.0027134305003085803,0.14336490932120907,0.0841356966272053,-0.059229212694003774,0.05871407846444049,-0.02542161816276481
chapman_cpsc,resnet1d,43,chapman,cpsc,1.2230061126829146,ok,1979,3958,2057,0.33453845065368354,0.29107571733638393,0.0016443082838292753,0.0036547382476156912,0.002010429963786416,0.005344339905939733,0.0016896016583240418,0.14166275589718835,0.10876188516788193,-0.03290087072930642,0.09741509427327358,-0.011346790894608355
chapman_cpsc,resnet1d,44,chapman,cpsc,1.323635022792341,ok,1979,3958,2057,0.31647059846353404,0.33968037499329223,0.0007638543985841899,0.0013851599931453842,0.0006213055945611944,0.0043166492164384415,0.0029314892232930575,0.1395175476882048,0.09758123116496364,-0.041936316523241146,0.09014632125386908,-0.007434909911094564
chapman_cpsc,resnet1d,45,chapman,cpsc,1.5302028878708633,ok,1979,3958,2057,0.24023329175814562,0.27807142395593726,0.0017094594776028962,0.0021540869006585342,0.000444627423055638,0.004864524497014068,0.002710437596355534,0.16293291208375907,0.10451193843136139,-0.05842097365239768,0.08705628273542372,-0.01745565569593767
chapman_cpsc,resnet1d,46,chapman,cpsc,1.3437991592772258,ok,1979,3958,2057,0.2811225430978939,0.2721273745714697,0.0031002829350185697,0.0041811710086502325,0.0010808880736316627,0.0038997215976792525,-0.0002814494109709799,0.17597529599650102,0.1280847941364772,-0.04789050186002383,0.10807413067338568,-0.020010663463091508
chapman_cpsc,inceptiontime,42,chapman,cpsc,1.43222664517785,ok,1979,3958,2057,0.38594457868896276,0.3462188615461632,0.0011058983155330122,0.003707634513856251,0.002601736198323239,0.010638906547611376,0.006931272033755126,0.17653701528697682,0.11229036570079555,-0.06424664958618127,0.09634490169185203,-0.01594546400894352
chapman_cpsc,inceptiontime,43,chapman,cpsc,1.263318103660529,ok,1979,3958,2057,0.42931352735099043,0.335403179128481,0.0007207470320976235,0.002203851872091143,0.0014831048399935195,0.007682116805052031,0.005478264932960888,0.11263919859237775,0.08176136415378271,-0.030877834438595042,0.07271388383996513,-0.00904748031381758
chapman_cpsc,inceptiontime,44,chapman,cpsc,1.6118524350653665,ok,1979,3958,2057,0.3084986085984722,0.28726845514775934,0.00412826851832021,0.006045700001413675,0.0019174314830934652,0.006030457760276107,-1.524224113756776e-05,0.1779425379404584,0.09910678314235397,-0.07883575479810442,0.09233882627345831,-0.006767956868895655
chapman_cpsc,inceptiontime,45,chapman,cpsc,1.2438574053340865,ok,1979,3958,2057,0.38927739155171903,0.3360791356109956,0.000861623216893996,0.0031975167872701337,0.0023358935703761377,0.0065432948734539835,0.0033457780861838498,0.1446261645228179,0.10860374939386368,-0.036022415128954224,0.1084073502093775,-0.00019639918448617621
chapman_cpsc,inceptiontime,46,chapman,cpsc,1.4799010640794665,ok,1979,3958,2057,0.27244712206378363,0.26809059650680256,0.0016792992379372988,0.0026383049767081715,0.0009590057387708728,0.00475208280860211,0.0021137778318939386,0.17662887882023504,0.11793099971503408,-0.058697879105200954,0.10992914280759718,-0.008001856907436905
cpsc_ptbxl,resnet1d,42,cpsc,ptbxl,2.735393847264204,ok,1027,2057,2120,0.5900608435362212,0.26400533381688757,0.09545101889962597,0.0014070427114968524,-0.09404397618812911,0.0005378040492766633,-0.0008692386622201891,0.19280166707070853,0.028667543816410176,-0.16413412325429835,0.029021082197181733,0.0003535383807715571
cpsc_ptbxl,resnet1d,43,cpsc,ptbxl,2.5512353145238826,ok,1027,2057,2120,0.6833383628959707,0.25491613910185723,0.052985664544107726,0.0015428474388158979,-0.051442817105291826,0.001365498831119726,-0.00017734860769617194,0.17023297652361238,0.031250111681825385,-0.138982864841787,0.03044831408005181,-0.0008017976017735753
cpsc_ptbxl,resnet1d,44,cpsc,ptbxl,3.2499354254623336,ok,1027,2057,2120,0.601086075785322,0.23972633086789402,0.09394400107535726,0.001764564818455037,-0.09217943625690223,0.0025908715103777685,0.0008263066919227315,0.18720005228513503,0.015962575662019387,-0.17123747662311564,0.01930261220872333,0.0033400365467039436
cpsc_ptbxl,resnet1d,45,cpsc,ptbxl,3.124322258460556,ok,1027,2057,2120,0.5384014951050345,0.28186447220235356,0.08255336152007382,0.010021640541015647,-0.07253172097905818,0.0029072733515181823,-0.0071143671894974645,0.15928089068870332,0.01171142410039088,-0.14756946658831244,0.0060879512287671435,-0.005623472871623736
cpsc_ptbxl,resnet1d,46,cpsc,ptbxl,3.517769660732684,ok,1027,2057,2120,0.49771056666793423,0.27757799129942073,0.13408014899020126,0.020269211593516634,-0.11381093739668463,0.0029655247895309413,-0.017303686803985693,0.2310319355452654,0.030074501648317407,-0.200957433896948,0.023442794796443213,-0.006631706851874194
cpsc_ptbxl,inceptiontime,42,cpsc,ptbxl,2.7500469670601704,ok,1027,2057,2120,0.6841770819539358,0.32471598918799527,0.047569412236361096,0.0028622107416114333,-0.04470720149474966,0.0037577324404752003,0.000895521698863767,0.13235517334798144,0.018898318380703064,-0.11345685496727838,0.013830458772760845,-0.005067859607942218
cpsc_ptbxl,inceptiontime,43,cpsc,ptbxl,2.820685505967507,ok,1027,2057,2120,0.6528058847626133,0.2529212464925868,0.06970589532530169,0.010146334658313817,-0.05955956066698788,0.0018976264929268186,-0.008248708165386998,0.22085476602648288,0.05495932458822548,-0.1658954414382574,0.040570039317364304,-0.014389285270861175
cpsc_ptbxl,inceptiontime,44,cpsc,ptbxl,3.045572620744105,ok,1027,2057,2120,0.5766008344884451,0.27741766723837,0.08748314696517029,0.009399180440698094,-0.07808396652447219,0.005042685071256233,-0.004356495369441861,0.1924292452626014,0.025360434049414265,-0.16706881121318715,0.01706405231409664,-0.008296381735317625
cpsc_ptbxl,inceptiontime,45,cpsc,ptbxl,3.1687508769300905,ok,1027,2057,2120,0.6495679664525552,0.2539043848826725,0.08802299465386011,0.004029497800810968,-0.08399349685304915,0.0025006298909026666,-0.0015288679099083012,0.20327154774044506,0.02850450875683468,-0.17476703898361037,0.027525079769127728,-0.0009794289877069519
cpsc_ptbxl,inceptiontime,46,cpsc,ptbxl,2.7373150664726684,ok,1027,2057,2120,0.6712010894209615,0.2838771441469359,0.06228430791178258,0.006079156602428259,-0.056205151309354315,0.002786516373132528,-0.0032926402292957307,0.1027579067402249,0.00842353463779288,-0.09433437210243202,0.003237028254024746,-0.005186506383768133
cpsc_chapman,resnet1d,42,cpsc,chapman,2.060530990563663,ok,1027,2057,3958,0.7953344507142155,0.2822823894361253,0.042503631267596126,0.013486926398883175,-0.029016704868712953,0.0008845656884012332,-0.01260236071048194,0.012474827496253128,0.025671490010553983,0.013196662514300855,0.010621745441858434,-0.01504974456869555
cpsc_chapman,resnet1d,43,cpsc,chapman,2.5513717677375434,ok,1027,2057,3958,0.5668400249258077,0.3011819863906481,0.1140020507068997,0.030208116387748587,-0.08379393431915111,0.008916622686810472,-0.021291493700938115,0.027696727934560177,0.017823550523546266,-0.00987317741101391,0.02221940062305728,0.004395850099511014
cpsc_chapman,resnet1d,44,cpsc,chapman,3.129226923583734,ok,1027,2057,3958,0.6886055199484381,0.23463180653592097,0.0934167688754712,0.006800970803459876,-0.08661579807201134,0.005905292300057477,-0.0008956785034023992,0.034069989843384565,0.01343872698368242,-0.020631262859702147,0.01041887047178059,-0.0030198565119018295
cpsc_chapman,resnet1d,45,cpsc,chapman,2.7420416729172334,ok,1027,2057,3958,0.6263949493801957,0.2607717394263675,0.08707299733826705,0.011976525096746843,-0.0750964722415202,0.0030822487139766054,-0.008894276382770239,0.013252813248693388,0.040217995138973346,0.02696518189027996,0.02345829898381426,-0.016759696155159085
cpsc_chapman,resnet1d,46,cpsc,chapman,3.182498004378729,ok,1027,2057,3958,0.5827735309485106,0.2641594755072861,0.09685873392335059,0.00503263670227902,-0.09182609722107157,0.005792327017259815,0.0007596903149807953,0.03306940327714248,0.044367062261182005,0.011297658984039526,0.022653834817358755,-0.02171322744382325
cpsc_chapman,inceptiontime,42,cpsc,chapman,2.7500469670601704,ok,1027,2057,3958,0.6841770819539358,0.32471598918799527,0.047569412236361096,0.0028622107416114333,-0.04470720149474966,0.0037577324404752003,0.000895521698863767,0.009197480758176483,0.03885852713585767,0.02966104637768119,0.0340473554645765,-0.0048111716712811725
cpsc_chapman,inceptiontime,43,cpsc,chapman,2.820685505967507,ok,1027,2057,3958,0.6528058847626133,0.2529212464925868,0.06970589532530169,0.010146334658313817,-0.05955956066698788,0.0018976264929268186,-0.008248708165386998,0.02483005907550547,0.024496649269622105,-0.00033340980588336677,0.012862713352029974,-0.01163393591759213
cpsc_chapman,inceptiontime,44,cpsc,chapman,2.4961150801808736,ok,1027,2057,3958,0.7167632995971216,0.24418956632501695,0.04848262785097237,0.0062278151557453795,-0.04225481269522699,0.0031102285460003027,-0.003117586609745077,0.007082957630631447,0.03569525263202286,0.028612295001391414,0.029496497756257515,-0.006198754875765346
cpsc_chapman,inceptiontime,45,cpsc,chapman,3.437562736300545,ok,1027,2057,3958,0.5825699968846033,0.2705790241369126,0.0827714782621076,0.009165564021452459,-0.07360591424065513,0.007591875082875062,-0.0015736889385773965,0.03844089627751614,0.028840966849863897,-0.00959992942765224,0.015325690794179359,-0.013515276055684538
cpsc_chapman,inceptiontime,46,cpsc,chapman,2.195875555869877,ok,1027,2057,3958,0.8603109099950869,0.2737588351149817,0.07326782623713389,0.01540040474137659,-0.0578674214957573,0.005541277158656914,-0.009859127582719677,0.04066152058109859,0.009008057008721936,-0.03165346357237665,0.007560857743444083,-0.0014471992652778532
ALL,SUMMARY,-1,,,2.0181522915251833,"n=62,mean",2025,2172,2172,0.5836009195859908,0.30050611013495,nan,nan,nan,nan,nan,nan,nan,nan,nan,nan
ptbxl_chapman,PAIR_MEAN,-1,,,1.0176374937045949,"n=12,pair_mean",0,0,0,nan,nan,nan,nan,nan,nan,nan,nan,nan,nan,nan,nan
ptbxl_cpsc,PAIR_MEAN,-1,,,3.122537630442742,"n=10,pair_mean",0,0,0,nan,nan,nan,nan,nan,nan,nan,nan,nan,nan,nan,nan
chapman_ptbxl,PAIR_MEAN,-1,,,1.0633231916734207,"n=10,pair_mean",0,0,0,nan,nan,nan,nan,nan,nan,nan,nan,nan,nan,nan,nan
chapman_cpsc,PAIR_MEAN,-1,,,1.3988201180766524,"n=10,pair_mean",0,0,0,nan,nan,nan,nan,nan,nan,nan,nan,nan,nan,nan,nan
cpsc_ptbxl,PAIR_MEAN,-1,,,2.9701027543618204,"n=10,pair_mean",0,0,0,nan,nan,nan,nan,nan,nan,nan,nan,nan,nan,nan,nan
cpsc_chapman,PAIR_MEAN,-1,,,2.7365955204559875,"n=10,pair_mean",0,0,0,nan,nan,nan,nan,nan,nan,nan,nan,nan,nan,nan,nan
ALL,mamba_MEAN,-1,,,0.5643467136970306,"n=2,arch_mean",0,0,0,nan,nan,nan,nan,nan,nan,nan,nan,nan,nan,nan,nan
ALL,resnet1d_MEAN,-1,,,2.082897065412887,"n=30,arch_mean",0,0,0,nan,nan,nan,nan,nan,nan,nan,nan,nan,nan,nan,nan
ALL,inceptiontime_MEAN,-1,,,2.0503278894926895,"n=30,arch_mean",0,0,0,nan,nan,nan,nan,nan,nan,nan,nan,nan,nan,nan,nan
ALL,DIST_STATS,-1,,,0.9859555238799711,"n=62,std",1,1.107688714100596,2.803025871240673,1.5741273899456223,0.5230028440755262,4.439669380509517,0.987972242705394,3.5260353439334673,nan,nan,1.0474883848020438,nan,nan,nan,nan
