pair,arch,seed,shift_name,shift_type,T_shift,T_relative,cal_entropy_mean,n_cal,fit_status
ptbxl_chapman,mamba,42,baseline,none,0.605690583318535,1.0,1.5608013494490711,2158,ok
ptbxl_chapman,mamba,42,fs250,downsample,0.6057516154132779,1.00010076447682,1.5608190088722727,2158,ok
ptbxl_chapman,mamba,42,fs125,downsample,0.605649188611731,0.9999316570078122,1.5609107688849369,2158,ok
ptbxl_chapman,mamba,42,leads6,leads,0.6542502298950617,1.0801723650885768,1.5705051129025263,2158,ok
ptbxl_chapman,mamba,42,leads3,leads,0.9220917628403831,1.5223808793399245,1.551795286973305,2158,ok
ptbxl_chapman,mamba,42,leads2,leads,0.7333581839358059,1.2107802302584751,1.5741031700885024,2158,ok
ptbxl_chapman,mamba,42,leads1,leads,0.7093467425352515,1.171137148358477,1.5737630025927367,2158,ok
ptbxl_chapman,mamba,42,noise24,noise,0.6082104702931036,1.0041603535600014,1.5604163404804163,2158,ok
ptbxl_chapman,mamba,42,noise12,noise,0.6288684556880214,1.0382668527592034,1.556960986926077,2158,ok
ptbxl_chapman,mamba,42,noise6,noise,0.6714959352847409,1.1086451626929104,1.5515746068441847,2158,ok
ptbxl_chapman,mamba,42,noise0,noise,0.704463775892383,1.1630753313559488,1.555233126577894,2158,ok
ptbxl_chapman,mamba,42,noise-6,noise,0.6765720873998666,1.1170259304560706,1.5766311625264033,2158,ok
ptbxl_chapman,mamba,42,gain0.5,gain,0.6171589517537795,1.0189343680603555,1.560278278734062,2158,ok
ptbxl_chapman,mamba,42,gain2.0,gain,0.5876837708163433,0.9702706084622718,1.5623032434130777,2158,ok
ptbxl_chapman,mamba,43,baseline,none,0.5230028440755262,1.0,1.565532854444896,2158,ok
ptbxl_chapman,mamba,43,fs250,downsample,0.5224677974626875,0.9989769718866739,1.5655858010426038,2158,ok
ptbxl_chapman,mamba,43,fs125,downsample,0.5224954647489118,0.999029872719887,1.5656423781067492,2158,ok
ptbxl_chapman,mamba,43,leads6,leads,0.5358813782716609,1.0246242144608202,1.5588549537278036,2158,ok
ptbxl_chapman,mamba,43,leads3,leads,0.7153784119568007,1.3678289134762216,1.5682866965737168,2158,ok
ptbxl_chapman,mamba,43,leads2,leads,0.5804356241052837,1.1098135137893508,1.559562403960572,2158,ok
ptbxl_chapman,mamba,43,leads1,leads,0.7091425102848977,1.355905648158371,1.5674403143162834,2158,ok
ptbxl_chapman,mamba,43,noise24,noise,0.5216673387947465,0.9974464665041346,1.5655292749137566,2158,ok
ptbxl_chapman,mamba,43,noise12,noise,0.5199033965576005,0.9940737463418495,1.5650749555547872,2158,ok
ptbxl_chapman,mamba,43,noise6,noise,0.5103597172938394,0.9758258928705539,1.56435805223908,2158,ok
ptbxl_chapman,mamba,43,noise0,noise,0.49486698073705027,0.9462032307143383,1.564267919519267,2158,ok
ptbxl_chapman,mamba,43,noise-6,noise,0.5183158876189021,0.9910383729080692,1.5683665219607705,2158,ok
ptbxl_chapman,mamba,43,gain0.5,gain,0.5040671960844882,0.963794368987593,1.5664300327984795,2158,ok
ptbxl_chapman,mamba,43,gain2.0,gain,0.5542195818629675,1.059687510576775,1.5637022105078733,2158,ok
ptbxl_chapman,resnet1d,42,baseline,none,1.1082826980335732,1.0,0.6342318753046455,2158,ok
ptbxl_chapman,resnet1d,42,fs250,downsample,5.351493901742269,4.828636151441711,0.5393431898030258,2158,ok
ptbxl_chapman,resnet1d,42,fs125,downsample,6.767958700745043,6.106707893891547,0.702214724675734,2158,ok
ptbxl_chapman,resnet1d,42,leads6,leads,1.024088407391716,0.9240317558045045,0.7802297733027371,2158,ok
ptbxl_chapman,resnet1d,42,leads3,leads,2.4795359981086875,2.2372775488673873,0.9993206096938427,2158,ok
ptbxl_chapman,resnet1d,42,leads2,leads,3.3055273345552534,2.9825669393019063,1.256231906304683,2158,ok
ptbxl_chapman,resnet1d,42,leads1,leads,90.33288601933616,81.50707953811231,0.9886223980343639,2158,ok
ptbxl_chapman,resnet1d,42,noise24,noise,1.1079251859979535,0.9996774180123411,0.6342514963972876,2158,ok
ptbxl_chapman,resnet1d,42,noise12,noise,1.0973128070618705,0.9901019018061308,0.64311307959394,2158,ok
ptbxl_chapman,resnet1d,42,noise6,noise,1.050268814908309,0.9476542553373808,0.6882355537189485,2158,ok
ptbxl_chapman,resnet1d,42,noise0,noise,0.9212707162695019,0.831259675806645,0.886768918316762,2158,ok
ptbxl_chapman,resnet1d,42,noise-6,noise,5.868198611033722,5.294857188915492,0.9842475939903187,2158,ok
ptbxl_chapman,resnet1d,42,gain0.5,gain,1.1557623414387033,1.0428407332257132,0.9423128951992661,2158,ok
ptbxl_chapman,resnet1d,42,gain2.0,gain,1.5094848730345418,1.3620034632976064,0.6222933291335269,2158,ok
ptbxl_chapman,resnet1d,43,baseline,none,1.1906086945599312,1.0,0.5559717849916789,2158,ok
ptbxl_chapman,resnet1d,43,fs250,downsample,4.860326875261026,4.082220210106464,0.5707720137778376,2158,ok
ptbxl_chapman,resnet1d,43,fs125,downsample,5.331333627482245,4.4778218501527025,0.6584855905199845,2158,ok
ptbxl_chapman,resnet1d,43,leads6,leads,1.1950433755998695,1.0037247174997135,0.7611656737956504,2158,ok
ptbxl_chapman,resnet1d,43,leads3,leads,2.3368519019623415,1.9627371382720171,0.796226150801343,2158,ok
ptbxl_chapman,resnet1d,43,leads2,leads,4.3487416217496735,3.6525364224364587,0.7929179568277842,2158,ok
ptbxl_chapman,resnet1d,43,leads1,leads,16.716260431240144,14.040096051388867,0.32832925670090374,2158,ok
ptbxl_chapman,resnet1d,43,noise24,noise,1.1877697121753112,0.9976155201977008,0.5571050784518214,2158,ok
ptbxl_chapman,resnet1d,43,noise12,noise,1.1680457145044023,0.981049206041731,0.5749257228109772,2158,ok
ptbxl_chapman,resnet1d,43,noise6,noise,1.0898467988347005,0.9153694272638635,0.6490158510219981,2158,ok
ptbxl_chapman,resnet1d,43,noise0,noise,1.0641427979417912,0.8937804694388832,0.8588475851537645,2158,ok
ptbxl_chapman,resnet1d,43,noise-6,noise,2.630059073946227,2.2090037524195476,0.9073620247438764,2158,ok
ptbxl_chapman,resnet1d,43,gain0.5,gain,1.3712896086583182,1.151755076982005,0.6958742031309917,2158,ok
ptbxl_chapman,resnet1d,43,gain2.0,gain,1.8455942779379144,1.5501266590532305,0.6465055263576238,2158,ok
ptbxl_chapman,resnet1d,44,baseline,none,1.1034153981036612,1.0,0.6531596798650081,2158,ok
ptbxl_chapman,resnet1d,44,fs250,downsample,6.881265472828936,6.236332649204584,0.5433624877639538,2158,ok
ptbxl_chapman,resnet1d,44,fs125,downsample,6.985858400816866,6.331122814511036,0.5135396621072557,2158,ok
ptbxl_chapman,resnet1d,44,leads6,leads,1.2110906306369207,1.0975835870319655,0.752637872700369,2158,ok
ptbxl_chapman,resnet1d,44,leads3,leads,3.003340008737582,2.7218579819523514,0.7927540034896207,2158,ok
ptbxl_chapman,resnet1d,44,leads2,leads,9.79663158386688,8.878461910812058,0.845002757643266,2158,ok
ptbxl_chapman,resnet1d,44,leads1,leads,100.0,90.62770029479454,0.8653433570123408,2158,ok
ptbxl_chapman,resnet1d,44,noise24,noise,1.102981980127529,0.9996072032555671,0.6536811427016486,2158,ok
ptbxl_chapman,resnet1d,44,noise12,noise,1.0996761621947402,0.9966112164871478,0.6705237445393151,2158,ok
ptbxl_chapman,resnet1d,44,noise6,noise,1.1004574823700641,0.9973193089939831,0.7179067465340838,2158,ok
ptbxl_chapman,resnet1d,44,noise0,noise,1.3397196920002374,1.2141571472563195,0.8143523657839503,2158,ok
ptbxl_chapman,resnet1d,44,noise-6,noise,7.515356630043771,6.8109948827610385,0.5990443870105866,2158,ok
ptbxl_chapman,resnet1d,44,gain0.5,gain,1.1199102431430024,1.0149488987263449,0.8047211833867725,2158,ok
ptbxl_chapman,resnet1d,44,gain2.0,gain,1.7536799002883536,1.5893197641633807,0.6801105308484624,2158,ok
ptbxl_chapman,resnet1d,45,baseline,none,1.1074907194562702,1.0,0.6624917425325827,2158,ok
ptbxl_chapman,resnet1d,45,fs250,downsample,4.354518581249234,3.931878168141322,0.6164939950536953,2158,ok
ptbxl_chapman,resnet1d,45,fs125,downsample,8.844745668322595,7.986293260014839,0.5572804603920934,2158,ok
ptbxl_chapman,resnet1d,45,leads6,leads,1.2036990472422149,1.0868705498798028,0.7201577905510586,2158,ok
ptbxl_chapman,resnet1d,45,leads3,leads,7.75184253932557,6.999465009631311,0.6882952610725067,2158,ok
ptbxl_chapman,resnet1d,45,leads2,leads,54.45708949883689,49.1715989508002,0.5620074441665096,2158,ok
ptbxl_chapman,resnet1d,45,leads1,leads,100.0,90.29421036511769,0.6207637174146811,2158,ok
ptbxl_chapman,resnet1d,45,noise24,noise,1.1057165362563868,0.9983980152892347,0.663386986275131,2158,ok
ptbxl_chapman,resnet1d,45,noise12,noise,1.0841256287483416,0.9789026758441824,0.6795269812688575,2158,ok
ptbxl_chapman,resnet1d,45,noise6,noise,1.0352688214299262,0.9347878074664121,0.7320099334399085,2158,ok
ptbxl_chapman,resnet1d,45,noise0,noise,0.9670919185173076,0.8732280113300702,0.9448972345379943,2158,ok
ptbxl_chapman,resnet1d,45,noise-6,noise,34.99948691866357,31.602510345049932,0.8822076162001999,2158,ok
ptbxl_chapman,resnet1d,45,gain0.5,gain,2.1918982049209537,1.9791571761405644,0.7387345688415144,2158,ok
ptbxl_chapman,resnet1d,45,gain2.0,gain,2.155671128822316,1.946446223838929,0.809876359322207,2158,ok
ptbxl_chapman,resnet1d,46,baseline,none,1.1729257090108813,1.0,0.5702151973976904,2158,ok
ptbxl_chapman,resnet1d,46,fs250,downsample,6.3778086424291685,5.437521399209096,0.6179692912118929,2158,ok
ptbxl_chapman,resnet1d,46,fs125,downsample,5.1864330158019145,4.421791572951019,0.7159755869683254,2158,ok
ptbxl_chapman,resnet1d,46,leads6,leads,1.0676156604816345,0.9102159261066466,0.7529486060431508,2158,ok
ptbxl_chapman,resnet1d,46,leads3,leads,3.3715773917393768,2.874502081280664,0.7828886041165878,2158,ok
ptbxl_chapman,resnet1d,46,leads2,leads,7.211037275192584,6.1479062312255,0.5673947716030892,2158,ok
ptbxl_chapman,resnet1d,46,leads1,leads,17.4154863790961,14.847902339682229,0.048811424829579265,2158,ok
ptbxl_chapman,resnet1d,46,noise24,noise,1.1696524355286722,0.9972093087762826,0.5713386199202803,2158,ok
ptbxl_chapman,resnet1d,46,noise12,noise,1.17085387305392,0.9982336170645381,0.5792035250528003,2158,ok
ptbxl_chapman,resnet1d,46,noise6,noise,1.1370554641601684,0.9694181442395342,0.6283324802871009,2158,ok
ptbxl_chapman,resnet1d,46,noise0,noise,1.1445384111700279,0.9757978722584295,0.7782016817499274,2158,ok
ptbxl_chapman,resnet1d,46,noise-6,noise,15.118695532074026,12.889729857506063,0.6710156993021791,2158,ok
ptbxl_chapman,resnet1d,46,gain0.5,gain,1.09422142287505,0.9328991721034046,0.8107178186894286,2158,ok
ptbxl_chapman,resnet1d,46,gain2.0,gain,1.9616086195182485,1.6724065338907586,0.6276197669447005,2158,ok
ptbxl_chapman,inceptiontime,42,baseline,none,1.13741424376758,1.0,0.6753315223947679,2158,ok
ptbxl_chapman,inceptiontime,42,fs250,downsample,2.019829876504245,1.775808495077171,0.7834527049387832,2158,ok
ptbxl_chapman,inceptiontime,42,fs125,downsample,8.933123778955697,7.8538877351892005,0.6077638403725877,2158,ok
ptbxl_chapman,inceptiontime,42,leads6,leads,1.433718525439541,1.2605069202320522,0.7287489644045287,2158,ok
ptbxl_chapman,inceptiontime,42,leads3,leads,7.492661436356756,6.5874517374936365,0.5483665812586073,2158,ok
ptbxl_chapman,inceptiontime,42,leads2,leads,12.154510061964634,10.686089196231567,0.2994539018835307,2158,ok
ptbxl_chapman,inceptiontime,42,leads1,leads,14.326531497717703,12.595702556231743,0.3156189663936538,2158,ok
ptbxl_chapman,inceptiontime,42,noise24,noise,1.1333163928004903,0.9963972220415352,0.6771391702449343,2158,ok
ptbxl_chapman,inceptiontime,42,noise12,noise,1.0931110252477267,0.9610491790808747,0.7096439711571191,2158,ok
ptbxl_chapman,inceptiontime,42,noise6,noise,1.0355914393856622,0.9104786976777791,0.7968745104707293,2158,ok
ptbxl_chapman,inceptiontime,42,noise0,noise,1.0189983217546799,0.8958902416935994,1.0115330969739662,2158,ok
ptbxl_chapman,inceptiontime,42,noise-6,noise,3.9161480064482994,3.4430270483306233,1.1810358808695964,2158,ok
ptbxl_chapman,inceptiontime,42,gain0.5,gain,2.787749837942014,2.450953865944081,0.5489907668229614,2158,ok
ptbxl_chapman,inceptiontime,42,gain2.0,gain,1.33708124147272,1.1755446608825306,1.0153636912532766,2158,ok
ptbxl_chapman,inceptiontime,43,baseline,none,1.1058476955742147,1.0,0.7042443998339765,2158,ok
ptbxl_chapman,inceptiontime,43,fs250,downsample,1.9765188272636454,1.7873336763950411,0.7630006431743082,2158,ok
ptbxl_chapman,inceptiontime,43,fs125,downsample,13.46440978193399,12.175645738396693,0.5328470049506172,2158,ok
ptbxl_chapman,inceptiontime,43,leads6,leads,1.2818293107189862,1.1591372987881414,0.8778739545473018,2158,ok
ptbxl_chapman,inceptiontime,43,leads3,leads,6.348464417805794,5.740812630178096,0.6112159146985046,2158,ok
ptbxl_chapman,inceptiontime,43,leads2,leads,17.133283772272037,15.493348533294657,0.6394558431043881,2158,ok
ptbxl_chapman,inceptiontime,43,leads1,leads,27.01618528360084,24.430294869468987,0.33809433986266485,2158,ok
ptbxl_chapman,inceptiontime,43,noise24,noise,1.1000862553782045,0.9947900237807896,0.7071120708988645,2158,ok
ptbxl_chapman,inceptiontime,43,noise12,noise,1.0606836227710428,0.9591588670086071,0.7404430117450956,2158,ok
ptbxl_chapman,inceptiontime,43,noise6,noise,0.9976921658007278,0.902196721839415,0.8312595144504316,2158,ok
ptbxl_chapman,inceptiontime,43,noise0,noise,1.018798525323101,0.9212828578478763,1.0411840963485663,2158,ok
ptbxl_chapman,inceptiontime,43,noise-6,noise,11.98135039909386,10.834539373771998,0.991274899227991,2158,ok
ptbxl_chapman,inceptiontime,43,gain0.5,gain,2.6895232181945303,2.43209189561858,0.6733829905206663,2158,ok
ptbxl_chapman,inceptiontime,43,gain2.0,gain,1.164076272952071,1.0526551509858877,0.8459779652152883,2158,ok
ptbxl_chapman,inceptiontime,44,baseline,none,1.07375965770372,1.0,0.717929784910472,2158,ok
ptbxl_chapman,inceptiontime,44,fs250,downsample,1.7080500691386804,1.5907191678177004,0.7911291108606749,2158,ok
ptbxl_chapman,inceptiontime,44,fs125,downsample,10.773928073078551,10.033835780456725,0.5551838461063254,2158,ok
ptbxl_chapman,inceptiontime,44,leads6,leads,1.1932978253931639,1.1113267450791373,0.8264131638030232,2158,ok
ptbxl_chapman,inceptiontime,44,leads3,leads,7.082754267328314,6.596219383465272,0.6347453233141357,2158,ok
ptbxl_chapman,inceptiontime,44,leads2,leads,14.233136531520463,13.255421201014965,0.747512150863992,2158,ok
ptbxl_chapman,inceptiontime,44,leads1,leads,100.0,93.13071066001324,0.8088025663192999,2158,ok
ptbxl_chapman,inceptiontime,44,noise24,noise,1.0693287702878223,0.9958734830610293,0.7212290994111094,2158,ok
ptbxl_chapman,inceptiontime,44,noise12,noise,1.0302751309759635,0.9595025512312969,0.7602381694576001,2158,ok
ptbxl_chapman,inceptiontime,44,noise6,noise,0.9772923029897291,0.9101592669999444,0.8507328136651716,2158,ok
ptbxl_chapman,inceptiontime,44,noise0,noise,1.2182321200988344,1.1345482309365904,1.0336287463843474,2158,ok
ptbxl_chapman,inceptiontime,44,noise-6,noise,12.57448114399827,11.710703651214951,1.0491350476159067,2158,ok
ptbxl_chapman,inceptiontime,44,gain0.5,gain,2.552391057288578,2.377059930475478,0.6926540243638447,2158,ok
ptbxl_chapman,inceptiontime,44,gain2.0,gain,1.4271857854391152,1.3291482644181396,0.9589972792678307,2158,ok
ptbxl_chapman,inceptiontime,45,baseline,none,1.0935976757906636,1.0,0.7018103226458284,2158,ok
ptbxl_chapman,inceptiontime,45,fs250,downsample,1.498944844732427,1.3706547461786622,0.8590881178385794,2158,ok
ptbxl_chapman,inceptiontime,45,fs125,downsample,6.887758986142742,6.298256789145917,0.6112816251630451,2158,ok
ptbxl_chapman,inceptiontime,45,leads6,leads,1.261833105437179,1.153836674465207,0.7204188843542904,2158,ok
ptbxl_chapman,inceptiontime,45,leads3,leads,2.1665122682478453,1.9810871184244898,0.8100982548851773,2158,ok
ptbxl_chapman,inceptiontime,45,leads2,leads,3.688067696977305,3.3724172779636326,0.9586812655363253,2158,ok
ptbxl_chapman,inceptiontime,45,leads1,leads,100.0,91.44130626256195,1.0662028777206696,2158,ok
ptbxl_chapman,inceptiontime,45,noise24,noise,1.0863415296054075,0.9933648851438808,0.7063873980813226,2158,ok
ptbxl_chapman,inceptiontime,45,noise12,noise,1.0401683213826434,0.9511435004016526,0.7551458402435303,2158,ok
ptbxl_chapman,inceptiontime,45,noise6,noise,0.9743722902345746,0.8909787500509364,0.8501404984002312,2158,ok
ptbxl_chapman,inceptiontime,45,noise0,noise,1.1861119852326272,1.0845962930335202,1.0376901596921397,2158,ok
ptbxl_chapman,inceptiontime,45,noise-6,noise,22.29577590096018,20.38754872521148,0.8232768247273797,2158,ok
ptbxl_chapman,inceptiontime,45,gain0.5,gain,2.208695637896387,2.0196601426566816,0.7104326776484892,2158,ok
ptbxl_chapman,inceptiontime,45,gain2.0,gain,1.4111431588781718,1.2903677377129803,0.9558315452195072,2158,ok
ptbxl_chapman,inceptiontime,46,baseline,none,0.9896140050605831,1.0,0.8701528126542044,2158,ok
ptbxl_chapman,inceptiontime,46,fs250,downsample,1.5476194564167325,1.5638617162880482,0.909087006777612,2158,ok
ptbxl_chapman,inceptiontime,46,fs125,downsample,6.975705794455499,7.048915798264652,0.5004871481935118,2158,ok
ptbxl_chapman,inceptiontime,46,leads6,leads,1.341873187448965,1.3559561410681704,0.8866346343961885,2158,ok
ptbxl_chapman,inceptiontime,46,leads3,leads,5.446530147294081,5.503691458934689,0.7912612081374888,2158,ok
ptbxl_chapman,inceptiontime,46,leads2,leads,13.979645280533873,14.126361600630394,0.6932090765688819,2158,ok
ptbxl_chapman,inceptiontime,46,leads1,leads,31.10594123634337,31.432397962515797,0.506596563237118,2158,ok
ptbxl_chapman,inceptiontime,46,noise24,noise,0.9870190206918652,0.9973777812809359,0.8734102130967193,2158,ok
ptbxl_chapman,inceptiontime,46,noise12,noise,0.9456295316732589,0.9555539097442023,0.9055303662925869,2158,ok
ptbxl_chapman,inceptiontime,46,noise6,noise,0.8974890156887385,0.9069081592411329,0.9748829341015153,2158,ok
ptbxl_chapman,inceptiontime,46,noise0,noise,0.9782755535351368,0.9885425514721247,1.0944283851145726,2158,ok
ptbxl_chapman,inceptiontime,46,noise-6,noise,2.156190726914275,2.1788199397827595,1.2283497483114598,2158,ok
ptbxl_chapman,inceptiontime,46,gain0.5,gain,4.815896104823045,4.866438914764774,0.742535003661041,2158,ok
ptbxl_chapman,inceptiontime,46,gain2.0,gain,0.99433425262116,1.0047697865394376,1.133642930862479,2158,ok
ptbxl_cpsc,resnet1d,42,baseline,none,2.5291274954359406,1.0,0.6643560840190552,2099,ok
ptbxl_cpsc,resnet1d,42,fs250,downsample,100.0,39.53932736900763,0.7304842054206229,2099,ok
ptbxl_cpsc,resnet1d,42,fs125,downsample,100.0,39.53932736900763,0.5296313819469145,2099,ok
ptbxl_cpsc,resnet1d,42,leads6,leads,2.657494848565196,1.0507555879887065,0.697330979465988,2099,ok
ptbxl_cpsc,resnet1d,42,leads3,leads,8.127485672875077,3.213553167067269,0.8849267385373463,2099,ok
ptbxl_cpsc,resnet1d,42,leads2,leads,100.0,39.53932736900763,1.1030349193256805,2099,ok
ptbxl_cpsc,resnet1d,42,leads1,leads,100.0,39.53932736900763,0.9812981908918413,2099,ok
ptbxl_cpsc,resnet1d,42,noise24,noise,2.5226609284324524,0.9974431629029545,0.6652570880337985,2099,ok
ptbxl_cpsc,resnet1d,42,noise12,noise,2.441980478653379,0.965542655742019,0.6862093970763783,2099,ok
ptbxl_cpsc,resnet1d,42,noise6,noise,2.2753065783859374,0.899640916676582,0.7515555664131897,2099,ok
ptbxl_cpsc,resnet1d,42,noise0,noise,2.05813827097717,0.8137740286684966,0.9294033495735471,2099,ok
ptbxl_cpsc,resnet1d,42,noise-6,noise,79.15923003720704,31.29902710719711,0.8326222520509712,2099,ok
ptbxl_cpsc,resnet1d,42,gain0.5,gain,3.0607211520644584,1.2101885561672279,0.8260142664472157,2099,ok
ptbxl_cpsc,resnet1d,42,gain2.0,gain,4.560293689241632,1.8031094507774443,0.7751121639121366,2099,ok
ptbxl_cpsc,resnet1d,43,baseline,none,2.515012083640151,1.0,0.7209129167092101,2099,ok
ptbxl_cpsc,resnet1d,43,fs250,downsample,82.72200191228553,32.89129402215685,0.7630177228435104,2099,ok
ptbxl_cpsc,resnet1d,43,fs125,downsample,100.0,39.76124037355045,0.580596925039538,2099,ok
ptbxl_cpsc,resnet1d,43,leads6,leads,2.5054041454884497,0.9961797646165601,0.6922234643483798,2099,ok
ptbxl_cpsc,resnet1d,43,leads3,leads,5.472938106717855,2.1761080761077274,0.9077039528914983,2099,ok
ptbxl_cpsc,resnet1d,43,leads2,leads,60.57395787576248,24.084956994755114,1.06235927287635,2099,ok
ptbxl_cpsc,resnet1d,43,leads1,leads,100.0,39.76124037355045,0.9750817578289682,2099,ok
ptbxl_cpsc,resnet1d,43,noise24,noise,2.5115405096378627,0.9986196591162045,0.7229140681713576,2099,ok
ptbxl_cpsc,resnet1d,43,noise12,noise,2.4189322953289643,0.9617974844191907,0.7519605221911224,2099,ok
ptbxl_cpsc,resnet1d,43,noise6,noise,2.190145325399284,0.870828947362088,0.8332685434951453,2099,ok
ptbxl_cpsc,resnet1d,43,noise0,noise,2.325052115949831,0.9244695606331331,0.9878219507902656,2099,ok
ptbxl_cpsc,resnet1d,43,noise-6,noise,100.0,39.76124037355045,0.7019766673818204,2099,ok
ptbxl_cpsc,resnet1d,43,gain0.5,gain,2.811592235503041,1.1179239470824447,0.7977708806149894,2099,ok
ptbxl_cpsc,resnet1d,43,gain2.0,gain,100.0,39.76124037355045,0.770706889984581,2099,ok
ptbxl_cpsc,resnet1d,44,baseline,none,4.439669380509517,1.0,0.3658224438016312,2099,ok
ptbxl_cpsc,resnet1d,44,fs250,downsample,22.014838432640442,4.958666185659509,0.47790880332049823,2099,ok
ptbxl_cpsc,resnet1d,44,fs125,downsample,86.30807693288432,19.440203658358726,0.4341552191781076,2099,ok
ptbxl_cpsc,resnet1d,44,leads6,leads,5.641202316755628,1.2706356787559296,0.5078460025587728,2099,ok
ptbxl_cpsc,resnet1d,44,leads3,leads,100.0,22.524199761137066,0.397574784893663,2099,ok
ptbxl_cpsc,resnet1d,44,leads2,leads,100.0,22.524199761137066,0.612669548587873,2099,ok
ptbxl_cpsc,resnet1d,44,leads1,leads,100.0,22.524199761137066,0.7314664380307297,2099,ok
ptbxl_cpsc,resnet1d,44,noise24,noise,4.4241489999799,0.9965041584858206,0.36669952787706256,2099,ok
ptbxl_cpsc,resnet1d,44,noise12,noise,4.355268854070067,0.980989456825327,0.3884632442987045,2099,ok
ptbxl_cpsc,resnet1d,44,noise6,noise,4.1303315606108,0.9303241315092667,0.446685194217156,2099,ok
ptbxl_cpsc,resnet1d,44,noise0,noise,6.281265265732202,1.414804735980438,0.6063961693731015,2099,ok
ptbxl_cpsc,resnet1d,44,noise-6,noise,100.0,22.524199761137066,0.5183655229682189,2099,ok
ptbxl_cpsc,resnet1d,44,gain0.5,gain,5.993138270657816,1.349906436044122,0.43863692335359417,2099,ok
ptbxl_cpsc,resnet1d,44,gain2.0,gain,24.874926853070804,5.602878214822394,0.5291967486844305,2099,ok
ptbxl_cpsc,resnet1d,45,baseline,none,3.97469503150438,1.0,0.6158225606080404,2099,ok
ptbxl_cpsc,resnet1d,45,fs250,downsample,100.0,25.159162956497585,0.613519202334862,2099,ok
ptbxl_cpsc,resnet1d,45,fs125,downsample,100.0,25.159162956497585,0.594392499306256,2099,ok
ptbxl_cpsc,resnet1d,45,leads6,leads,4.368738210129683,1.0991379654293028,0.7159494359493919,2099,ok
ptbxl_cpsc,resnet1d,45,leads3,leads,11.268204449577894,2.834985919740614,0.7719726673379265,2099,ok
ptbxl_cpsc,resnet1d,45,leads2,leads,100.0,25.159162956497585,0.7759344149747925,2099,ok
ptbxl_cpsc,resnet1d,45,leads1,leads,100.0,25.159162956497585,0.7058323860389565,2099,ok
ptbxl_cpsc,resnet1d,45,noise24,noise,3.96743742185638,0.9981740461619132,0.6167195005192436,2099,ok
ptbxl_cpsc,resnet1d,45,noise12,noise,3.848315386182005,0.9682039390895,0.6303568492258734,2099,ok
ptbxl_cpsc,resnet1d,45,noise6,noise,3.5296717218765963,0.8880358603363471,0.6698839998558201,2099,ok
ptbxl_cpsc,resnet1d,45,noise0,noise,2.6496272452673844,0.6666240363765792,0.7841325510730782,2099,ok
ptbxl_cpsc,resnet1d,45,noise-6,noise,3.2219362661571753,0.8106121955569775,0.7897910687719808,2099,ok
ptbxl_cpsc,resnet1d,45,gain0.5,gain,5.191980053317734,1.306258722283059,0.6967562629297515,2099,ok
ptbxl_cpsc,resnet1d,45,gain2.0,gain,9.21067501930178,2.31732873749955,0.6893092904318531,2099,ok
ptbxl_cpsc,resnet1d,46,baseline,none,2.1719145995086984,1.0,0.6696561139301117,2099,ok
ptbxl_cpsc,resnet1d,46,fs250,downsample,6.324526173184985,2.911958957601572,0.7417441907293119,2099,ok
ptbxl_cpsc,resnet1d,46,fs125,downsample,100.0,46.04232598400539,0.8610308349957642,2099,ok
ptbxl_cpsc,resnet1d,46,leads6,leads,2.1222626286986563,0.9771390777421572,0.7208165083556782,2099,ok
ptbxl_cpsc,resnet1d,46,leads3,leads,11.80441510576311,5.435027283500626,0.9526922859078297,2099,ok
ptbxl_cpsc,resnet1d,46,leads2,leads,100.0,46.04232598400539,0.995166131336649,2099,ok
ptbxl_cpsc,resnet1d,46,leads1,leads,100.0,46.04232598400539,0.6552897618973357,2099,ok
ptbxl_cpsc,resnet1d,46,noise24,noise,2.167648421361325,0.998035752350328,0.6711887964944494,2099,ok
ptbxl_cpsc,resnet1d,46,noise12,noise,2.0754536207029006,0.9555871216908722,0.6953189086163092,2099,ok
ptbxl_cpsc,resnet1d,46,noise6,noise,1.8110849315436919,0.8338656280285475,0.7651547885507567,2099,ok
ptbxl_cpsc,resnet1d,46,noise0,noise,1.2803049983525567,0.589482200930999,0.9943597519263524,2099,ok
ptbxl_cpsc,resnet1d,46,noise-6,noise,100.0,46.04232598400539,1.0444668855673462,2099,ok
ptbxl_cpsc,resnet1d,46,gain0.5,gain,3.765375276879462,1.7336663595019874,0.8875086389319157,2099,ok
ptbxl_cpsc,resnet1d,46,gain2.0,gain,2.7769916299400204,1.2785915388055287,0.7545328518965219,2099,ok
ptbxl_cpsc,inceptiontime,42,baseline,none,3.6532544212924067,1.0,0.6006742145675582,2099,ok
ptbxl_cpsc,inceptiontime,42,fs250,downsample,14.756392287447731,4.039245720594347,0.7507232237274616,2099,ok
ptbxl_cpsc,inceptiontime,42,fs125,downsample,100.0,27.372854027676272,0.46679736846039854,2099,ok
ptbxl_cpsc,inceptiontime,42,leads6,leads,4.9154108648677415,1.3454882409007867,0.7473128486484467,2099,ok
ptbxl_cpsc,inceptiontime,42,leads3,leads,78.17043010829791,21.397477726351088,0.4819530214441501,2099,ok
ptbxl_cpsc,inceptiontime,42,leads2,leads,100.0,27.372854027676272,0.5656162150396935,2099,ok
ptbxl_cpsc,inceptiontime,42,leads1,leads,100.0,27.372854027676272,0.5887747262278704,2099,ok
ptbxl_cpsc,inceptiontime,42,noise24,noise,3.642488456450304,0.9970530481591002,0.6034461546304645,2099,ok
ptbxl_cpsc,inceptiontime,42,noise12,noise,3.56143119765434,0.9748653630300452,0.6423302135544975,2099,ok
ptbxl_cpsc,inceptiontime,42,noise6,noise,3.2613395165324786,0.8927217052073584,0.7335597396230633,2099,ok
ptbxl_cpsc,inceptiontime,42,noise0,noise,2.3423293455408896,0.6411623926023327,0.9084299860884728,2099,ok
ptbxl_cpsc,inceptiontime,42,noise-6,noise,2.1436991520087236,0.586791639671882,1.0279845110780865,2099,ok
ptbxl_cpsc,inceptiontime,42,gain0.5,gain,13.89795523235422,3.8042669985841173,0.6475657990618662,2099,ok
ptbxl_cpsc,inceptiontime,42,gain2.0,gain,3.318018687220126,0.9082364118637856,0.827519631162419,2099,ok
ptbxl_cpsc,inceptiontime,43,baseline,none,2.8846796624403255,1.0,0.5672272021364084,2099,ok
ptbxl_cpsc,inceptiontime,43,fs250,downsample,14.83393173409101,5.142315081717631,0.7534084505897,2099,ok
ptbxl_cpsc,inceptiontime,43,fs125,downsample,100.0,34.665894207263186,0.5519798616812068,2099,ok
ptbxl_cpsc,inceptiontime,43,leads6,leads,2.9658883527921214,1.0281517186844575,0.6409770364100085,2099,ok
ptbxl_cpsc,inceptiontime,43,leads3,leads,9.082433364423544,3.14850674155624,0.6241766333719951,2099,ok
ptbxl_cpsc,inceptiontime,43,leads2,leads,100.0,34.665894207263186,0.7248710095010831,2099,ok
ptbxl_cpsc,inceptiontime,43,leads1,leads,100.0,34.665894207263186,0.4357284514960743,2099,ok
ptbxl_cpsc,inceptiontime,43,noise24,noise,2.8847556811578112,1.0000263525681814,0.5687094209654254,2099,ok
ptbxl_cpsc,inceptiontime,43,noise12,noise,2.849550652072364,0.9878222144297839,0.5924304282634498,2099,ok
ptbxl_cpsc,inceptiontime,43,noise6,noise,2.716781829127863,0.9417967147276146,0.6561792016547418,2099,ok
ptbxl_cpsc,inceptiontime,43,noise0,noise,2.375159108544991,0.8233701438223818,0.8766887153274379,2099,ok
ptbxl_cpsc,inceptiontime,43,noise-6,noise,100.0,34.665894207263186,1.0274238804239575,2099,ok
ptbxl_cpsc,inceptiontime,43,gain0.5,gain,7.818694888027984,2.7104204982724758,0.5829350634560985,2099,ok
ptbxl_cpsc,inceptiontime,43,gain2.0,gain,2.6265477745536443,0.9105162728299919,0.8524718560333772,2099,ok
ptbxl_cpsc,inceptiontime,44,baseline,none,3.5264703798914034,1.0,0.5788655249942813,2099,ok
ptbxl_cpsc,inceptiontime,44,fs250,downsample,11.799659600793449,3.346025438942384,0.7136567778280092,2099,ok
ptbxl_cpsc,inceptiontime,44,fs125,downsample,100.0,28.356965812110257,0.5064582036533485,2099,ok
ptbxl_cpsc,inceptiontime,44,leads6,leads,3.98152557444165,1.1290398459448452,0.6822245656104668,2099,ok
ptbxl_cpsc,inceptiontime,44,leads3,leads,26.565168293157168,7.533075690820132,0.5975590463265817,2099,ok
ptbxl_cpsc,inceptiontime,44,leads2,leads,100.0,28.356965812110257,0.6721445855166928,2099,ok
ptbxl_cpsc,inceptiontime,44,leads1,leads,100.0,28.356965812110257,0.6598772114685987,2099,ok
ptbxl_cpsc,inceptiontime,44,noise24,noise,3.5446585359113185,1.0051576091844205,0.5821152520599945,2099,ok
ptbxl_cpsc,inceptiontime,44,noise12,noise,3.5758198187180903,1.0139940034965518,0.6198408427901214,2099,ok
ptbxl_cpsc,inceptiontime,44,noise6,noise,3.4851454477847468,0.9882815031306376,0.70173375800105,2099,ok
ptbxl_cpsc,inceptiontime,44,noise0,noise,2.7703561721422423,0.785588952608062,0.9627428738362092,2099,ok
ptbxl_cpsc,inceptiontime,44,noise-6,noise,6.834531693303834,1.9380658156880084,1.1501498195368456,2099,ok
ptbxl_cpsc,inceptiontime,44,gain0.5,gain,13.048135437526781,3.7000553051373126,0.5823167519488517,2099,ok
ptbxl_cpsc,inceptiontime,44,gain2.0,gain,4.2959381042936515,1.2181976995439683,0.8700159138463031,2099,ok
ptbxl_cpsc,inceptiontime,45,baseline,none,3.409269083439769,1.0,0.6677954441084755,2099,ok
ptbxl_cpsc,inceptiontime,45,fs250,downsample,14.877481925422945,4.363833291331867,0.698932051863208,2099,ok
ptbxl_cpsc,inceptiontime,45,fs125,downsample,100.0,29.33180032216917,0.41397554957288923,2099,ok
ptbxl_cpsc,inceptiontime,45,leads6,leads,4.887116860054079,1.4334793589021262,0.7522592350089318,2099,ok
ptbxl_cpsc,inceptiontime,45,leads3,leads,98.79846844540978,28.97936948576891,0.6067271733316831,2099,ok
ptbxl_cpsc,inceptiontime,45,leads2,leads,100.0,29.33180032216917,0.4581828506416642,2099,ok
ptbxl_cpsc,inceptiontime,45,leads1,leads,100.0,29.33180032216917,0.6716848368321485,2099,ok
ptbxl_cpsc,inceptiontime,45,noise24,noise,3.4104091047954403,1.0003343887876757,0.6697609944505241,2099,ok
ptbxl_cpsc,inceptiontime,45,noise12,noise,3.3135879364349385,0.971934997014582,0.6979898262448255,2099,ok
ptbxl_cpsc,inceptiontime,45,noise6,noise,3.0418740244946725,0.8922364149167086,0.7663644426501128,2099,ok
ptbxl_cpsc,inceptiontime,45,noise0,noise,2.6765833917738355,0.7850900959314443,0.9534275553218928,2099,ok
ptbxl_cpsc,inceptiontime,45,noise-6,noise,100.0,29.33180032216917,1.0589475056139217,2099,ok
ptbxl_cpsc,inceptiontime,45,gain0.5,gain,15.666877961070007,4.595377360258983,0.6577323111483494,2099,ok
ptbxl_cpsc,inceptiontime,45,gain2.0,gain,24.402621010857594,7.1577280682804485,0.8511941549501718,2099,ok
ptbxl_cpsc,inceptiontime,46,baseline,none,2.1212841667648323,1.0,0.7183837159014138,2099,ok
ptbxl_cpsc,inceptiontime,46,fs250,downsample,4.038561640065766,1.9038286823330093,0.8629129852716135,2099,ok
ptbxl_cpsc,inceptiontime,46,fs125,downsample,100.0,47.14125602158709,0.6527558194523906,2099,ok
ptbxl_cpsc,inceptiontime,46,leads6,leads,2.3928516265619986,1.1280203114943028,0.7094929350931234,2099,ok
ptbxl_cpsc,inceptiontime,46,leads3,leads,100.0,47.14125602158709,0.6163416590234749,2099,ok
ptbxl_cpsc,inceptiontime,46,leads2,leads,100.0,47.14125602158709,0.5559820695778293,2099,ok
ptbxl_cpsc,inceptiontime,46,leads1,leads,100.0,47.14125602158709,0.565813137994933,2099,ok
ptbxl_cpsc,inceptiontime,46,noise24,noise,2.118198002198013,0.9985451432603082,0.7208356072368771,2099,ok
ptbxl_cpsc,inceptiontime,46,noise12,noise,2.0507912243541644,0.9667687415410371,0.746218364011838,2099,ok
ptbxl_cpsc,inceptiontime,46,noise6,noise,1.8571894700144922,0.8755024428654882,0.7979826451981601,2099,ok
ptbxl_cpsc,inceptiontime,46,noise0,noise,1.7684263700231135,0.833658402645855,0.8467789169234542,2099,ok
ptbxl_cpsc,inceptiontime,46,noise-6,noise,2.168660855129356,1.0223339659564694,0.9849628406767297,2099,ok
ptbxl_cpsc,inceptiontime,46,gain0.5,gain,12.629247974508038,5.953586121263936,0.7179489670494332,2099,ok
ptbxl_cpsc,inceptiontime,46,gain2.0,gain,1.8185527884628492,0.8572886258969827,0.9143266265681592,2099,ok
chapman_ptbxl,resnet1d,42,baseline,none,1.1246149746958785,1.0,0.32219461100244134,2025,ok
chapman_ptbxl,resnet1d,42,fs250,downsample,2.66813899032213,2.3724910750398425,0.1681107996804456,2025,ok
chapman_ptbxl,resnet1d,42,fs125,downsample,2.475029255400513,2.2007792098534145,0.30870778947711186,2025,ok
chapman_ptbxl,resnet1d,42,leads6,leads,1.1418608386523428,1.0153349051404263,0.31502584305484976,2025,ok
chapman_ptbxl,resnet1d,42,leads3,leads,1.7110434153933245,1.5214481879507515,0.46878057796979344,2025,ok
chapman_ptbxl,resnet1d,42,leads2,leads,1.7564483732139853,1.5618219681709014,0.5435410087443574,2025,ok
chapman_ptbxl,resnet1d,42,leads1,leads,1.7654813435827517,1.5698540240940488,0.41729518528874665,2025,ok
chapman_ptbxl,resnet1d,42,noise24,noise,1.125357515482332,1.0006602622258827,0.32221392591208114,2025,ok
chapman_ptbxl,resnet1d,42,noise12,noise,1.1187979492728668,0.9948275404881705,0.3275334498412522,2025,ok
chapman_ptbxl,resnet1d,42,noise6,noise,1.1013420012589505,0.9793058300302097,0.34767364301764603,2025,ok
chapman_ptbxl,resnet1d,42,noise0,noise,1.0757194472831682,0.9565224289975929,0.48011805766143273,2025,ok
chapman_ptbxl,resnet1d,42,noise-6,noise,0.8256289928338129,0.7341436948739561,1.0742913392615747,2025,ok
chapman_ptbxl,resnet1d,42,gain0.5,gain,1.3738802642519905,1.2216450031029678,0.3169645418321313,2025,ok
chapman_ptbxl,resnet1d,42,gain2.0,gain,1.3586657385401044,1.2081163501379826,0.5119074315153368,2025,ok
chapman_ptbxl,resnet1d,43,baseline,none,1.1279350099751135,1.0,0.28835821091590574,2025,ok
chapman_ptbxl,resnet1d,43,fs250,downsample,2.2585746060378047,2.00239782085285,0.258979972190224,2025,ok
chapman_ptbxl,resnet1d,43,fs125,downsample,1.8733934433777129,1.66090548374684,0.4888097447637307,2025,ok
chapman_ptbxl,resnet1d,43,leads6,leads,1.1591931903088823,1.0277127494557141,0.32747224182097034,2025,ok
chapman_ptbxl,resnet1d,43,leads3,leads,1.3641842553753636,1.209452888075052,0.5722627967931062,2025,ok
chapman_ptbxl,resnet1d,43,leads2,leads,1.6316391151091332,1.4465719218566797,0.43717299658560344,2025,ok
chapman_ptbxl,resnet1d,43,leads1,leads,1.5972165918906214,1.416053742250506,0.500943127655085,2025,ok
chapman_ptbxl,resnet1d,43,noise24,noise,1.124940932350422,0.9973455229262211,0.28870379926789563,2025,ok
chapman_ptbxl,resnet1d,43,noise12,noise,1.1240008877853869,0.9965121020671098,0.2875029008408517,2025,ok
chapman_ptbxl,resnet1d,43,noise6,noise,1.110471756453568,0.984517500239725,0.29524762418987227,2025,ok
chapman_ptbxl,resnet1d,43,noise0,noise,1.0527022990758697,0.9333004913989648,0.37261261339315194,2025,ok
chapman_ptbxl,resnet1d,43,noise-6,noise,1.0225555505577548,0.9065731106088428,0.6043793063724201,2025,ok
chapman_ptbxl,resnet1d,43,gain0.5,gain,1.0779657227464516,0.9556984340527169,0.41972299522233614,2025,ok
chapman_ptbxl,resnet1d,43,gain2.0,gain,1.4265864536153106,1.26477717332915,0.32204282135244217,2025,ok
chapman_ptbxl,resnet1d,44,baseline,none,1.068435712009116,1.0,0.3147812883696347,2025,ok
chapman_ptbxl,resnet1d,44,fs250,downsample,2.326873559195696,2.1778320707945813,0.28895095172042684,2025,ok
chapman_ptbxl,resnet1d,44,fs125,downsample,2.3526075279969456,2.2019177209764336,0.6174412272888354,2025,ok
chapman_ptbxl,resnet1d,44,leads6,leads,1.0804368580957262,1.0112324456696071,0.3439708146566678,2025,ok
chapman_ptbxl,resnet1d,44,leads3,leads,1.3705242545266498,1.282739091479335,0.7131110134971383,2025,ok
chapman_ptbxl,resnet1d,44,leads2,leads,1.410306713519723,1.3199733944382517,0.7221146678394395,2025,ok
chapman_ptbxl,resnet1d,44,leads1,leads,1.1592215455097798,1.0849707965395015,1.119645998006983,2025,ok
chapman_ptbxl,resnet1d,44,noise24,noise,1.0675231186517302,0.9991458603010661,0.31499681125090356,2025,ok
chapman_ptbxl,resnet1d,44,noise12,noise,1.0512651321656912,0.9839292344401923,0.3200488389388499,2025,ok
chapman_ptbxl,resnet1d,44,noise6,noise,1.0232672997037158,0.9577247261602064,0.35657334268211976,2025,ok
chapman_ptbxl,resnet1d,44,noise0,noise,0.838353424760673,0.7846550010802336,0.5379365468768389,2025,ok
chapman_ptbxl,resnet1d,44,noise-6,noise,0.9872059283561225,0.9239731668082802,0.9557813582607836,2025,ok
chapman_ptbxl,resnet1d,44,gain0.5,gain,1.2152904482512779,1.137448359869975,0.4772017587826844,2025,ok
chapman_ptbxl,resnet1d,44,gain2.0,gain,1.7253247809145407,1.6148138456268861,0.263963127098272,2025,ok
chapman_ptbxl,resnet1d,45,baseline,none,0.987885834160384,1.0,0.5232385623577442,2025,ok
chapman_ptbxl,resnet1d,45,fs250,downsample,1.5060505864486222,1.5245188607534115,0.3562045124433446,2025,ok
chapman_ptbxl,resnet1d,45,fs125,downsample,2.2486352157751823,2.2762095963106144,0.14546644660542118,2025,ok
chapman_ptbxl,resnet1d,45,leads6,leads,1.1586987700225855,1.1729075668013575,0.452821913635504,2025,ok
chapman_ptbxl,resnet1d,45,leads3,leads,1.46666351514181,1.4846487968808104,0.6697092132150588,2025,ok
chapman_ptbxl,resnet1d,45,leads2,leads,1.6628600323497897,1.6832512167391027,0.9121677750496653,2025,ok
chapman_ptbxl,resnet1d,45,leads1,leads,0.5936866800489146,0.6009668926506027,1.2481826636212252,2025,ok
chapman_ptbxl,resnet1d,45,noise24,noise,0.9866794399864338,0.9987788121539616,0.5239926603156667,2025,ok
chapman_ptbxl,resnet1d,45,noise12,noise,0.9666837211999754,0.9785378914979295,0.5357804054087926,2025,ok
chapman_ptbxl,resnet1d,45,noise6,noise,0.9322082228533336,0.9436396298218291,0.5659276485389848,2025,ok
chapman_ptbxl,resnet1d,45,noise0,noise,1.0311120233467264,1.043756259773763,0.5878545727787066,2025,ok
chapman_ptbxl,resnet1d,45,noise-6,noise,1.6007828830889446,1.6204128328750347,0.3920779600068099,2025,ok
chapman_ptbxl,resnet1d,45,gain0.5,gain,1.4978433156669078,1.516210946520903,0.40276042435543236,2025,ok
chapman_ptbxl,resnet1d,45,gain2.0,gain,0.9008522433697906,0.911899140790328,0.6871073677218439,2025,ok
chapman_ptbxl,resnet1d,46,baseline,none,1.0635272287093325,1.0,0.3409074567502693,2025,ok
chapman_ptbxl,resnet1d,46,fs250,downsample,2.8960364274581645,2.723048690509518,0.12627394790407442,2025,ok
chapman_ptbxl,resnet1d,46,fs125,downsample,2.508231800838888,2.35840863602788,0.20134335739076484,2025,ok
chapman_ptbxl,resnet1d,46,leads6,leads,1.0758866223336676,1.0116211351159614,0.35264458897998696,2025,ok
chapman_ptbxl,resnet1d,46,leads3,leads,1.8601487733275262,1.7490372818991684,0.2574394582036762,2025,ok
chapman_ptbxl,resnet1d,46,leads2,leads,1.7493840792943824,1.6448888491716258,0.31560446499100275,2025,ok
chapman_ptbxl,resnet1d,46,leads1,leads,1.7524030556794874,1.6477274942985294,0.35298062704368244,2025,ok
chapman_ptbxl,resnet1d,46,noise24,noise,1.0628504506677023,0.9993636476590717,0.3414558968159379,2025,ok
chapman_ptbxl,resnet1d,46,noise12,noise,1.0603202365930533,0.9969845698072337,0.3451606365224812,2025,ok
chapman_ptbxl,resnet1d,46,noise6,noise,1.0775986489695883,1.013230897978355,0.3544964103450131,2025,ok
chapman_ptbxl,resnet1d,46,noise0,noise,1.0172636331827465,0.9564998485438589,0.46163570807773097,2025,ok
chapman_ptbxl,resnet1d,46,noise-6,noise,1.9943873680798274,1.8752574586173607,0.7280296391592203,2025,ok
chapman_ptbxl,resnet1d,46,gain0.5,gain,1.209821801777847,1.1375560203061783,0.3785328277560083,2025,ok
chapman_ptbxl,resnet1d,46,gain2.0,gain,1.5516524320990748,1.4589682240501898,0.4884936878134657,2025,ok
chapman_ptbxl,inceptiontime,42,baseline,none,0.9843878418023013,1.0,0.5277780509589572,2025,ok
chapman_ptbxl,inceptiontime,42,fs250,downsample,2.02885791395894,2.0610351203082047,0.21777106468258864,2025,ok
chapman_ptbxl,inceptiontime,42,fs125,downsample,2.4872936613061816,2.526741550111216,0.14689842258175184,2025,ok
chapman_ptbxl,inceptiontime,42,leads6,leads,1.1000830367162273,1.1175300933238888,0.4975875547794107,2025,ok
chapman_ptbxl,inceptiontime,42,leads3,leads,1.139112358973131,1.157178411394788,0.8492621339055964,2025,ok
chapman_ptbxl,inceptiontime,42,leads2,leads,1.3764143023276123,1.3982439074090507,0.9468900831590042,2025,ok
chapman_ptbxl,inceptiontime,42,leads1,leads,1.1753357728283087,1.1939763200207791,1.042347526468206,2025,ok
chapman_ptbxl,inceptiontime,42,noise24,noise,0.986363240210984,1.0020067277599305,0.5277426555188065,2025,ok
chapman_ptbxl,inceptiontime,42,noise12,noise,1.0093245133390796,1.0253321612456348,0.5282736437915829,2025,ok
chapman_ptbxl,inceptiontime,42,noise6,noise,1.0871228821242134,1.1043643937473018,0.5225700679905375,2025,ok
chapman_ptbxl,inceptiontime,42,noise0,noise,1.202210924429206,1.2212777051655734,0.5462418705289595,2025,ok
chapman_ptbxl,inceptiontime,42,noise-6,noise,1.02678069371342,1.0430651925093897,0.9659067208183691,2025,ok
chapman_ptbxl,inceptiontime,42,gain0.5,gain,1.3543444449577753,1.3758240273245612,0.43676777807912587,2025,ok
chapman_ptbxl,inceptiontime,42,gain2.0,gain,1.3947163708861419,1.4168362424434011,0.5302778148384019,2025,ok
chapman_ptbxl,inceptiontime,43,baseline,none,1.0389052969058246,1.0,0.48052560360109625,2025,ok
chapman_ptbxl,inceptiontime,43,fs250,downsample,1.6399489602833341,1.5785355654337312,0.2938073188673987,2025,ok
chapman_ptbxl,inceptiontime,43,fs125,downsample,1.7724810136474085,1.7061045110910447,0.3719673712108328,2025,ok
chapman_ptbxl,inceptiontime,43,leads6,leads,1.3060039971153448,1.2570962926120612,0.4218661383783365,2025,ok
chapman_ptbxl,inceptiontime,43,leads3,leads,1.5259555947057528,1.4688110641561958,0.6844073462583724,2025,ok
chapman_ptbxl,inceptiontime,43,leads2,leads,1.4761420107090537,1.42086291705842,0.7197371792802703,2025,ok
chapman_ptbxl,inceptiontime,43,leads1,leads,1.5488110590805162,1.4908106289315743,0.7856459591922815,2025,ok
chapman_ptbxl,inceptiontime,43,noise24,noise,1.0376922372632749,0.9988323674485416,0.48136244764621244,2025,ok
chapman_ptbxl,inceptiontime,43,noise12,noise,1.0335646013982587,0.9948593047667847,0.4866639649809751,2025,ok
chapman_ptbxl,inceptiontime,43,noise6,noise,1.0291816383251187,0.9906404764614581,0.503775855366431,2025,ok
chapman_ptbxl,inceptiontime,43,noise0,noise,0.9960383252805358,0.9587383260505461,0.5815363324682142,2025,ok
chapman_ptbxl,inceptiontime,43,noise-6,noise,0.8079596481042154,0.7777028864041453,0.9502147423982105,2025,ok
chapman_ptbxl,inceptiontime,43,gain0.5,gain,1.5974229357094132,1.5376020706285969,0.4156251860635604,2025,ok
chapman_ptbxl,inceptiontime,43,gain2.0,gain,0.9962907400033617,0.9589812882566082,0.5788372127653951,2025,ok
chapman_ptbxl,inceptiontime,44,baseline,none,1.0593891347337667,1.0,0.4331602246512226,2025,ok
chapman_ptbxl,inceptiontime,44,fs250,downsample,1.8845858764718184,1.7789363838863899,0.23809502620818596,2025,ok
chapman_ptbxl,inceptiontime,44,fs125,downsample,2.233571282628319,2.1083577406989678,0.2704116107355001,2025,ok
chapman_ptbxl,inceptiontime,44,leads6,leads,1.1687507975661513,1.1032308707412486,0.41929611028947394,2025,ok
chapman_ptbxl,inceptiontime,44,leads3,leads,1.3075836647216033,1.23428079621584,0.7402797163700467,2025,ok
chapman_ptbxl,inceptiontime,44,leads2,leads,1.2650361934162018,1.194118527309718,0.7465458082671145,2025,ok
chapman_ptbxl,inceptiontime,44,leads1,leads,1.2284773409158525,1.1596091564829756,0.6853922689587464,2025,ok
chapman_ptbxl,inceptiontime,44,noise24,noise,1.0576059979906978,0.9983168255321808,0.43427953276277653,2025,ok
chapman_ptbxl,inceptiontime,44,noise12,noise,1.0494181098745112,0.9905879487222027,0.44494103366821175,2025,ok
chapman_ptbxl,inceptiontime,44,noise6,noise,1.039496615641707,0.9812226513942311,0.476033712255171,2025,ok
chapman_ptbxl,inceptiontime,44,noise0,noise,1.0258591354494762,0.9683496855074722,0.5752870737107542,2025,ok
chapman_ptbxl,inceptiontime,44,noise-6,noise,1.066793478419997,1.0069892577179311,0.7790923263598303,2025,ok
chapman_ptbxl,inceptiontime,44,gain0.5,gain,1.6654354872724209,1.5720715199622646,0.32801428561993706,2025,ok
chapman_ptbxl,inceptiontime,44,gain2.0,gain,1.2875845034159037,1.2154027837367658,0.5787434616814376,2025,ok
chapman_ptbxl,inceptiontime,45,baseline,none,1.103969667968837,1.0,0.4191890693914462,2025,ok
chapman_ptbxl,inceptiontime,45,fs250,downsample,1.9767335975354308,1.7905687582634109,0.24139680305486247,2025,ok
chapman_ptbxl,inceptiontime,45,fs125,downsample,2.7114209539531324,2.4560647204572206,0.12575527854677826,2025,ok
chapman_ptbxl,inceptiontime,45,leads6,leads,1.3428059143080882,1.2163431236101614,0.3512379473895162,2025,ok
chapman_ptbxl,inceptiontime,45,leads3,leads,1.2430736347621751,1.1260034318236944,0.696707965975154,2025,ok
chapman_ptbxl,inceptiontime,45,leads2,leads,1.1252658743381065,1.0192905720031709,0.868613698211195,2025,ok
chapman_ptbxl,inceptiontime,45,leads1,leads,0.9921372127781256,0.8986997030484823,0.8991413907217151,2025,ok
chapman_ptbxl,inceptiontime,45,noise24,noise,1.1043047503177768,1.0003035249596632,0.4199693123114713,2025,ok
chapman_ptbxl,inceptiontime,45,noise12,noise,1.0816037056090597,0.9797404194981844,0.4352263996898247,2025,ok
chapman_ptbxl,inceptiontime,45,noise6,noise,1.0269204813584878,0.9302071525641552,0.4904783288410996,2025,ok
chapman_ptbxl,inceptiontime,45,noise0,noise,0.9100537097313067,0.8243466610868839,0.6714149345069397,2025,ok
chapman_ptbxl,inceptiontime,45,noise-6,noise,0.8695037839540465,0.7876156466815091,0.9832695567008206,2025,ok
chapman_ptbxl,inceptiontime,45,gain0.5,gain,1.7522455333091485,1.5872225335076968,0.2683558000741242,2025,ok
chapman_ptbxl,inceptiontime,45,gain2.0,gain,0.9127953046909179,0.8268300580851504,0.7826474546070897,2025,ok
chapman_ptbxl,inceptiontime,46,baseline,none,1.0741812157736539,1.0,0.3800178219366963,2025,ok
chapman_ptbxl,inceptiontime,46,fs250,downsample,3.1369166526873316,2.920286266994569,0.12526537443394828,2025,ok
chapman_ptbxl,inceptiontime,46,fs125,downsample,3.3313369738965095,3.1012802355673217,0.11144604751094159,2025,ok
chapman_ptbxl,inceptiontime,46,leads6,leads,1.2144710283285882,1.130601625214507,0.35184832983802344,2025,ok
chapman_ptbxl,inceptiontime,46,leads3,leads,1.3930107068425646,1.2968116425674798,0.524391386447437,2025,ok
chapman_ptbxl,inceptiontime,46,leads2,leads,1.3817683946205992,1.286345706227429,0.614113048223149,2025,ok
chapman_ptbxl,inceptiontime,46,leads1,leads,1.3562539488501246,1.2625932467766292,0.745471417456692,2025,ok
chapman_ptbxl,inceptiontime,46,noise24,noise,1.0709946111036657,0.9970334570897396,0.3812840901210365,2025,ok
chapman_ptbxl,inceptiontime,46,noise12,noise,1.0295127226288332,0.9584162406781157,0.4027262552155744,2025,ok
chapman_ptbxl,inceptiontime,46,noise6,noise,0.9541601873019898,0.8882674294530261,0.4721508008765473,2025,ok
chapman_ptbxl,inceptiontime,46,noise0,noise,0.8945464548335346,0.8327705248404091,0.7326905887256575,2025,ok
chapman_ptbxl,inceptiontime,46,noise-6,noise,2.6780872561338622,2.4931428857700073,0.7879709078301562,2025,ok
chapman_ptbxl,inceptiontime,46,gain0.5,gain,2.221109352037343,2.067723135930692,0.1852907179384167,2025,ok
chapman_ptbxl,inceptiontime,46,gain2.0,gain,1.7133997457170174,1.5950751330937967,0.6104176429520547,2025,ok
chapman_cpsc,resnet1d,42,baseline,none,1.5364023448258783,1.0,0.25234460478830867,1979,ok
chapman_cpsc,resnet1d,42,fs250,downsample,2.6015322519482518,1.6932623545579693,0.1904398608213721,1979,ok
chapman_cpsc,resnet1d,42,fs125,downsample,2.5726557205618463,1.67446745263423,0.26649136351081015,1979,ok
chapman_cpsc,resnet1d,42,leads6,leads,1.5445223606586975,1.0052850842490346,0.25191901527057914,1979,ok
chapman_cpsc,resnet1d,42,leads3,leads,1.4812303983356656,0.9640901703411124,0.5417310489020126,1979,ok
chapman_cpsc,resnet1d,42,leads2,leads,1.5563364738698735,1.0129745500006082,0.5660817697445915,1979,ok
chapman_cpsc,resnet1d,42,leads1,leads,1.2356001390480107,0.8042165147750033,0.7479388440578656,1979,ok
chapman_cpsc,resnet1d,42,noise24,noise,1.5358394896541685,0.9996336537928328,0.2524903924533434,1979,ok
chapman_cpsc,resnet1d,42,noise12,noise,1.5251139049203504,0.9926526798507279,0.25627864819228474,1979,ok
chapman_cpsc,resnet1d,42,noise6,noise,1.4979942655448373,0.9750012882950957,0.26778599871587,1979,ok
chapman_cpsc,resnet1d,42,noise0,noise,1.4007294450292274,0.9116944202450908,0.32109893131158096,1979,ok
chapman_cpsc,resnet1d,42,noise-6,noise,1.5611102404076602,1.0160816570379434,0.5421485557602945,1979,ok
chapman_cpsc,resnet1d,42,gain0.5,gain,1.460850238309023,0.9508253116305821,0.30727637330443786,1979,ok
chapman_cpsc,resnet1d,42,gain2.0,gain,1.5886821112498042,1.0340273930197956,0.2728966742736456,1979,ok
chapman_cpsc,resnet1d,43,baseline,none,1.2230061126829146,1.0,0.33453845065368354,1979,ok
chapman_cpsc,resnet1d,43,fs250,downsample,1.9184635897658173,1.5686459534999986,0.2789972060565819,1979,ok
chapman_cpsc,resnet1d,43,fs125,downsample,1.972801730355467,1.613075936331767,0.3918934659190684,1979,ok
chapman_cpsc,resnet1d,43,leads6,leads,1.2533094934210582,1.024777783548168,0.3360568117668876,1979,ok
chapman_cpsc,resnet1d,43,leads3,leads,1.4204611986338052,1.161450612473009,0.7075690395118167,1979,ok
chapman_cpsc,resnet1d,43,leads2,leads,1.8383148624860417,1.503111753426417,0.6892375731635805,1979,ok
chapman_cpsc,resnet1d,43,leads1,leads,1.7449411174756055,1.4267640197216345,0.7677258196435255,1979,ok
chapman_cpsc,resnet1d,43,noise24,noise,1.2228663668775912,0.9998857358079619,0.3346172674898609,1979,ok
chapman_cpsc,resnet1d,43,noise12,noise,1.2151150145297516,0.9935477851898448,0.337928876569568,1979,ok
chapman_cpsc,resnet1d,43,noise6,noise,1.1973130385288888,0.9789918677530869,0.34786239569855953,1979,ok
chapman_cpsc,resnet1d,43,noise0,noise,1.1801126172184377,0.9649278159612946,0.3877244697674285,1979,ok
chapman_cpsc,resnet1d,43,noise-6,noise,1.5360736084117486,1.2559819550223312,0.35174573447845914,1979,ok
chapman_cpsc,resnet1d,43,gain0.5,gain,1.15986729654284,0.9483740796670537,0.46280367300886716,1979,ok
chapman_cpsc,resnet1d,43,gain2.0,gain,1.3816231951244076,1.1296944314477169,0.3610032289487494,1979,ok
chapman_cpsc,resnet1d,44,baseline,none,1.323635022792341,1.0,0.31647059846353404,1979,ok
chapman_cpsc,resnet1d,44,fs250,downsample,2.1385754814826234,1.6156836625334101,0.24695544585540508,1979,ok
chapman_cpsc,resnet1d,44,fs125,downsample,2.150653485337932,1.6248085373269383,0.35474653322790906,1979,ok
chapman_cpsc,resnet1d,44,leads6,leads,1.3211532052092987,0.9981249985529949,0.30134792327958043,1979,ok
chapman_cpsc,resnet1d,44,leads3,leads,1.377893868558074,1.0409923013756983,0.46583902967968377,1979,ok
chapman_cpsc,resnet1d,44,leads2,leads,1.0993113125716703,0.8305244977974084,0.6706948630250509,1979,ok
chapman_cpsc,resnet1d,44,leads1,leads,2.366311807301353,1.7877373796814324,0.12729022280101018,1979,ok
chapman_cpsc,resnet1d,44,noise24,noise,1.3237154524190946,1.0000607642026456,0.3167763671720999,1979,ok
chapman_cpsc,resnet1d,44,noise12,noise,1.3068701310300352,0.9873342035579123,0.32358913554454805,1979,ok
chapman_cpsc,resnet1d,44,noise6,noise,1.2917798040572679,0.9759335328949884,0.3424427990606346,1979,ok
chapman_cpsc,resnet1d,44,noise0,noise,1.2848513794932166,0.9706991409026738,0.3984775674718317,1979,ok
chapman_cpsc,resnet1d,44,noise-6,noise,1.4668600019323723,1.1082057944023602,0.6868945506781217,1979,ok
chapman_cpsc,resnet1d,44,gain0.5,gain,1.5632146268135205,1.1810012578208775,0.29690405537497316,1979,ok
chapman_cpsc,resnet1d,44,gain2.0,gain,1.752225503669607,1.3237980814175734,0.39975642215917173,1979,ok
chapman_cpsc,resnet1d,45,baseline,none,1.5302028878708633,1.0,0.24023329175814562,1979,ok
chapman_cpsc,resnet1d,45,fs250,downsample,2.7536648630898055,1.7995423253456782,0.18106151865374276,1979,ok
chapman_cpsc,resnet1d,45,fs125,downsample,2.4144824630985045,1.5778838755545905,0.3638548421133754,1979,ok
chapman_cpsc,resnet1d,45,leads6,leads,1.580765733801577,1.0330432299739463,0.23758260691448735,1979,ok
chapman_cpsc,resnet1d,45,leads3,leads,2.199581042622145,1.4374440540251887,0.14463555963718794,1979,ok
chapman_cpsc,resnet1d,45,leads2,leads,2.115821957695828,1.3827068125847022,0.17925096937472368,1979,ok
chapman_cpsc,resnet1d,45,leads1,leads,2.7481353939645063,1.7959287724180708,0.0680030551193986,1979,ok
chapman_cpsc,resnet1d,45,noise24,noise,1.5273697663346653,0.9981485320942375,0.2406893297782623,1979,ok
chapman_cpsc,resnet1d,45,noise12,noise,1.5149302723381874,0.9900192218602291,0.24711104193834063,1979,ok
chapman_cpsc,resnet1d,45,noise6,noise,1.4845381120801495,0.9701576985949542,0.2672208636854302,1979,ok
chapman_cpsc,resnet1d,45,noise0,noise,1.37834597737879,0.9007602771529413,0.33808752145920945,1979,ok
chapman_cpsc,resnet1d,45,noise-6,noise,4.496217438278549,2.9383145685567373,0.6575061876427651,1979,ok
chapman_cpsc,resnet1d,45,gain0.5,gain,1.8117554664653237,1.183996894023782,0.2170774180788972,1979,ok
chapman_cpsc,resnet1d,45,gain2.0,gain,1.7130036390306682,1.119461773735217,0.3584186296038068,1979,ok
chapman_cpsc,resnet1d,46,baseline,none,1.3437991592772258,1.0,0.2811225430978939,1979,ok
chapman_cpsc,resnet1d,46,fs250,downsample,2.308265980311032,1.7177164938490905,0.20787726468105033,1979,ok
chapman_cpsc,resnet1d,46,fs125,downsample,2.404448309159542,1.7892914224271397,0.234858414327635,1979,ok
chapman_cpsc,resnet1d,46,leads6,leads,1.3805777218518829,1.0273690918175888,0.27559377503390864,1979,ok
chapman_cpsc,resnet1d,46,leads3,leads,1.3315356865690697,0.9908740285901413,0.5433087511444132,1979,ok
chapman_cpsc,resnet1d,46,leads2,leads,1.6343119818782956,1.2161876799784015,0.6647254086796426,1979,ok
chapman_cpsc,resnet1d,46,leads1,leads,1.43322830939588,1.0665494910465299,0.689608995622653,1979,ok
chapman_cpsc,resnet1d,46,noise24,noise,1.3433957417389242,0.9996997932797349,0.2812103829009953,1979,ok
chapman_cpsc,resnet1d,46,noise12,noise,1.3335172098569803,0.992348596626764,0.2829540671671571,1979,ok
chapman_cpsc,resnet1d,46,noise6,noise,1.315399421069328,0.9788660842568373,0.2935017652183848,1979,ok
chapman_cpsc,resnet1d,46,noise0,noise,1.3493131506601967,1.0041032853346452,0.33505688564404906,1979,ok
chapman_cpsc,resnet1d,46,noise-6,noise,1.8581550950704175,1.3827625075088175,0.4789903813896752,1979,ok
chapman_cpsc,resnet1d,46,gain0.5,gain,1.3479656950062853,1.003100564321904,0.34779047018702175,1979,ok
chapman_cpsc,resnet1d,46,gain2.0,gain,1.8089419318081816,1.3461400978857114,0.2957832469218384,1979,ok
chapman_cpsc,inceptiontime,42,baseline,none,1.43222664517785,1.0,0.38594457868896276,1979,ok
chapman_cpsc,inceptiontime,42,fs250,downsample,2.1422712169405944,1.4957627161548674,0.20725808578631247,1979,ok
chapman_cpsc,inceptiontime,42,fs125,downsample,2.595208922394304,1.8120099434904997,0.1896159144022754,1979,ok
chapman_cpsc,inceptiontime,42,leads6,leads,1.6034796562555358,1.1195711667942192,0.32801249276597394,1979,ok
chapman_cpsc,inceptiontime,42,leads3,leads,2.6358513771533656,1.8403870546801988,0.147664707114458,1979,ok
chapman_cpsc,inceptiontime,42,leads2,leads,1.7290456685855569,1.2072430536096113,0.40251882544507683,1979,ok
chapman_cpsc,inceptiontime,42,leads1,leads,1.949181019988099,1.360944531056434,0.4002368460876406,1979,ok
chapman_cpsc,inceptiontime,42,noise24,noise,1.4301000155782395,0.9985151584724592,0.38682484091820485,1979,ok
chapman_cpsc,inceptiontime,42,noise12,noise,1.3976047792428823,0.975826545294674,0.3990915968626278,1979,ok
chapman_cpsc,inceptiontime,42,noise6,noise,1.3307893561221593,0.9291751138709652,0.42340057919875074,1979,ok
chapman_cpsc,inceptiontime,42,noise0,noise,1.3186407973589207,0.9206928259564501,0.46613636590860485,1979,ok
chapman_cpsc,inceptiontime,42,noise-6,noise,2.895452258354139,2.0216438984030978,0.6820418530189853,1979,ok
chapman_cpsc,inceptiontime,42,gain0.5,gain,1.985783176557825,1.3865006514462912,0.22994582188483298,1979,ok
chapman_cpsc,inceptiontime,42,gain2.0,gain,1.5076141892949877,1.052636602154386,0.5017531389300155,1979,ok
chapman_cpsc,inceptiontime,43,baseline,none,1.263318103660529,1.0,0.42931352735099043,1979,ok
chapman_cpsc,inceptiontime,43,fs250,downsample,1.9744831245346854,1.562934243413056,0.2386963230412784,1979,ok
chapman_cpsc,inceptiontime,43,fs125,downsample,2.3934501087253794,1.8945743766278937,0.3057800175860916,1979,ok
chapman_cpsc,inceptiontime,43,leads6,leads,1.5325382656560345,1.213105599623267,0.35198411049643247,1979,ok
chapman_cpsc,inceptiontime,43,leads3,leads,1.2847946579932013,1.0170001160202191,0.7584694902408926,1979,ok
chapman_cpsc,inceptiontime,43,leads2,leads,1.4745789592012115,1.1672269675614901,0.7880349399426341,1979,ok
chapman_cpsc,inceptiontime,43,leads1,leads,2.4498274124964508,1.9392007487250837,0.6880663514552942,1979,ok
chapman_cpsc,inceptiontime,43,noise24,noise,1.264279101348302,1.0007606933558446,0.42959388292757533,1979,ok
chapman_cpsc,inceptiontime,43,noise12,noise,1.2543669494417629,0.9929145682367492,0.4372799932405217,1979,ok
chapman_cpsc,inceptiontime,43,noise6,noise,1.2460269866331997,0.9863129349787457,0.4585782478447255,1979,ok
chapman_cpsc,inceptiontime,43,noise0,noise,1.2213939923709491,0.9668142875748376,0.5380108741740607,1979,ok
chapman_cpsc,inceptiontime,43,noise-6,noise,1.4186617379507558,1.12296478126935,0.6536414129900625,1979,ok
chapman_cpsc,inceptiontime,43,gain0.5,gain,1.496615399479492,1.1846702704116818,0.4479795313107726,1979,ok
chapman_cpsc,inceptiontime,43,gain2.0,gain,1.3180906621066375,1.0433561098249144,0.5079380225735787,1979,ok
chapman_cpsc,inceptiontime,44,baseline,none,1.6118524350653665,1.0,0.3084986085984722,1979,ok
chapman_cpsc,inceptiontime,44,fs250,downsample,2.8902874006718133,1.7931464058337336,0.16176789961329366,1979,ok
chapman_cpsc,inceptiontime,44,fs125,downsample,2.6463807310520004,1.6418256866948742,0.1766127760354672,1979,ok
chapman_cpsc,inceptiontime,44,leads6,leads,1.662543099986645,1.0314487007734197,0.29404180978593114,1979,ok
chapman_cpsc,inceptiontime,44,leads3,leads,1.673178834124844,1.0380471547676078,0.3619216081240221,1979,ok
chapman_cpsc,inceptiontime,44,leads2,leads,1.4293165920616642,0.8867539986709144,0.611650273289655,1979,ok
chapman_cpsc,inceptiontime,44,leads1,leads,1.6678136129666226,1.0347185490953374,0.4495441448158299,1979,ok
chapman_cpsc,inceptiontime,44,noise24,noise,1.6105904886360274,0.9992170831511087,0.30923401379076165,1979,ok
chapman_cpsc,inceptiontime,44,noise12,noise,1.598024227315,0.9914209220090264,0.3208094329980761,1979,ok
chapman_cpsc,inceptiontime,44,noise6,noise,1.5254185645122975,0.9463760647856305,0.34872670497788644,1979,ok
chapman_cpsc,inceptiontime,44,noise0,noise,1.3148475246524867,0.8157369099356573,0.4931087856713156,1979,ok
chapman_cpsc,inceptiontime,44,noise-6,noise,0.8216059171840489,0.5097277513190777,0.9109668951977064,1979,ok
chapman_cpsc,inceptiontime,44,gain0.5,gain,2.164987417092138,1.343167258983196,0.21772418820652636,1979,ok
chapman_cpsc,inceptiontime,44,gain2.0,gain,1.2938106422051439,0.8026855399779045,0.5883093061301475,1979,ok
chapman_cpsc,inceptiontime,45,baseline,none,1.2438574053340865,1.0,0.38927739155171903,1979,ok
chapman_cpsc,inceptiontime,45,fs250,downsample,2.6729669385534183,2.1489335731658796,0.16563271696765644,1979,ok
chapman_cpsc,inceptiontime,45,fs125,downsample,2.9318603974855915,2.357071144098005,0.1458896375264964,1979,ok
chapman_cpsc,inceptiontime,45,leads6,leads,1.4734118538213674,1.1845504536957956,0.33436100786524336,1979,ok
chapman_cpsc,inceptiontime,45,leads3,leads,1.2432619769648239,0.999521304960915,0.5748194254243255,1979,ok
chapman_cpsc,inceptiontime,45,leads2,leads,1.0907376618832818,0.8768992789734782,0.6928781478203532,1979,ok
chapman_cpsc,inceptiontime,45,leads1,leads,1.209188348983762,0.9721277887628825,0.671350334709268,1979,ok
chapman_cpsc,inceptiontime,45,noise24,noise,1.2434761530490817,0.9996934919683157,0.38979074598328944,1979,ok
chapman_cpsc,inceptiontime,45,noise12,noise,1.2177256624255646,0.9789913676628366,0.4022764119599966,1979,ok
chapman_cpsc,inceptiontime,45,noise6,noise,1.1614379415612912,0.9337388165079434,0.4381738226321931,1979,ok
chapman_cpsc,inceptiontime,45,noise0,noise,1.1299394780645586,0.9084156055340357,0.5414130543214327,1979,ok
chapman_cpsc,inceptiontime,45,noise-6,noise,1.633278940342564,1.3130757057348412,0.6508869936506861,1979,ok
chapman_cpsc,inceptiontime,45,gain0.5,gain,1.6929064015190687,1.361013243366407,0.3103210046271195,1979,ok
chapman_cpsc,inceptiontime,45,gain2.0,gain,1.4600177767438784,1.1737822763950452,0.629908406649877,1979,ok
chapman_cpsc,inceptiontime,46,baseline,none,1.4799010640794665,1.0,0.27244712206378363,1979,ok
chapman_cpsc,inceptiontime,46,fs250,downsample,2.537979208697278,1.7149654597187287,0.16477746450425027,1979,ok
chapman_cpsc,inceptiontime,46,fs125,downsample,2.6851304730682735,1.814398636667302,0.13756366799099015,1979,ok
chapman_cpsc,inceptiontime,46,leads6,leads,1.4851523368964015,1.0035483945139274,0.2586203949664548,1979,ok
chapman_cpsc,inceptiontime,46,leads3,leads,1.2056482270584663,0.8146816407679307,0.5735682549204364,1979,ok
chapman_cpsc,inceptiontime,46,leads2,leads,1.3129449359736154,0.8871842637604279,0.6062151759291831,1979,ok
chapman_cpsc,inceptiontime,46,leads1,leads,1.4044097419886414,0.9489889399209382,0.5377790284086712,1979,ok
chapman_cpsc,inceptiontime,46,noise24,noise,1.478464017840893,0.9990289578989745,0.27334395154155017,1979,ok
chapman_cpsc,inceptiontime,46,noise12,noise,1.4656882669738205,0.990396116706297,0.283907983965971,1979,ok
chapman_cpsc,inceptiontime,46,noise6,noise,1.460042654493757,0.9865812586613268,0.3135269475266662,1979,ok
chapman_cpsc,inceptiontime,46,noise0,noise,1.534435901491264,1.0368503265086302,0.4311817569610217,1979,ok
chapman_cpsc,inceptiontime,46,noise-6,noise,2.67101531997185,1.8048607334661826,0.7420208542527317,1979,ok
chapman_cpsc,inceptiontime,46,gain0.5,gain,1.6279525448094407,1.100041471908844,0.26741421598611675,1979,ok
chapman_cpsc,inceptiontime,46,gain2.0,gain,1.5438736077958946,1.0432275814033694,0.4459850700393452,1979,ok
cpsc_ptbxl,resnet1d,42,baseline,none,2.735393847264204,1.0,0.5900608435362212,1027,ok
cpsc_ptbxl,resnet1d,42,fs250,downsample,3.1169727348354144,1.139496872800546,0.4537154277085371,1027,ok
cpsc_ptbxl,resnet1d,42,fs125,downsample,3.123977528446331,1.1420576717209363,0.42966931318984447,1027,ok
cpsc_ptbxl,resnet1d,42,leads6,leads,2.6893662187529674,0.983173308458937,0.5588849766442244,1027,ok
cpsc_ptbxl,resnet1d,42,leads3,leads,2.696722132689479,0.9858624692698631,0.504127296765471,1027,ok
cpsc_ptbxl,resnet1d,42,leads2,leads,2.7873311945911614,1.0189871551326704,0.5115673437386866,1027,ok
cpsc_ptbxl,resnet1d,42,leads1,leads,2.9469104940424438,1.0773258472412621,0.5776809234157627,1027,ok
cpsc_ptbxl,resnet1d,42,noise24,noise,2.73209329888521,0.9987933918977353,0.5896424117762785,1027,ok
cpsc_ptbxl,resnet1d,42,noise12,noise,2.701659491034835,0.987667459198569,0.5844739903962167,1027,ok
cpsc_ptbxl,resnet1d,42,noise6,noise,2.761107141558369,1.0094002164696987,0.5816139285523423,1027,ok
cpsc_ptbxl,resnet1d,42,noise0,noise,3.2605957619759725,1.1920023016930625,0.6606064216463797,1027,ok
cpsc_ptbxl,resnet1d,42,noise-6,noise,6.256347354480834,2.2871833833866746,0.8933883401323971,1027,ok
cpsc_ptbxl,resnet1d,42,gain0.5,gain,2.6013240290453323,0.9509870147756013,0.5274422221168472,1027,ok
cpsc_ptbxl,resnet1d,42,gain2.0,gain,4.24327539452532,1.5512484239771245,0.7964242925389385,1027,ok
cpsc_ptbxl,resnet1d,43,baseline,none,2.5512353145238826,1.0,0.6833383628959707,1027,ok
cpsc_ptbxl,resnet1d,43,fs250,downsample,2.682771550242979,1.0515578609978766,0.5795912114339185,1027,ok
cpsc_ptbxl,resnet1d,43,fs125,downsample,2.794492313883466,1.0953487112595024,0.5157153461098807,1027,ok
cpsc_ptbxl,resnet1d,43,leads6,leads,2.4245880334103314,0.9503584477713353,0.714162473425883,1027,ok
cpsc_ptbxl,resnet1d,43,leads3,leads,2.32289280071613,0.9104972745917141,0.7649783517169316,1027,ok
cpsc_ptbxl,resnet1d,43,leads2,leads,1.925836300767175,0.7548642376513117,0.9226540526591539,1027,ok
cpsc_ptbxl,resnet1d,43,leads1,leads,1.8245924948368772,0.7151800088567631,1.1293383303309605,1027,ok
cpsc_ptbxl,resnet1d,43,noise24,noise,2.549407208684756,0.9992834428761944,0.6829816406066543,1027,ok
cpsc_ptbxl,resnet1d,43,noise12,noise,2.5539010410417786,1.0010448767711548,0.6718729204246091,1027,ok
cpsc_ptbxl,resnet1d,43,noise6,noise,2.561766823099212,1.0041280036049103,0.6562855180300147,1027,ok
cpsc_ptbxl,resnet1d,43,noise0,noise,2.5636335623798487,1.004859703762089,0.6888133563986503,1027,ok
cpsc_ptbxl,resnet1d,43,noise-6,noise,3.2781265339680505,1.2849173556457383,0.9509568543809256,1027,ok
cpsc_ptbxl,resnet1d,43,gain0.5,gain,2.107004424243983,0.8258761597760326,0.6947039950950937,1027,ok
cpsc_ptbxl,resnet1d,43,gain2.0,gain,3.956667464332195,1.5508829945271423,0.7750286450523108,1027,ok
cpsc_ptbxl,resnet1d,44,baseline,none,3.2499354254623336,1.0,0.601086075785322,1027,ok
cpsc_ptbxl,resnet1d,44,fs250,downsample,3.472833625255619,1.0685854242047212,0.593685494218617,1027,ok
cpsc_ptbxl,resnet1d,44,fs125,downsample,2.7202767854830237,0.8370248726083654,0.7956553946754817,1027,ok
cpsc_ptbxl,resnet1d,44,leads6,leads,3.035155729313358,0.9339126265505965,0.7013602693509803,1027,ok
cpsc_ptbxl,resnet1d,44,leads3,leads,2.4528913736091473,0.7547508034748723,1.008183630796103,1027,ok
cpsc_ptbxl,resnet1d,44,leads2,leads,1.9662702140276582,0.6050182408617975,1.123523112812345,1027,ok
cpsc_ptbxl,resnet1d,44,leads1,leads,2.213837749431775,0.681194380690452,1.1781973043505387,1027,ok
cpsc_ptbxl,resnet1d,44,noise24,noise,3.2386005264444395,0.9965122694656982,0.6025375699075567,1027,ok
cpsc_ptbxl,resnet1d,44,noise12,noise,3.172783003300869,0.9762603214953143,0.6175620843309051,1027,ok
cpsc_ptbxl,resnet1d,44,noise6,noise,3.0640400914354027,0.9428002991781027,0.6408088826325672,1027,ok
cpsc_ptbxl,resnet1d,44,noise0,noise,2.812203558256952,0.865310595473413,0.7320144081806491,1027,ok
cpsc_ptbxl,resnet1d,44,noise-6,noise,2.834805705278546,0.8722652404317445,0.8721894612826596,1027,ok
cpsc_ptbxl,resnet1d,44,gain0.5,gain,2.83101991106145,0.8711003575274764,0.8795066124901276,1027,ok
cpsc_ptbxl,resnet1d,44,gain2.0,gain,3.7096673672181923,1.1414587927359996,0.7065723640087332,1027,ok
cpsc_ptbxl,resnet1d,45,baseline,none,3.124322258460556,1.0,0.5384014951050345,1027,ok
cpsc_ptbxl,resnet1d,45,fs250,downsample,3.815449701427718,1.221208756905794,0.38448356032460407,1027,ok
cpsc_ptbxl,resnet1d,45,fs125,downsample,2.9161888009590546,0.9333828458514857,0.6008607686425336,1027,ok
cpsc_ptbxl,resnet1d,45,leads6,leads,2.9126790381545304,0.9322594781210859,0.6258830359962387,1027,ok
cpsc_ptbxl,resnet1d,45,leads3,leads,1.760928516566175,0.5636193615423767,0.9328807418125576,1027,ok
cpsc_ptbxl,resnet1d,45,leads2,leads,1.865982705953666,0.5972439945657494,0.9678105594636158,1027,ok
cpsc_ptbxl,resnet1d,45,leads1,leads,2.446686423115182,0.7831094940637575,0.9698918209874938,1027,ok
cpsc_ptbxl,resnet1d,45,noise24,noise,3.122300347136681,0.9993528480237914,0.5391870344554351,1027,ok
cpsc_ptbxl,resnet1d,45,noise12,noise,3.043229285659447,0.9740446195710087,0.5500374650397594,1027,ok
cpsc_ptbxl,resnet1d,45,noise6,noise,2.869367154143473,0.9183966687089742,0.5845056655538122,1027,ok
cpsc_ptbxl,resnet1d,45,noise0,noise,2.9024611881713325,0.9289890568463508,0.6501965875956865,1027,ok
cpsc_ptbxl,resnet1d,45,noise-6,noise,3.220677164449301,1.0308402584681589,0.6773465301922504,1027,ok
cpsc_ptbxl,resnet1d,45,gain0.5,gain,2.2849182094090743,0.731332436409719,0.7259689745437816,1027,ok
cpsc_ptbxl,resnet1d,45,gain2.0,gain,2.966638369644568,0.9495302098274321,0.5354226331362488,1027,ok
cpsc_ptbxl,resnet1d,46,baseline,none,3.517769660732684,1.0,0.49771056666793423,1027,ok
cpsc_ptbxl,resnet1d,46,fs250,downsample,3.7305773626985332,1.060495064341855,0.35272472242454694,1027,ok
cpsc_ptbxl,resnet1d,46,fs125,downsample,3.5561717385910225,1.0109165981749755,0.3737532577031327,1027,ok
cpsc_ptbxl,resnet1d,46,leads6,leads,3.0896402286265947,0.8782952059411081,0.5379375096360398,1027,ok
cpsc_ptbxl,resnet1d,46,leads3,leads,2.5043593014474714,0.711916794724377,0.6284285681349423,1027,ok
cpsc_ptbxl,resnet1d,46,leads2,leads,2.4308952927338567,0.691033105398819,0.952790131514578,1027,ok
cpsc_ptbxl,resnet1d,46,leads1,leads,3.7249912511591328,1.0589070946684123,0.9191442817748154,1027,ok
cpsc_ptbxl,resnet1d,46,noise24,noise,3.5150511174804824,0.999227196913275,0.4981642498777829,1027,ok
cpsc_ptbxl,resnet1d,46,noise12,noise,3.470868186250847,0.986667269603983,0.5019711553098154,1027,ok
cpsc_ptbxl,resnet1d,46,noise6,noise,3.363123463696237,0.9560385664920888,0.5094566677288603,1027,ok
cpsc_ptbxl,resnet1d,46,noise0,noise,3.3024730239235236,0.9387974035900013,0.5568633115521282,1027,ok
cpsc_ptbxl,resnet1d,46,noise-6,noise,3.651118009982168,1.037907072409542,0.7136180087677517,1027,ok
cpsc_ptbxl,resnet1d,46,gain0.5,gain,2.730495098348522,0.7762006503233677,0.5707260868992358,1027,ok
cpsc_ptbxl,resnet1d,46,gain2.0,gain,4.136965664205088,1.1760194848412666,0.5538790526992654,1027,ok
cpsc_ptbxl,inceptiontime,42,baseline,none,2.7500469670601704,1.0,0.6841770819539358,1027,ok
cpsc_ptbxl,inceptiontime,42,fs250,downsample,2.6941869705561805,0.9796876209122695,0.5847645224940443,1027,ok
cpsc_ptbxl,inceptiontime,42,fs125,downsample,3.1933476558813934,1.1611974973995138,0.6002084081233373,1027,ok
cpsc_ptbxl,inceptiontime,42,leads6,leads,2.6896884191108703,0.9780518119609339,0.6505947940912432,1027,ok
cpsc_ptbxl,inceptiontime,42,leads3,leads,2.806227990925826,1.0204291143164417,0.6313101197336475,1027,ok
cpsc_ptbxl,inceptiontime,42,leads2,leads,2.1383906728325157,0.7775833280107497,0.813689742753853,1027,ok
cpsc_ptbxl,inceptiontime,42,leads1,leads,2.3202463027552795,0.8437115185838617,0.9182850031263251,1027,ok
cpsc_ptbxl,inceptiontime,42,noise24,noise,2.741710607653636,0.9969686483516876,0.6829154054079483,1027,ok
cpsc_ptbxl,inceptiontime,42,noise12,noise,2.694247641675706,0.9797096827607588,0.6995456692165066,1027,ok
cpsc_ptbxl,inceptiontime,42,noise6,noise,2.6504808331050986,0.9637947514541874,0.7560449381427023,1027,ok
cpsc_ptbxl,inceptiontime,42,noise0,noise,2.8840759204682183,1.0487369688639632,0.8821902868272912,1027,ok
cpsc_ptbxl,inceptiontime,42,noise-6,noise,10.47591372899657,3.8093581144162907,0.7081167588494967,1027,ok
cpsc_ptbxl,inceptiontime,42,gain0.5,gain,2.957604659037613,1.0754742353361781,0.513146853206199,1027,ok
cpsc_ptbxl,inceptiontime,42,gain2.0,gain,4.5019145241026015,1.6370318681921263,0.9189992117252109,1027,ok
cpsc_ptbxl,inceptiontime,43,baseline,none,2.820685505967507,1.0,0.6528058847626133,1027,ok
cpsc_ptbxl,inceptiontime,43,fs250,downsample,3.044040565402582,1.079184673003261,0.6394001245353008,1027,ok
cpsc_ptbxl,inceptiontime,43,fs125,downsample,3.5813381566926323,1.2696694293340647,0.7396275474604579,1027,ok
cpsc_ptbxl,inceptiontime,43,leads6,leads,2.7576767979808334,0.9776619166321906,0.6610819199243898,1027,ok
cpsc_ptbxl,inceptiontime,43,leads3,leads,2.6621370165068883,0.943790795136434,0.7627198114988981,1027,ok
cpsc_ptbxl,inceptiontime,43,leads2,leads,2.7811493569309405,0.9859834962270969,0.9312068413982781,1027,ok
cpsc_ptbxl,inceptiontime,43,leads1,leads,3.092583368964669,1.0963942497034598,0.9731487620795632,1027,ok
cpsc_ptbxl,inceptiontime,43,noise24,noise,2.8215688368002776,1.0003131617583392,0.6544112998965735,1027,ok
cpsc_ptbxl,inceptiontime,43,noise12,noise,2.824152129041176,1.0012290002080468,0.6826710797422805,1027,ok
cpsc_ptbxl,inceptiontime,43,noise6,noise,3.168841913585863,1.1234297148270476,0.7900501937524808,1027,ok
cpsc_ptbxl,inceptiontime,43,noise0,noise,9.547692560355237,3.3848837596945565,0.7028919401162287,1027,ok
cpsc_ptbxl,inceptiontime,43,noise-6,noise,18.564838730451026,6.581676224157151,0.3147723669058679,1027,ok
cpsc_ptbxl,inceptiontime,43,gain0.5,gain,3.1138758467229395,1.1039429387413635,0.6185773334889295,1027,ok
cpsc_ptbxl,inceptiontime,43,gain2.0,gain,4.078102604880428,1.445784223818182,0.7939003582181449,1027,ok
cpsc_ptbxl,inceptiontime,44,baseline,none,3.045572620744105,1.0,0.5766008344884451,1027,ok
cpsc_ptbxl,inceptiontime,44,fs250,downsample,3.0021180112361994,0.9857318754404587,0.5814538940422451,1027,ok
cpsc_ptbxl,inceptiontime,44,fs125,downsample,3.2527455649204655,1.0680242995242528,0.6524761851954604,1027,ok
cpsc_ptbxl,inceptiontime,44,leads6,leads,2.860495219940584,0.9392306722411032,0.6088108199935383,1027,ok
cpsc_ptbxl,inceptiontime,44,leads3,leads,2.5599231361562316,0.8405391875143605,0.8405534372098465,1027,ok
cpsc_ptbxl,inceptiontime,44,leads2,leads,1.589644116243313,0.5219524582720099,1.0054750140669717,1027,ok
cpsc_ptbxl,inceptiontime,44,leads1,leads,1.9244858662191668,0.6318962329484593,1.063124378013607,1027,ok
cpsc_ptbxl,inceptiontime,44,noise24,noise,3.022300952665942,0.9923588530052924,0.5778554528009541,1027,ok
cpsc_ptbxl,inceptiontime,44,noise12,noise,2.9989609997696296,0.9846952849992829,0.5904446752483402,1027,ok
cpsc_ptbxl,inceptiontime,44,noise6,noise,3.290639123429144,1.0804664781315125,0.6327763154099728,1027,ok
cpsc_ptbxl,inceptiontime,44,noise0,noise,5.488346341666493,1.8020737066928194,0.8087254185944215,1027,ok
cpsc_ptbxl,inceptiontime,44,noise-6,noise,15.622015094512175,5.129418024087487,0.3945516524398708,1027,ok
cpsc_ptbxl,inceptiontime,44,gain0.5,gain,2.4965656283745057,0.8197360362940668,0.679914055793261,1027,ok
cpsc_ptbxl,inceptiontime,44,gain2.0,gain,5.749455724816412,1.887807792089911,0.7577786123810442,1027,ok
cpsc_ptbxl,inceptiontime,45,baseline,none,3.1687508769300905,1.0,0.6495679664525552,1027,ok
cpsc_ptbxl,inceptiontime,45,fs250,downsample,3.349446845688865,1.0570243530579577,0.6232973271879103,1027,ok
cpsc_ptbxl,inceptiontime,45,fs125,downsample,3.473151584804669,1.0960633131783095,0.6450338706279489,1027,ok
cpsc_ptbxl,inceptiontime,45,leads6,leads,3.217514689468285,1.0153889701122347,0.7047846044102369,1027,ok
cpsc_ptbxl,inceptiontime,45,leads3,leads,2.1765043208765804,0.6868650788304299,0.8930277454921098,1027,ok
cpsc_ptbxl,inceptiontime,45,leads2,leads,1.928855569084359,0.6087116482167411,1.0956147839110977,1027,ok
cpsc_ptbxl,inceptiontime,45,leads1,leads,1.7392085249928468,0.5488624989913391,1.1708671816855518,1027,ok
cpsc_ptbxl,inceptiontime,45,noise24,noise,3.1746658398065324,1.0018666544345614,0.6506603579304266,1027,ok
cpsc_ptbxl,inceptiontime,45,noise12,noise,3.321267828839888,1.0481315691366553,0.6569929220514793,1027,ok
cpsc_ptbxl,inceptiontime,45,noise6,noise,3.711213942586019,1.171191452633686,0.6867543109560417,1027,ok
cpsc_ptbxl,inceptiontime,45,noise0,noise,7.37256021890195,2.326645579044239,0.7286438287163499,1027,ok
cpsc_ptbxl,inceptiontime,45,noise-6,noise,11.60568909719038,3.6625438691583283,0.42194825447207923,1027,ok
cpsc_ptbxl,inceptiontime,45,gain0.5,gain,2.4884446303279537,0.785307752794621,0.78471646785907,1027,ok
cpsc_ptbxl,inceptiontime,45,gain2.0,gain,5.112442059732942,1.6133934974042243,0.7742388895344501,1027,ok
cpsc_ptbxl,inceptiontime,46,baseline,none,2.7373150664726684,1.0,0.6712010894209615,1027,ok
cpsc_ptbxl,inceptiontime,46,fs250,downsample,2.681665328974159,0.9796699553587669,0.5813768804718845,1027,ok
cpsc_ptbxl,inceptiontime,46,fs125,downsample,2.808667199717082,1.0260664671445214,0.7369852973352036,1027,ok
cpsc_ptbxl,inceptiontime,46,leads6,leads,2.609500766024085,0.9533066901891984,0.7024104974132728,1027,ok
cpsc_ptbxl,inceptiontime,46,leads3,leads,2.130150372932719,0.7781896936247285,0.7962777770763455,1027,ok
cpsc_ptbxl,inceptiontime,46,leads2,leads,2.1039037736931294,0.768601247062232,0.8756325590020658,1027,ok
cpsc_ptbxl,inceptiontime,46,leads1,leads,2.5786538391932057,0.9420376451279628,1.0311286077527857,1027,ok
cpsc_ptbxl,inceptiontime,46,noise24,noise,2.7154362227197915,0.9920071883500534,0.6712222746288895,1027,ok
cpsc_ptbxl,inceptiontime,46,noise12,noise,2.6403010210519784,0.9645586850381446,0.6845191892258015,1027,ok
cpsc_ptbxl,inceptiontime,46,noise6,noise,2.72569229539429,0.9957539520310478,0.750359188559812,1027,ok
cpsc_ptbxl,inceptiontime,46,noise0,noise,4.41093092868168,1.6114078290467488,0.8518243497681633,1027,ok
cpsc_ptbxl,inceptiontime,46,noise-6,noise,25.989630686038304,9.494570429383856,0.4227349109446728,1027,ok
cpsc_ptbxl,inceptiontime,46,gain0.5,gain,2.756074134324753,1.0068530904906967,0.6141352430520274,1027,ok
cpsc_ptbxl,inceptiontime,46,gain2.0,gain,3.9602888247288304,1.4467785872497674,0.7973227889852136,1027,ok
cpsc_chapman,resnet1d,42,baseline,none,2.060530990563663,1.0,0.7953344507142155,1027,ok
cpsc_chapman,resnet1d,42,fs250,downsample,2.0418674622345776,0.9909423695083663,0.7085461422983487,1027,ok
cpsc_chapman,resnet1d,42,fs125,downsample,2.3487087205288755,1.1398560522918322,0.6405340860769796,1027,ok
cpsc_chapman,resnet1d,42,leads6,leads,2.1209615312846406,1.029327654375364,0.6958413570839946,1027,ok
cpsc_chapman,resnet1d,42,leads3,leads,2.177475338561927,1.0567544718006274,0.8047648350200568,1027,ok
cpsc_chapman,resnet1d,42,leads2,leads,2.152648538343646,1.044705732746482,0.8446621697482138,1027,ok
cpsc_chapman,resnet1d,42,leads1,leads,2.3481496923590095,1.1395847493255453,0.8331336692550022,1027,ok
cpsc_chapman,resnet1d,42,noise24,noise,2.065914695325162,1.0026127754380565,0.7946927123167389,1027,ok
cpsc_chapman,resnet1d,42,noise12,noise,2.0625632367502558,1.000986273050927,0.8023443003050816,1027,ok
cpsc_chapman,resnet1d,42,noise6,noise,2.1617380639008825,1.0491169867382262,0.8359219843452882,1027,ok
cpsc_chapman,resnet1d,42,noise0,noise,6.6823921255969,3.243043737851725,0.7037878080257746,1027,ok
cpsc_chapman,resnet1d,42,noise-6,noise,11.470415321569542,5.566727884268211,0.605404784310201,1027,ok
cpsc_chapman,resnet1d,42,gain0.5,gain,1.9449403895477455,0.9439025175815009,0.7659933639391733,1027,ok
cpsc_chapman,resnet1d,42,gain2.0,gain,3.8726005686260807,1.8794187451491433,0.9319484352484962,1027,ok
cpsc_chapman,resnet1d,43,baseline,none,2.5513717677375434,1.0,0.5668400249258077,1027,ok
cpsc_chapman,resnet1d,43,fs250,downsample,3.2814276847499624,1.2861425082161992,0.38968590698647393,1027,ok
cpsc_chapman,resnet1d,43,fs125,downsample,3.4074667395280676,1.335543013611723,0.4525891905824412,1027,ok
cpsc_chapman,resnet1d,43,leads6,leads,2.576747376869971,1.009945868906016,0.5575964084971817,1027,ok
cpsc_chapman,resnet1d,43,leads3,leads,2.3200609364583564,0.9093386411952405,0.5948142391741783,1027,ok
cpsc_chapman,resnet1d,43,leads2,leads,2.3432765041187635,0.9184378904516488,0.8084065072760922,1027,ok
cpsc_chapman,resnet1d,43,leads1,leads,3.107561533027185,1.2179963627107346,0.9185056148039397,1027,ok
cpsc_chapman,resnet1d,43,noise24,noise,2.5520316731040693,1.0002586472794246,0.5666540075836201,1027,ok
cpsc_chapman,resnet1d,43,noise12,noise,2.5692275187043077,1.0069984904562137,0.5649029523956218,1027,ok
cpsc_chapman,resnet1d,43,noise6,noise,2.7032296074052256,1.0595200752739942,0.5570374860630316,1027,ok
cpsc_chapman,resnet1d,43,noise0,noise,3.1043464341565095,1.2167362175169487,0.6200220219001841,1027,ok
cpsc_chapman,resnet1d,43,noise-6,noise,4.278429656045771,1.6769134589271224,0.7031214895732776,1027,ok
cpsc_chapman,resnet1d,43,gain0.5,gain,2.150436645514982,0.8428550761231888,0.639376252789996,1027,ok
cpsc_chapman,resnet1d,43,gain2.0,gain,3.2185254043856495,1.2614882100226859,0.5906709165666418,1027,ok
cpsc_chapman,resnet1d,44,baseline,none,3.129226923583734,1.0,0.6886055199484381,1027,ok
cpsc_chapman,resnet1d,44,fs250,downsample,2.8250202514633687,0.9027853589563348,0.664781219919888,1027,ok
cpsc_chapman,resnet1d,44,fs125,downsample,2.833898916826559,0.905622694048998,0.6802776787761607,1027,ok
cpsc_chapman,resnet1d,44,leads6,leads,2.8548721061503586,0.9123250489232108,0.6520459115900605,1027,ok
cpsc_chapman,resnet1d,44,leads3,leads,2.328530577128914,0.7441232719748475,0.5711742746464573,1027,ok
cpsc_chapman,resnet1d,44,leads2,leads,2.447481435494326,0.7821361298692133,0.5813043911451836,1027,ok
cpsc_chapman,resnet1d,44,leads1,leads,2.334365854966324,0.7459880385705302,0.7987561915799207,1027,ok
cpsc_chapman,resnet1d,44,noise24,noise,3.1307276091666063,1.0004795707117187,0.6895320421221119,1027,ok
cpsc_chapman,resnet1d,44,noise12,noise,3.1360751182248587,1.0021884621372494,0.7003329093537175,1027,ok
cpsc_chapman,resnet1d,44,noise6,noise,3.262760183660358,1.0426729231652192,0.7331474991960402,1027,ok
cpsc_chapman,resnet1d,44,noise0,noise,4.929516309388041,1.575314424222879,0.8791847704835297,1027,ok
cpsc_chapman,resnet1d,44,noise-6,noise,6.945144827245022,2.219444289866688,0.765408601131535,1027,ok
cpsc_chapman,resnet1d,44,gain0.5,gain,2.447398064692835,0.7821094872499571,0.5921078698089763,1027,ok
cpsc_chapman,resnet1d,44,gain2.0,gain,9.84458302558486,3.146011224494513,0.8267795937826242,1027,ok
cpsc_chapman,resnet1d,45,baseline,none,2.7420416729172334,1.0,0.6263949493801957,1027,ok
cpsc_chapman,resnet1d,45,fs250,downsample,2.4265005073217356,0.8849247373911001,0.5698670890222032,1027,ok
cpsc_chapman,resnet1d,45,fs125,downsample,2.51052308611446,0.9155670794177017,0.7142383502508296,1027,ok
cpsc_chapman,resnet1d,45,leads6,leads,2.3557126855219024,0.8591090021676004,0.6508401359598426,1027,ok
cpsc_chapman,resnet1d,45,leads3,leads,2.4976791095602966,0.9108829870200471,0.8871420429212642,1027,ok
cpsc_chapman,resnet1d,45,leads2,leads,3.404381026414695,1.2415497036530465,0.8794396181249258,1027,ok
cpsc_chapman,resnet1d,45,leads1,leads,3.226504086548172,1.176679449629051,1.0346168165898642,1027,ok
cpsc_chapman,resnet1d,45,noise24,noise,2.7331013232620043,0.9967395281612487,0.6255836258748511,1027,ok
cpsc_chapman,resnet1d,45,noise12,noise,2.6624428888343386,0.9709709794460525,0.6239663832376449,1027,ok
cpsc_chapman,resnet1d,45,noise6,noise,2.608340926544039,0.951240439671746,0.6176872362871496,1027,ok
cpsc_chapman,resnet1d,45,noise0,noise,2.8970993909564084,1.056548271884654,0.6206743337729966,1027,ok
cpsc_chapman,resnet1d,45,noise-6,noise,4.572793064084311,1.6676599445038185,0.8369145821500192,1027,ok
cpsc_chapman,resnet1d,45,gain0.5,gain,2.0925272043587544,0.7631274261898922,0.7179237785958122,1027,ok
cpsc_chapman,resnet1d,45,gain2.0,gain,3.832297626431889,1.3976073610707536,0.6617381617019192,1027,ok
cpsc_chapman,resnet1d,46,baseline,none,3.182498004378729,1.0,0.5827735309485106,1027,ok
cpsc_chapman,resnet1d,46,fs250,downsample,3.346961403658664,1.051677455587923,0.41206912929350625,1027,ok
cpsc_chapman,resnet1d,46,fs125,downsample,3.3901124682496917,1.0652363217778331,0.41786940863853056,1027,ok
cpsc_chapman,resnet1d,46,leads6,leads,2.9400400494531165,0.9238152059822127,0.6100585045840341,1027,ok
cpsc_chapman,resnet1d,46,leads3,leads,2.6763203671801383,0.8409495822143008,0.6676064620955463,1027,ok
cpsc_chapman,resnet1d,46,leads2,leads,3.7015281243097027,1.1630889066440422,0.7657728969370022,1027,ok
cpsc_chapman,resnet1d,46,leads1,leads,4.580365683159416,1.439235995390222,0.7809251373837061,1027,ok
cpsc_chapman,resnet1d,46,noise24,noise,3.1775342113973597,0.9984402840238894,0.583256377289832,1027,ok
cpsc_chapman,resnet1d,46,noise12,noise,3.0917232769254612,0.9714768941478131,0.5854521929366571,1027,ok
cpsc_chapman,resnet1d,46,noise6,noise,3.0015532137302685,0.9431437850394556,0.5989301450532077,1027,ok
cpsc_chapman,resnet1d,46,noise0,noise,2.857806077624137,0.8979757642242491,0.7068744911631671,1027,ok
cpsc_chapman,resnet1d,46,noise-6,noise,4.965986044131681,1.5604050771749394,1.0055843057875666,1027,ok
cpsc_chapman,resnet1d,46,gain0.5,gain,2.5325042522819583,0.7957598869810888,0.6107838461809351,1027,ok
cpsc_chapman,resnet1d,46,gain2.0,gain,3.893213864998729,1.2233201276613972,0.6845592669703746,1027,ok
cpsc_chapman,inceptiontime,42,baseline,none,2.7500469670601704,1.0,0.6841770819539358,1027,ok
cpsc_chapman,inceptiontime,42,fs250,downsample,2.6941869705561805,0.9796876209122695,0.5847645224940443,1027,ok
cpsc_chapman,inceptiontime,42,fs125,downsample,3.1933476558813934,1.1611974973995138,0.6002084081233373,1027,ok
cpsc_chapman,inceptiontime,42,leads6,leads,2.6896884191108703,0.9780518119609339,0.6505947940912432,1027,ok
cpsc_chapman,inceptiontime,42,leads3,leads,2.806227990925826,1.0204291143164417,0.6313101197336475,1027,ok
cpsc_chapman,inceptiontime,42,leads2,leads,2.1383906728325157,0.7775833280107497,0.813689742753853,1027,ok
cpsc_chapman,inceptiontime,42,leads1,leads,2.3202463027552795,0.8437115185838617,0.9182850031263251,1027,ok
cpsc_chapman,inceptiontime,42,noise24,noise,2.741314289583866,0.9968245351512524,0.6829038381858057,1027,ok
cpsc_chapman,inceptiontime,42,noise12,noise,2.690888796119627,0.9784883052365523,0.6985782036699285,1027,ok
cpsc_chapman,inceptiontime,42,noise6,noise,2.6035267559134843,0.9467208331705993,0.7556766280056115,1027,ok
cpsc_chapman,inceptiontime,42,noise0,noise,2.943095269865197,1.070198183928254,0.8784015074834308,1027,ok
cpsc_chapman,inceptiontime,42,noise-6,noise,9.892255993920811,3.5971225627814416,0.7176835637876477,1027,ok
cpsc_chapman,inceptiontime,42,gain0.5,gain,2.957604659037613,1.0754742353361781,0.513146853206199,1027,ok
cpsc_chapman,inceptiontime,42,gain2.0,gain,4.5019145241026015,1.6370318681921263,0.9189992117252109,1027,ok
cpsc_chapman,inceptiontime,43,baseline,none,2.820685505967507,1.0,0.6528058847626133,1027,ok
cpsc_chapman,inceptiontime,43,fs250,downsample,3.044040565402582,1.079184673003261,0.6394001245353008,1027,ok
cpsc_chapman,inceptiontime,43,fs125,downsample,3.5813381566926323,1.2696694293340647,0.7396275474604579,1027,ok
cpsc_chapman,inceptiontime,43,leads6,leads,2.7576767979808334,0.9776619166321906,0.6610819199243898,1027,ok
cpsc_chapman,inceptiontime,43,leads3,leads,2.6621370165068883,0.943790795136434,0.7627198114988981,1027,ok
cpsc_chapman,inceptiontime,43,leads2,leads,2.7811493569309405,0.9859834962270969,0.9312068413982781,1027,ok
cpsc_chapman,inceptiontime,43,leads1,leads,3.092583368964669,1.0963942497034598,0.9731487620795632,1027,ok
cpsc_chapman,inceptiontime,43,noise24,noise,2.8189540250243588,0.9993861488849128,0.6548117887415899,1027,ok
cpsc_chapman,inceptiontime,43,noise12,noise,2.8499105634438004,1.0103609769378628,0.6831413604235155,1027,ok
cpsc_chapman,inceptiontime,43,noise6,noise,3.1987807852666377,1.1340437558526903,0.788919560491125,1027,ok
cpsc_chapman,inceptiontime,43,noise0,noise,9.586171391370327,3.398525419118722,0.7066056025396816,1027,ok
cpsc_chapman,inceptiontime,43,noise-6,noise,19.662872140733295,6.970955145170942,0.31438273236411673,1027,ok
cpsc_chapman,inceptiontime,43,gain0.5,gain,3.1138758467229395,1.1039429387413635,0.6185773334889295,1027,ok
cpsc_chapman,inceptiontime,43,gain2.0,gain,4.078102604880428,1.445784223818182,0.7939003582181449,1027,ok
cpsc_chapman,inceptiontime,44,baseline,none,2.4961150801808736,1.0,0.7167632995971216,1027,ok
cpsc_chapman,inceptiontime,44,fs250,downsample,2.6401899078006186,1.0577196254947128,0.6234265979616984,1027,ok
cpsc_chapman,inceptiontime,44,fs125,downsample,2.95802088495878,1.1850498834951295,0.6482120667381881,1027,ok
cpsc_chapman,inceptiontime,44,leads6,leads,2.3547763103907284,0.9433765009825175,0.7807699775219861,1027,ok
cpsc_chapman,inceptiontime,44,leads3,leads,2.9709532663520175,1.190230887165962,0.65474402814062,1027,ok
cpsc_chapman,inceptiontime,44,leads2,leads,2.389018532389552,0.9570947074348988,0.8885300756590949,1027,ok
cpsc_chapman,inceptiontime,44,leads1,leads,2.797163574560229,1.1206068168770251,1.0091620167408584,1027,ok
cpsc_chapman,inceptiontime,44,noise24,noise,2.4923127186288325,0.9984766882015049,0.7197558188636936,1027,ok
cpsc_chapman,inceptiontime,44,noise12,noise,2.5617441300509514,1.0262924776149833,0.7395200331732535,1027,ok
cpsc_chapman,inceptiontime,44,noise6,noise,2.8214936501090953,1.130353993897046,0.7952011750122928,1027,ok
cpsc_chapman,inceptiontime,44,noise0,noise,3.1537184051894056,1.2634507239789925,0.9529392363430854,1027,ok
cpsc_chapman,inceptiontime,44,noise-6,noise,5.7023545291441815,2.284491838706001,1.0278559911793845,1027,ok
cpsc_chapman,inceptiontime,44,gain0.5,gain,2.9763423507076405,1.1923898759074716,0.6227215849090171,1027,ok
cpsc_chapman,inceptiontime,44,gain2.0,gain,3.1462149097567296,1.2604446544703174,0.95811459882469,1027,ok
cpsc_chapman,inceptiontime,45,baseline,none,3.437562736300545,1.0,0.5825699968846033,1027,ok
cpsc_chapman,inceptiontime,45,fs250,downsample,3.327153775076048,0.9678816156404704,0.5861964881378497,1027,ok
cpsc_chapman,inceptiontime,45,fs125,downsample,3.390679007245786,0.9863613459153288,0.6028435684410579,1027,ok
cpsc_chapman,inceptiontime,45,leads6,leads,3.049325023525055,0.8870601811348159,0.6249594378898015,1027,ok
cpsc_chapman,inceptiontime,45,leads3,leads,2.492542526007723,0.7250900469936327,0.6392773837256868,1027,ok
cpsc_chapman,inceptiontime,45,leads2,leads,2.042056906719912,0.594042076717862,0.7773132075224032,1027,ok
cpsc_chapman,inceptiontime,45,leads1,leads,2.245112967798132,0.653111852793206,1.04080058744733,1027,ok
cpsc_chapman,inceptiontime,45,noise24,noise,3.4150271782438106,0.9934443209374014,0.5819452958320687,1027,ok
cpsc_chapman,inceptiontime,45,noise12,noise,3.318706547340707,0.9654242851469383,0.5847503393699596,1027,ok
cpsc_chapman,inceptiontime,45,noise6,noise,3.5110929096730152,1.0213902055069406,0.6389735148074176,1027,ok
cpsc_chapman,inceptiontime,45,noise0,noise,8.692593460549066,2.5287083109074855,0.737431496408179,1027,ok
cpsc_chapman,inceptiontime,45,noise-6,noise,22.413903003132255,6.52028914743641,0.30387281103856645,1027,ok
cpsc_chapman,inceptiontime,45,gain0.5,gain,2.9733842809969264,0.8649687319443191,0.5447185617725478,1027,ok
cpsc_chapman,inceptiontime,45,gain2.0,gain,6.106131321352599,1.776296693256551,0.7390768821732122,1027,ok
cpsc_chapman,inceptiontime,46,baseline,none,2.195875555869877,1.0,0.8603109099950869,1027,ok
cpsc_chapman,inceptiontime,46,fs250,downsample,2.1975801213661033,1.000776257785497,0.6827953390836704,1027,ok
cpsc_chapman,inceptiontime,46,fs125,downsample,2.4387635814948867,1.1106110157179612,0.6891094026388732,1027,ok
cpsc_chapman,inceptiontime,46,leads6,leads,2.135549134237558,0.9725273950652359,0.7992202527687188,1027,ok
cpsc_chapman,inceptiontime,46,leads3,leads,1.7886424158432064,0.8145463485223102,0.9367083818938658,1027,ok
cpsc_chapman,inceptiontime,46,leads2,leads,2.357978221416124,1.0738214263157693,0.9931485378728783,1027,ok
cpsc_chapman,inceptiontime,46,leads1,leads,3.442692194479227,1.5677993159842043,0.8994623263464119,1027,ok
cpsc_chapman,inceptiontime,46,noise24,noise,2.193209092545967,0.9987856947007848,0.8619281663513435,1027,ok
cpsc_chapman,inceptiontime,46,noise12,noise,2.199149021815478,1.0014907338154253,0.8976341271066279,1027,ok
cpsc_chapman,inceptiontime,46,noise6,noise,2.557800266897945,1.1648202285692346,0.9729074334103339,1027,ok
cpsc_chapman,inceptiontime,46,noise0,noise,4.513109330789593,2.0552664374469822,0.9810669023362746,1027,ok
cpsc_chapman,inceptiontime,46,noise-6,noise,6.4729828147587005,2.9477912796358288,1.0174052031329277,1027,ok
cpsc_chapman,inceptiontime,46,gain0.5,gain,1.990033213975806,0.9062595594983395,0.711817260010609,1027,ok
cpsc_chapman,inceptiontime,46,gain2.0,gain,4.234018412738311,1.9281686530095927,0.960272937832553,1027,ok
